category_id,category_name,product_id,name,price,regular_price,sale_price,coupon_price,image_url
111,일반소파,574524,[오늘의집 단독] 한샘몰pick 눕 리세 아쿠아텍스 3인용 패브릭 소파 3colors,279900,436000,279900,,https://image.ohou.se/image/central_crop/bucketplace-v2-development/uploads-productions-165882516717645937.jpg/640/640
111,일반소파,1502238,[오늘의집 단독] 한샘몰pick 눕 데일리 구스 아쿠아텍스 패브릭 모듈 3인 4인 소파,444900,754000,444900,,https://prs.ohouse.com/apne2/any/uploads/productions/v1-502743520469120.jpg?w=640
111,일반소파,2720406,[오늘의집단독] 포레스트 3/4인 기능성 워셔블 패브릭 구스 모듈소파,399000,650000,399000,359000.0,https://prs.ohouse.com/apne2/any/uploads/productions/v1-505268627533952.jpg?w=640
111,일반소파,799489,[오늘의집 단독]/ 매스 아쿠아텍스 2인용 패브릭 소파(쿠션증정),99000,388000,99000,94000.0,https://image.ohou.se/image/central_crop/bucketplace-v2-development/uploads-productions-168733741647995802.jpg/640/640
111,일반소파,3326382,[오늘의집 단독] 고스트 독일 타이보 아쿠아텍스 패브릭 3인 4인용소파(쿠션2개),239000,774600,239000,219000.0,https://prs.ohou.se/apne2/any/uploads/productions/v1-332187104423936.jpg?w=640
111,일반소파,2088501,앤고 아쿠아텍스 2인용 패브릭 소파+쿠션증정,99000,450000,99000,94000.0,https://prs.ohouse.com/apne2/any/uploads/productions/v1-524341577420928.jpg?w=640
111,일반소파,2471071,[오늘의집 단독] 리움 아쿠아텍스 패브릭 1인소파 암체어 모듈소파,139000,149000,139000,129000.0,https://prs.ohouse.com/apne2/any/uploads/productions/v1-395871830048896.jpg?w=640
111,일반소파,1443526,[오늘의집 단독]/ 하임 3인용 프리미엄 패브릭 모듈 소파(쿠션 증정),299000,1270000,299000,269000.0,https://prs.ohou.se/apne2/any/uploads/productions/v1-350574959280128.png?w=640
111,일반소파,3381784,[오늘의집 단독] 까유 갤럭시 기능성 패브릭 소파 1인/2인/3인/스,179000,270000,179000,164000.0,https://prs.ohouse.com/apne2/any/uploads/productions/v1-526766902857728.jpg?w=640
111,일반소파,3550603,[오늘의집 단독] 툰 가죽 소파 1인용/2인용/3인용 블랙 인테리어,199000,300000,199000,189000.0,https://prs.ohouse.com/apne2/any/uploads/productions/v1-410828301168768.jpg?w=640
111,일반소파,2121820,몽드 4인용 아쿠아텍스 이지클린 조야 패브릭 스윙 소파(쿠션증정),619000,1649000,619000,599000.0,https://prs.ohouse.com/apne2/any/uploads/productions/v1-458149317369984.jpg?w=640
111,일반소파,4066870,[오늘의집 단독] 모보 패브릭 모듈 소파 4types / 4colors,99000,124000,99000,93060.0,https://prs.ohouse.com/apne2/any/uploads/productions/v1-512376178053248.jpg?w=640
111,일반소파,3064560,[오늘의집 단독] 35.9만 아워 3인 4인용 스윙 소파 아쿠아텍스 조야 패브릭(쿠션5개),379000,1420000,379000,359000.0,https://prs.ohou.se/apne2/any/uploads/productions/v1-337911328686080.jpg?w=640
111,일반소파,728050,모아나 아쿠아텍스 3인용 소파 3colors(스툴포함),185900,599000,185900,,https://prs.ohouse.com/apne2/any/uploads/productions/v1-494639421325312.jpg?w=640
111,일반소파,3559316,아크 아쿠아텍스 패브릭 소파 2인용/3인용 모듈 쇼파 3colors,149000,300000,149000,141550.0,https://prs.ohouse.com/apne2/any/uploads/productions/v1-457460447694912.jpg?w=640
111,일반소파,448894,[한정특가] 폴 아쿠아텍스 3인용 패브릭 소파 (스툴무료증정),159000,409000,159000,,https://prs.ohouse.com/apne2/any/uploads/productions/v1-385983858737216.jpg?w=640
111,일반소파,3559301,리오 아쿠아텍스 패브릭 소파 2인용/3인용 모듈 소파 (쿠션증정),139000,270000,139000,132050.0,https://prs.ohouse.com/apne2/any/uploads/productions/v1-467052162375680.jpg?w=640
111,일반소파,3043031,[오늘의집 단독]ㅣ마일드 3/4인용 구스 스윙 갤럭시 패브릭 모듈소파,429000,858000,429000,379000.0,https://prs.ohou.se/apne2/any/uploads/productions/v1-279819262238784.jpg?w=640
111,일반소파,2987676,[오늘의집 단독] 한샘몰pick 눕 데일리 구스 시그니처 패브릭 모듈 소파 3인 4인 쇼파,555900,846000,555900,,https://prs.ohouse.com/apne2/any/uploads/productions/v1-516152465711168.jpg?w=640
111,일반소파,1238300,"[오늘의집 단독] 스툴,쿠션 무료 증정/ 무디 아쿠아텍스 2인용 소파",132000,449000,132000,,https://prs.ohouse.com/apne2/any/uploads/productions/v1-412901019861120.jpg?w=640
111,일반소파,3093887,르카 1인용/2인용/4인용 가죽 소파 2colors (스툴선택),199000,300000,199000,179000.0,https://prs.ohouse.com/apne2/any/uploads/productions/v1-426261064917120.png?w=640
111,일반소파,3915733,타로 코듀로이 패브릭 1인용/2인용/3인용 소파 7colors,179000,270000,179000,170050.0,https://prs.ohouse.com/apne2/any/uploads/productions/v1-483207832035328.jpg?w=640
111,일반소파,3108926,론디 2인 세트 패브릭 아쿠아텍스 소파,107900,212000,107900,104663.0,https://prs.ohouse.com/apne2/any/uploads/productions/v1-504899506933824.jpg?w=640
111,일반소파,552809,누적판매 3만건! 스테이 아쿠아텍스 2인용 소파 2colors,109900,199000,109900,98910.0,https://prs.ohouse.com/apne2/any/uploads/productions/v1-430932797276288.jpg?w=640
111,일반소파,3123994,누베스 아쿠아텍스 패브릭 2인용/3인용 소파 (스툴 선택),239000,439000,239000,219000.0,https://prs.ohou.se/apne2/any/uploads/productions/v1-308457718386752.jpg?w=640
111,일반소파,1502240,한샘몰pick 눕 데일리 구스 아쿠아텍스 패브릭 모듈 소파 1인암리스 3colors,169900,284000,169900,,https://prs.ohouse.com/apne2/any/uploads/productions/v1-512583892406400.jpg?w=640
111,일반소파,2997239,[오늘의집 단독] 하늘 N1 아쿠아텍스 1인/2인/3인 패브릭 소파 (스툴선택),249000,453000,249000,,https://prs.ohou.se/apne2/any/uploads/productions/v1-280132861222912.jpg?w=640
111,일반소파,3974604,[24.9만] 오브 코듀로이 패브릭 압축 소파 1.5인/2인/3인 4color,269000,450000,269000,249000.0,https://prs.ohouse.com/apne2/any/uploads/productions/v1-516881696141440.jpg?w=640
111,일반소파,1992796,메리 4인 무빙헤드레스트 가죽 소파 3colors (스툴선택),499000,908000,499000,489000.0,https://prs.ohouse.com/apne2/any/uploads/productions/v1-524728441077824.jpg?w=640
111,일반소파,3417592,[오늘의집 단독] 세니아 3.5인용 기능성 프리미엄 원단 패브릭 소파 쿠션 2p 스툴 세트,289000,429000,289000,269000.0,https://prs.ohouse.com/apne2/any/uploads/productions/v1-363615019122688.jpg?w=640
111,일반소파,3504655,오뉴 클래식 덕다운 모듈 아쿠아텍스 패브릭 3인 4인 소파,197900,499000,197900,186026.0,https://prs.ohouse.com/apne2/any/uploads/productions/v1-390949332820032.jpg?w=640
111,일반소파,3215371,나루 기능성 아쿠아 패브릭/가죽 2인 3인 소파 (스툴선택),249000,450000,249000,229000.0,https://prs.ohouse.com/apne2/any/uploads/productions/v1-440493501378688.jpg?w=640
111,일반소파,3649691,필로 데이비스 패브릭 구스 모듈 소파 3인 4인용 베이직/멀티형 쇼파,315000,427000,315000,296100.0,https://prs.ohouse.com/apne2/any/uploads/productions/v1-502645642039360.jpg?w=640
111,일반소파,1636825,굿타임 아쿠아텍스 패브릭 2인용 소파+스툴 3colors,199000,300000,199000,191000.0,https://prs.ohouse.com/apne2/any/uploads/productions/v1-387843705299072.png?w=640
111,일반소파,305023,빈티지 뉴트로 2인소파 버킨/체스터/슈슈/콤보/아델,149000,490000,149000,129000.0,https://prs.ohouse.com/apne2/any/uploads/productions/v1-502677585240192.jpg?w=640
111,일반소파,3767257,모드 가죽소파 1인/2인/3인 (쿠션증정),159000,200000,159000,139000.0,https://prs.ohouse.com/apne2/any/uploads/productions/v1-470896384364544.jpg?w=640
111,일반소파,2050580,"코지 1인/2인용 아쿠아텍스 패브릭 소파(아이보리,딥그린,네이비)",199000,259000,199000,191000.0,https://prs.ohouse.com/apne2/any/uploads/productions/v1-517966520606848.png?w=640
111,일반소파,669199,슬로 기능성 아쿠아 패브릭 1인 원목 소파,123400,213800,123400,111060.0,https://prs.ohouse.com/apne2/any/uploads/productions/v1-402640310136832.jpg?w=640
111,일반소파,3249306,[오늘의집 단독] Beam 빔 패브릭 모듈 소파 /1인 소파 8 colors,398000,520000,398000,378100.0,https://prs.ohouse.com/apne2/any/uploads/productions/v1-509809933905920.png?w=640
111,일반소파,3314140,[오늘의집 단독] 이네스 3인 스윙 가죽 소파 3color(스툴선택),499000,713000,499000,489000.0,https://prs.ohouse.com/apne2/any/uploads/productions/v1-423810362093632.png?w=640
111,일반소파,858890,[8%쿠폰] 바움 천연면피 가죽 4인용 소파 3color (스툴선택),1399000,1786000,1399000,1379000.0,https://prs.ohouse.com/apne2/any/uploads/productions/v1-526158722433152.jpg?w=640
111,일반소파,3415754,스툴반값 - 구스 스윙 패브릭 소파 3/4인(크림화이트/블랙네이비),429000,1190000,429000,424000.0,https://prs.ohouse.com/apne2/any/uploads/productions/v1-524728314093696.jpg?w=640
111,일반소파,3536981,[지정일배송] 릴렉스 1인용 패브릭/가죽 안락 수유 의자 회전 1인용 쇼파,199000,405000,199000,189000.0,https://prs.ohouse.com/apne2/any/uploads/productions/v1-527881961050240.jpg?w=640
111,일반소파,2359951,[오늘의집 단독] 이든 고급 부클레 1인 소파 패브릭 거실 침실 카페 의자 4colors,198000,349000,198000,188100.0,https://prs.ohouse.com/apne2/any/uploads/productions/v1-440078333247552.jpg?w=640
111,일반소파,3351184,[오늘의집 단독] 지정일배송ㅣ취향의 동백2060 모듈형 헤드틸팅 가죽 소파 3인,369000,929000,369000,,https://prs.ohouse.com/apne2/any/uploads/productions/v1-494951388086336.jpg?w=640
111,일반소파,3904960,지정일배송/ㅣ이상의동백 무빙 틸팅 모듈 패브릭 소파 3인 /4인,449000,559000,449000,429000.0,https://prs.ohouse.com/apne2/any/uploads/productions/v1-494920537944128.jpg?w=640
111,일반소파,1656481,루미에르 아쿠아텍스 4인+카우치포함 패브릭 모듈소파,538000,749000,538000,419640.0,https://image.ohou.se/image/central_crop/bucketplace-v2-development/uploads-productions-166633982902730508.jpg/640/640
111,일반소파,3626915,콜모 3인용 접이식 모듈 소파베드 압축소파 침대쇼파 (좌방석 넓은 분리 가능 모듈 소파),399000,499000,399000,349000.0,https://prs.ohouse.com/apne2/any/uploads/productions/v1-498183817748608.jpg?w=640
111,일반소파,2671227,"[쿠션 증정] refine / 균형있게 받쳐주는 천연 면피가죽 3인 소파, 2colors",759000,995000,759000,709000.0,https://prs.ohouse.com/apne2/any/uploads/productions/v1-507967226593408.jpg?w=640
111,일반소파,2768188,힐링 데이비스 패브릭 4인용 모듈 소파 (스툴선택),379000,599000,379000,359000.0,https://prs.ohouse.com/apne2/any/uploads/productions/v1-381766590779392.jpg?w=640
112,리클라이너,3650246,[오늘의집 단독]/크루저 3세대 리클라이너 슬라이딩모션 쇼파 3인4인용,699000,1619000,699000,599000.0,https://prs.ohouse.com/apne2/any/uploads/productions/v1-465928989921344.jpg?w=640
112,리클라이너,1190139,[오늘의집 단독] 클라우드 리클라이너 1인 소파 흔들의자,183900,361000,183900,180222.0,https://prs.ohouse.com/apne2/any/uploads/productions/v1-479665433464960.jpg?w=640
112,리클라이너,3338578,[오늘의집 단독]/디아 3세대 리클라이너 모션 슬라이드 소파 3인 4인용,799000,1018000,799000,699000.0,https://prs.ohouse.com/apne2/any/uploads/productions/v1-501971171586048.jpg?w=640
112,리클라이너,3895936,59.9만 독일정품OKIN모터 / 아크모션 패브릭 리클라이너 쇼파 모션 무빙 3인 4인소파,699000,1699000,699000,599000.0,https://prs.ohouse.com/apne2/any/uploads/productions/v1-456066757488704.jpg?w=640
112,리클라이너,3065107,[오늘의집 단독] (매장가구 사이즈) 슬립 패브릭 리클라이너 쇼파 모션 무빙 3/4인용소파,699000,1790000,699000,649000.0,https://prs.ohou.se/apne2/any/uploads/productions/v1-291980072779904.jpg?w=640
112,리클라이너,3962299,[오늘의집 단독]/ 헤일 3세대 리클라이너 쇼파 3인 4인 소파 (다리선택),709000,1659000,709000,579000.0,https://prs.ohouse.com/apne2/any/uploads/productions/v1-507060863053952.png?w=640
112,리클라이너,1012658,[오늘의집 단독] 바이엔 가죽/아쿠아텍스 3인용 전동 리클라이너 소파(양방향),549000,1490000,549000,,https://image.ohou.se/image/central_crop/bucketplace-v2-development/uploads-productions-163157921239567726.jpg/640/640
112,리클라이너,1314695,[오늘의집 단독] [한정특가] LAA 1인용 각도조절 리클라이너 소파 (스툴포함),109000,229000,109000,,https://image.ohou.se/image/central_crop/bucketplace-v2-development/uploads-productions-166851175152321723.jpg/640/640
112,리클라이너,3432689,최대할인 65% / 베를린 듀얼 USB 1인용 전동 리클라이너 가죽 소파,389000,1099000,389000,379000.0,https://prs.ohouse.com/apne2/any/uploads/productions/v1-366145604223040.jpg?w=640
112,리클라이너,1230080,로빈 조야 패브릭 1인용 소파 전동 리클라이너 의자,219000,329000,219000,199000.0,https://image.ohou.se/image/central_crop/bucketplace-v2-development/uploads-productions-164637038361460708.jpg/640/640
112,리클라이너,3779041,체크/슬림 1인 패브릭 리클라이너 소파 5colors,157900,279000,157900,148426.0,https://prs.ohouse.com/apne2/any/uploads/productions/v1-457430415777856.jpg?w=640
112,리클라이너,3878485,[7/6 20시 라이브] 퍼스트클래스 3세대 리클라이너 패브릭 3/4인소파(다릿발O/X),699000,1699000,699000,599000.0,https://prs.ohouse.com/apne2/any/uploads/productions/v1-448626206633984.png?w=640
112,리클라이너,3383474,시에나 데이비스 모션 슬라이딩 리클라이너 4인 패브릭 소파,899000,1799000,899000,799000.0,https://prs.ohouse.com/apne2/any/uploads/productions/v1-526790878978048.jpg?w=640
112,리클라이너,384649,[오늘의집 단독](매장가구 사이즈)론 아쿠아텍스 3인용 패브릭 전동 리클라이너소파(양방향),589000,1050300,589000,,https://prs.ohouse.com/apne2/any/uploads/productions/v1-463477011841152.jpg?w=640
112,리클라이너,3757677,어썸 코모도 패브릭 3세대 리클라이너 모션 슬라이딩 3/4인 소파,859000,1600000,859000,799000.0,https://prs.ohouse.com/apne2/any/uploads/productions/v1-487577555959936.png?w=640
112,리클라이너,3288699,[5%쿠폰] 보니타 모션 슬라이드 리클라이너 3인용/4인용 패브릭 소파,598000,1198000,598000,588000.0,https://prs.ohouse.com/apne2/any/uploads/productions/v1-474739335659648.jpg?w=640
112,리클라이너,3952305,아틀란 블리넌패브릭 3세대 리클라이너 쇼파 슬라이드 무빙 모션 소파 4인용,849000,1499000,849000,764100.0,https://prs.ohouse.com/apne2/any/uploads/productions/v1-467031102009344.jpg?w=640
112,리클라이너,3789611,[오늘의집 단독] 보브 블랙/화이트 패브릭 소파 3.5인용 무빙 모션 리클라이너,1390000,1390000,1390000,1251000.0,https://prs.ohouse.com/apne2/any/uploads/productions/v1-427725482782784.jpg?w=640
112,리클라이너,3427902,시에나 데이비스 모션 슬라이딩 리클라이너 3인 패브릭 소파,699000,1299000,699000,629100.0,https://prs.ohouse.com/apne2/any/uploads/productions/v1-506684553658432.jpg?w=640
112,리클라이너,3904521,몰렌 3세대 슬라이딩 모션 소파 가죽 리클라이너 4인용 바닥 긁힘 방지,1090000,1980000,1090000,981000.0,https://prs.ohouse.com/apne2/any/uploads/productions/v1-454903346176000.jpg?w=640
112,리클라이너,1012657,[오늘의집 단독] 바이엔 아쿠아텍스 4인용 전동 리클라이너 소파(양방향),629000,1690000,629000,,https://image.ohou.se/image/central_crop/bucketplace-v2-development/uploads-productions-163157832851929220.jpg/640/640
112,리클라이너,307435,올레스트 각도조절 리클라이너 소파/안락의자 1인용소파(스툴포함),129000,199000,129000,,https://prs.ohouse.com/apne2/any/uploads/productions/v1-432300510281728.jpg?w=640
112,리클라이너,3431898,[오늘의집 단독] 한샘몰pick 리베 모션 슬라이드 리클라이너 가죽 소파 4인용,1269000,2080000,1269000,,https://prs.ohouse.com/apne2/any/uploads/productions/v1-373250181672960.jpg?w=640
112,리클라이너,2215380,최대할인 62% / 포근 1인용 기능성 패브릭 리클라이너 소파,178000,499000,178000,168000.0,https://image.ohou.se/image/central_crop/bucketplace-v2-development/uploads-openapi-16102063-1689726266034.jpg/640/640
112,리클라이너,3430955,[오늘의집 단독] 이지 1인용 전동 리클라이너 편안한 소파 패브릭 쇼파 안락의자,550000,790000,550000,,https://prs.ohouse.com/apne2/any/uploads/productions/v1-381005783408768.jpg?w=640
112,리클라이너,3618906,[오늘의집 단독] 협탁증정/ 쿠모 회전 리클라이닝 가죽소파 3-4인소파,899900,1599000,899900,799900.0,https://prs.ohouse.com/apne2/any/uploads/productions/v1-517611868938304.png?w=640
112,리클라이너,173378,접이식 무중력의자 1인용 리클라이너체어,59900,69900,59900,58702.0,https://image.ohou.se/image/central_crop/bucketplace-v2-development/uploads-productions-156715246811817147.jpg/640/640
112,리클라이너,3579912,모션핏 무빙 슬라이드 리클라이너 3인 4인 패브릭 소파,679000,1290000,679000,668000.0,https://prs.ohouse.com/apne2/any/uploads/productions/v1-392963689099328.jpg?w=640
112,리클라이너,3778139,슬림 1인 가죽 리클라이너 소파 3colors,157900,279000,157900,148426.0,https://prs.ohouse.com/apne2/any/uploads/productions/v1-457431012831296.jpg?w=640
112,리클라이너,1466565,올프리 생활발수 패브릭 1인용 리클라이너 소파+스툴,108000,189000,108000,,https://prs.ohouse.com/apne2/any/uploads/productions/v1-428430960963712.jpg?w=640
112,리클라이너,4058465,[단하루20%] 컴포트 모션 제로휠 3세대 풀리클라이너 슬라이딩 가죽소파 (9가지모션),1090000,1500000,1090000,1040000.0,https://prs.ohouse.com/apne2/any/uploads/productions/v1-509882775265280.jpg?w=640
112,리클라이너,3188401,최대사이즈! 테티스 이지클린 패브릭 모션 슬라이딩 리클라이너 슬라이드 3/4인 무빙 소파,898000,2480000,898000,,https://prs.ohouse.com/apne2/any/uploads/productions/v1-502426979487744.png?w=640
112,리클라이너,3431897,[오늘의집 단독] 한샘몰pick 리베 모션 슬라이드 리클라이너 패브릭 소파 4인용,1199000,1960000,1199000,,https://prs.ohouse.com/apne2/any/uploads/productions/v1-373251190014080.jpg?w=640
112,리클라이너,348401,포엠 USB 4인용 전동 리클라이너 가죽소파(양방향),689000,1590000,689000,,https://image.ohou.se/image/central_crop/bucketplace-v2-development/uploads-productions-167772460508231858.jpg/640/640
112,리클라이너,4110932,"최종 299,000 칼론 1인용 전동 리클라이너 아쿠아텍스 패브릭 소파 모션 쇼파",359000,529000,359000,299000.0,https://prs.ohouse.com/apne2/any/uploads/productions/v1-510556501258304.jpg?w=640
112,리클라이너,3715241,RD 듀얼포즈 3.5인 200 모션 리클라이너 슬라이드 무빙 패브릭 소파,949000,1799000,949000,849000.0,https://prs.ohouse.com/apne2/any/uploads/productions/v1-411396695359488.jpg?w=640
112,리클라이너,2876228,베이글2 와이드 전동 리클라이너 소파 1인용 천연가죽 싱글 소파 2Colors,949000,1649000,949000,854100.0,https://prs.ohouse.com/apne2/any/uploads/productions/v1-447203652988928.jpg?w=640
112,리클라이너,2345266,RD 오르테 패브릭 1인 자동 리클라이너 2color,249000,399000,249000,,https://prs.ohou.se/apne2/any/uploads/productions/v1-276271102431296.jpg?w=640
112,리클라이너,1193477,우스터 1인 리클라이너 (2colors),1045000,1045000,1045000,,https://image.ohou.se/image/central_crop/bucketplace-v2-development/uploads-productions-168231782991025678.jpg/640/640
112,리클라이너,4078834,[지정일배송] 하로 기능성 비건레더 슬라이딩 무빙 모션 가죽 리클라이너 3인용소파,999000,1490000,999000,949000.0,https://prs.ohouse.com/apne2/any/uploads/productions/v1-516009094348928.jpg?w=640
112,리클라이너,3569918,[오늘의집 단독] 디아 3세대 리클라이너 쇼파 모션 슬라이드 무빙 3인용 소파,799000,1018000,799000,,https://prs.ohouse.com/apne2/any/uploads/productions/v1-501718205202432.jpg?w=640
112,리클라이너,390820,MVME 프라임 노블 천연면피가죽 전동 리클라이너 소파 4인용,1656000,1835000,1835000,1407600.0,https://prs.ohouse.com/apne2/any/uploads/productions/v1-526822024130560.jpg?w=640
112,리클라이너,3640895,[쿠션증정]무비 풀옵션형 아쿠아텍스 슬라이딩 모션 무빙 리클라이너 소파 4인용,1290000,2100000,1290000,1190000.0,https://prs.ohouse.com/apne2/any/uploads/productions/v1-415722047569920.jpg?w=640
112,리클라이너,3326883,런스 아쿠아텍스 패브릭 확장형 소파베드 1인용 리클라이너 (쿠션증정),199000,299000,199000,189050.0,https://prs.ohou.se/apne2/any/uploads/productions/v1-329332538175616.jpg?w=640
112,리클라이너,320317,몰리세 3시트 w2700 패브릭 리클라이너 소파(4인용),2006400,2266000,2112000,1946208.0,https://image.ohou.se/image/central_crop/bucketplace-v2-development/uploads-openapi-3732946-1660632262600.jpg/640/640
112,리클라이너,3863820,올무빙 모션 4세대 슬라이딩 리클라이너 4인용 패브릭 침대 소파,1190000,1990000,1190000,1180000.0,https://prs.ohouse.com/apne2/any/uploads/productions/v1-464864212721664.jpg?w=640
112,리클라이너,3663480,[오늘의집 단독] [런칭할인]독일 하드웨어 뉴컴피 슬라이드 모션 리클라이너 4인,1590000,1990000,1590000,1470000.0,https://prs.ohouse.com/apne2/any/uploads/productions/v1-436165481660544.jpg?w=640
112,리클라이너,3254717,포에트 모션 무빙 쇼파 리클라이너 슬라이딩 소파 4인,1359000,2660000,1359000,1259000.0,https://prs.ohou.se/apne2/any/uploads/productions/v1-314868521386112.jpg?w=640
112,리클라이너,3601780,온드 1인용 전동 리클라이너 가죽 소파,219000,369000,219000,212430.0,https://prs.ohouse.com/apne2/any/uploads/productions/v1-388798971584640.jpg?w=640
112,리클라이너,1127585,MVME 프라임 노블 홈바형 천연면피가죽 전동 리클라이너 소파 4인용(양쪽형),1845000,2035000,2035000,1568250.0,https://prs.ohou.se/apne2/any/uploads/productions/v1-197977159954560.jpg?w=640
113,좌식소파,974645,모니 패브릭 1인용 좌식쇼파 각도조절 등받이 좌식의자 리클라이너,38900,70000,38900,36955.0,https://prs.ohouse.com/apne2/any/uploads/productions/v1-509863254700096.jpg?w=640
113,좌식소파,191801,릴리 패브릭 좌식 소파 5colors,169000,300000,169000,,https://prs.ohou.se/apne2/any/uploads/productions/v1-217980689637376.jpg?w=640
113,좌식소파,3607714,패브릭 각도조절 인테리어 다용도 소파 싱글/더블,146000,160000,146000,138700.0,https://prs.ohouse.com/apne2/any/uploads/productions/v1-527900092796992.jpg?w=640
113,좌식소파,3817445,아톰 1인용 패브릭 좌식 압축 소파,169000,300000,169000,159000.0,https://prs.ohouse.com/apne2/any/uploads/productions/v1-434398458970240.jpg?w=640
113,좌식소파,870358,NEW 컬러 출시/ 빈 샤샤 양털 구름 패브릭 1인용 쇼파 2colors,248000,489000,248000,230640.0,https://prs.ohouse.com/apne2/any/uploads/productions/v1-400156036730880.jpg?w=640
113,좌식소파,1611728,미니로제 주름소파 1인쇼파 거실 인테리어 편한소파 85cm,159900,200000,159900,151905.0,https://prs.ohouse.com/apne2/any/uploads/productions/v1-520461840216128.jpg?w=640
113,좌식소파,89403,베이크 편안한 패브릭 1인용 좌식쇼파 리클라이너,58900,169000,58900,,https://image.ohou.se/image/central_crop/bucketplace-v2-development/uploads-productions-1559534992433_9tyT.jpg/640/640
113,좌식소파,347062,로우(low) 패브릭 레더 좌식 소파 3인용+스툴세트_HA006S,396000,497000,396000,,https://image.ohou.se/image/central_crop/bucketplace-v2-development/uploads-productions-164620102025671511.jpg/640/640
113,좌식소파,3994260,아르베오 오브 모듈 패브릭 거실 소파 4colors,920000,1370000,920000,828000.0,https://prs.ohouse.com/apne2/any/uploads/productions/v1-479326905987200.jpg?w=640
113,좌식소파,4033663,타가 비건 나파레더 가죽 1인 좌식 소파 3colors,899000,1200000,899000,849000.0,https://prs.ohouse.com/apne2/any/uploads/productions/v1-487907609968640.jpg?w=640
113,좌식소파,3039644,[오늘의집 단독] 볼콧 테디 라운지 체어,283000,320000,283000,,https://prs.ohouse.com/apne2/any/uploads/productions/v1-529371557965952.jpg?w=640
113,좌식소파,1812450,클로에 아쿠아텍스 패브릭 2인용 좌식 소파,179000,279000,179000,174000.0,https://image.ohou.se/image/central_crop/bucketplace-v2-development/uploads-productions-167359082870877942.jpg/640/640
113,좌식소파,974672,로우(low) 아쿠아텍스 3인용 좌식소파_H02,348000,480000,348000,,https://prs.ohou.se/apne2/any/uploads/productions/v1-257192426020992.jpg?w=640
113,좌식소파,1002026,반려동물과 함께 쓰는 쏘웰 아쿠아텍스 모듈형 미니3인용 좌식소파_H05,328000,400000,328000,,https://prs.ohou.se/apne2/any/uploads/productions/v1-257193500086336.jpg?w=640
113,좌식소파,1161933,캐리 아쿠아 기능성 패브릭 모듈 와이드 좌식소파 세트,229000,298000,229000,,https://image.ohou.se/image/central_crop/bucketplace-v2-development/uploads-productions-164154327103663053.jpg/640/640
113,좌식소파,2928403,2세대 업그레이드! 6단 각도조절 푹신한 1인용 좌식소파 9colors,39800,60000,39800,37810.0,https://prs.ohou.se/apne2/any/uploads/productions/v1-257127569334272.jpg?w=640
113,좌식소파,1521545,모모 패브릭 2인용 모듈 좌식소파 2colors,129000,240000,129000,,https://prs.ohou.se/apne2/any/uploads/productions/v1-205407729893376.jpg?w=640
113,좌식소파,1162017,캐리 아쿠아 기능성 패브릭 모듈 좌식소파(삼각 등쿠션),99000,112000,99000,,https://image.ohou.se/image/central_crop/bucketplace-v2-development/uploads-productions-164154881373664019.jpg/640/640
113,좌식소파,1521573,모모 패브릭 모듈 좌식소파 코너형 2colors (쿠션포함),99000,180000,99000,,https://prs.ohou.se/apne2/any/uploads/productions/v1-205406152736896.jpg?w=640
113,좌식소파,285533,오즈 1인용 패브릭 좌식소파 2colors,159000,210000,159000,,https://image.ohou.se/image/central_crop/bucketplace-v2-development/uploads-productions-1587532778_103014_1.jpg/640/640
113,좌식소파,1162025,캐리 아쿠아 기능성 패브릭 모듈 좌식소파(와이드 좌방석),149000,186000,149000,,https://image.ohou.se/image/central_crop/bucketplace-v2-development/uploads-productions-164154950181809931.jpg/640/640
113,좌식소파,4021628,[해외] 1인소파 세트 패브릭 라운지체어 디자인체어 거실 카페 인테리어 의자,149000,180000,149000,141550.0,https://prs.ohouse.com/apne2/any/uploads/productions/v1-485075450138752.jpg?w=640
113,좌식소파,1521541,모모 패브릭 모듈 좌식소파 1인용 2colors,89000,160000,89000,,https://prs.ohou.se/apne2/any/uploads/productions/v1-205406237130816.jpg?w=640
113,좌식소파,2159058,로시나 좌식소파 2인용 패브릭 낮은 소파 1600,269000,269000,269000,255550.0,https://image.ohou.se/image/central_crop/bucketplace-v2-development/uploads-productions-168783689268754766.jpg/640/640
113,좌식소파,4109430,B-edition 타가 비건 나파레더 가죽 1인 좌식 소파 3colors,989000,1290000,989000,969000.0,https://prs.ohouse.com/apne2/any/uploads/productions/v1-522556872695936.jpg?w=640
113,좌식소파,1521574,모모 패브릭 모듈 좌식 스툴 2colors,45000,95000,45000,,https://prs.ohou.se/apne2/any/uploads/productions/v1-205406043312192.jpg?w=640
113,좌식소파,2207157,노이 모듈 패브릭 1인 좌식 소파_H36,288000,410000,288000,,https://image.ohou.se/image/central_crop/bucketplace-v2-development/uploads-openapi-4364802-1689244170492.jpg/640/640
113,좌식소파,348654,위니 1인용 접이식 가죽 좌식쇼파,79900,170000,79900,,https://image.ohou.se/image/central_crop/bucketplace-v2-development/uploads-productions-159117165842558582.jpg/640/640
113,좌식소파,349388,위니 코너 패브릭 좌식쇼파,84900,199000,84900,,https://image.ohou.se/image/central_crop/bucketplace-v2-development/uploads-productions-159117190503340673.jpg/640/640
113,좌식소파,1002027,쏘웰 아쿠아텍스 모듈형 미니3인용 좌식소파 +스툴세트_H03,398000,560000,398000,,https://image.ohou.se/image/central_crop/bucketplace-v2-development/uploads-productions-169207892120534497.jpg/640/640
113,좌식소파,109443,그루미 쿠션 좌식소파 시리즈,131000,259000,131000,,https://image.ohou.se/image/central_crop/bucketplace-v2-development/uploads-productions-164386550558723725.jpg/640/640
113,좌식소파,330587,스텔라 1인 리클라이너 좌식소파,129000,140000,129000,116100.0,https://prs.ohou.se/apne2/any/uploads/productions/v1-336420365508736.jpg?w=640
113,좌식소파,350945,위니 코너 가죽 좌식쇼파,84900,199000,84900,,https://image.ohou.se/image/central_crop/bucketplace-v2-development/uploads-productions-159114581627483818.jpg/640/640
113,좌식소파,2207153,노이 모듈 패브릭 1인 높은 좌식 소파_H33,320000,450000,320000,,https://image.ohou.se/image/central_crop/bucketplace-v2-development/uploads-openapi-4364802-1689651205631.jpg/640/640
113,좌식소파,3006352,앰보 1인 빈백소파 LS048,199000,199000,199000,179100.0,https://image.ohou.se/image/central_crop/bucketplace-v2-development/uploads-openapi-471941-1779089996288.jpg/640/640
113,좌식소파,2998329,니스코 1인 좌식소파 XA10061H,290000,290000,290000,261000.0,https://prs.ohou.se/apne2/any/uploads/productions/v1-337130857041920.jpg?w=640
113,좌식소파,3410256,이지라이프 6단계 등받이 각도 조절 좌식 패브릭 쇼파 의자 쿠션 포함 2colors,43900,79900,43900,,https://prs.ohou.se/apne2/any/uploads/productions/v1-348492498296896.jpg?w=640
113,좌식소파,350916,위니 1인용 접이식 패브릭 좌식쇼파,79900,170000,79900,,https://image.ohou.se/image/central_crop/bucketplace-v2-development/uploads-productions-159108357985631184.jpg/640/640
113,좌식소파,3064942,앰보 2.5인 좌식 소파베드 B형,211000,211000,211000,189900.0,https://image.ohou.se/image/central_crop/bucketplace-v2-development/uploads-openapi-471941-1779089915714.jpg/640/640
113,좌식소파,3661944,[해외] 애벌레 번데기 모듈 주름 소파 1인 2인 3인 코너형,349000,750000,349000,,https://prs.ohouse.com/apne2/any/uploads/productions/v1-400495033978880.jpg?w=640
113,좌식소파,1457014,캐리 클래식 기능성 패브릭 모듈 좌식소파 세트,189000,278000,189000,,https://image.ohou.se/image/central_crop/bucketplace-v2-development/uploads-productions-165726176612333553.jpg/640/640
113,좌식소파,3401555,앰보 2인 좌식소파 D형,184000,184000,184000,165600.0,https://image.ohou.se/image/central_crop/bucketplace-v2-development/uploads-openapi-471941-1779089892024.jpg/640/640
113,좌식소파,3995265,[해외] 좌식소파 거실 북유럽 패브릭 1인 라운지체어 안락의자 (착불비용 X),129000,150000,129000,,https://prs.ohouse.com/apne2/any/uploads/productions/v1-479414669443136.jpg?w=640
113,좌식소파,3328102,LVB SOFA (6 Colors),780000,780000,780000,,https://prs.ohouse.com/apne2/any/uploads/productions/v1-504898986406016.jpg?w=640
113,좌식소파,1721388,몽블 양털 부클레 패브릭 안락 1인용 좌식소파 3colors,129000,199000,129000,121260.0,https://prs.ohouse.com/apne2/any/uploads/productions/v1-517241984503808.jpg?w=640
113,좌식소파,347063,로우(low) 패브릭 레더 좌식 소파 3인용_HA006 (스툴추가가능),349000,410000,349000,,https://prs.ohou.se/apne2/any/uploads/productions/v1-328647945810048.jpg?w=640
113,좌식소파,627530,데일리 조지아 좌식소파 SET 삼각형,256800,321000,256800,,https://image.ohou.se/image/central_crop/bucketplace-v2-development/uploads-productions-1608785548_100052_12.jpg/640/640
113,좌식소파,2650337,앰보 2인 빈백소파 LS045,377000,377000,377000,339300.0,https://image.ohou.se/image/central_crop/bucketplace-v2-development/uploads-openapi-471941-1779089903088.jpg/640/640
113,좌식소파,3943978,누온 접이식 소파베드 패브릭 1인용 6단 좌식,159000,318000,159000,,https://prs.ohouse.com/apne2/any/uploads/productions/v1-467393448689728.jpg?w=640
113,좌식소파,3808787,[해외] 등받이 좌식 의자 쇼파 각도조절 접이식 소파 1인 2인 원룸인테리어,129000,168000,129000,,https://prs.ohouse.com/apne2/any/uploads/productions/v1-432673879609472.jpg?w=640
121,인테리어의자,2504314,오리지널 페블 체어 미드센츄리 모던 식탁 패브릭 부클 가죽 인테리어 디자인 카페 의자,59900,91000,59900,53910.0,https://prs.ohouse.com/apne2/any/uploads/productions/v1-527572994498624.png?w=640
121,인테리어의자,2436286,1+1 코지 우드 러그 식탁 의자 카페 원목 디자인 스틸 체어 3colors,68900,128000,68900,62010.0,https://prs.ohou.se/apne2/any/uploads/productions/v1-239453421895808.jpg?w=640
121,인테리어의자,2568445,신규컬러 출시 / 레이븐 빈티지 원목 이지클린 쿠션 식탁 의자 2type 7colors,54900,101900,54900,52155.0,https://prs.ohouse.com/apne2/any/uploads/productions/v1-364413508124672.jpg?w=640
121,인테리어의자,1916412,1+1 듀이 식탁 의자 플라스틱 카페 디자인의자,46800,236000,46800,44460.0,https://prs.ohou.se/apne2/any/uploads/productions/v1-340999743049856.jpg?w=640
121,인테리어의자,1790963,포니 미드센츄리모던 패브릭 가죽 디자인 인테리어 식탁 카페의자 6colors,48500,63000,48500,46075.0,https://prs.ohouse.com/apne2/any/uploads/productions/v1-443620758544384.jpg?w=640
121,인테리어의자,2430555,[10% 쿠폰] 인테리어 화장대의자 카페 식탁 등받이 스툴 패브릭 의자,39900,49900,39900,35910.0,https://image.ohou.se/image/central_crop/bucketplace-v2-development/uploads-productions-169882302640798447.jpg/640/640
121,인테리어의자,2437105,1+1 이지 패브릭 코듀로이 폴딩 체어 간이 접이식 카페의자 3colors,31900,59900,31900,28710.0,https://prs.ohou.se/apne2/any/uploads/productions/v1-227049318363136.jpg?w=640
121,인테리어의자,3671101,-발캡 증정- 블랑 식탁 의자 ELASTRON 기능성 패브릭 & 가죽 카페의자 인테리어,56800,59000,56800,55096.0,https://prs.ohouse.com/apne2/any/uploads/productions/v1-412537814048832.jpg?w=640
121,인테리어의자,2512884,로이 체어 원목 식탁의자 목재 나무 카페 인테리어 디자인 의자 2type 5colors,54900,155000,54900,51606.0,https://prs.ohouse.com/apne2/any/uploads/productions/v1-371089918603328.jpg?w=640
121,인테리어의자,354736,베가 폴라 투명 접이식의자 7colors,21900,30000,21900,20805.0,https://prs.ohouse.com/apne2/any/uploads/productions/v1-361931983159360.jpg?w=640
121,인테리어의자,3087017,아르카 식탁의자 테이블 의자 편한 디자인,59900,113000,59900,56905.0,https://prs.ohouse.com/apne2/any/uploads/productions/v1-505526852915200.jpg?w=640
121,인테리어의자,3400903,오르 고무나무 원목 인테리어 카페 의자 4colors,49900,99000,49900,46906.0,https://prs.ohouse.com/apne2/any/uploads/productions/v1-504933021950016.png?w=640
121,인테리어의자,111191,톤 고무나무 원목 의자 4colors,29790,69900,29790,28003.0,https://prs.ohouse.com/apne2/any/uploads/productions/v1-487845046739072.jpg?w=640
121,인테리어의자,1572938,미드센추리 모던 뉴트로 카우 체어 카페 애쉬 원목 디자인 식탁 의자 4colors,69900,97600,69900,62910.0,https://prs.ohouse.com/apne2/any/uploads/productions/v1-464544470503488.jpg?w=640
121,인테리어의자,1603713,스위터 인테리어 미드센츄리모던 디자인 카페 식탁의자,48400,82000,48400,47400.0,https://prs.ohouse.com/apne2/any/uploads/productions/v1-428357468586112.jpg?w=640
121,인테리어의자,2038141,고주파 미드센츄리 모던 뉴트로 인테리어 원목 식탁의자,26900,140000,26900,25286.0,https://prs.ohou.se/apne2/any/uploads/productions/v1-336357734604928.jpg?w=640
121,인테리어의자,887397,페이톤 체어 식탁 카페 인테리어 플라스틱 철재 사출 의자,26900,40700,26900,25555.0,https://image.ohou.se/image/central_crop/bucketplace-v2-development/uploads-productions-162518909273356834.jpg/640/640
121,인테리어의자,3492035,-발캡 증정- 비비 식탁 의자 기능성 패브릭 가죽 의자 카페의자 인테리어,49800,81000,49800,48306.0,https://prs.ohouse.com/apne2/any/uploads/productions/v1-519714789015552.jpg?w=640
121,인테리어의자,2450993,-발캡 증정- 제나 식탁 의자 DAVIS 기능성 패브릭 & pu 가죽 카페의자 인테리어,59800,124500,59800,58006.0,https://prs.ohou.se/apne2/any/uploads/productions/v1-328239981949056.jpg?w=640
121,인테리어의자,2936179,듀블 이지클린 패브릭 회전 쇼파 안락의자(스툴 추가),108000,210000,108000,100440.0,https://prs.ohouse.com/apne2/any/uploads/productions/v1-439787683274816.jpg?w=640
121,인테리어의자,2741730,1+1 레이븐 빈티지 원목 인테리어 식탁 의자 7colors,104500,198000,104500,99275.0,https://prs.ohouse.com/apne2/any/uploads/productions/v1-406521339551744.jpg?w=640
121,인테리어의자,3532694,신규컬러 출시! 아크 인테리어 디자인 카페 식탁 의자 3colors,81900,195000,81900,75348.0,https://prs.ohouse.com/apne2/any/uploads/productions/v1-435154978357376.jpg?w=640
121,인테리어의자,3127541,[오늘의집 단독] 밀라 디자인 패브릭 1인용 소파 회전 카페 안락의자,129000,188000,129000,127000.0,https://prs.ohouse.com/apne2/any/uploads/productions/v1-481884176994304.jpg?w=640
121,인테리어의자,2858502,1+1 헤이드 체어 가죽 사무실 업소 카페 식탁 주방 서재 의자 2Colors,78900,149000,78900,71010.0,https://prs.ohouse.com/apne2/any/uploads/productions/v1-431927618805824.jpg?w=640
121,인테리어의자,3666909,미드센츄리 모던 사다리 인테리어 스툴의자 4colors,79700,149000,79700,74918.0,https://prs.ohouse.com/apne2/any/uploads/productions/v1-434841533104256.jpg?w=640
121,인테리어의자,2741760,1+1 로비아 고급 원목 가죽 패브릭 인테리어 식탁 의자 3colors,175800,198000,175800,167010.0,https://prs.ohouse.com/apne2/any/uploads/productions/v1-459959491956864.jpg?w=640
121,인테리어의자,1964732,로비아 고급 원목 가죽 이지클린 식탁 의자 3colors,87900,92000,87900,83505.0,https://prs.ohouse.com/apne2/any/uploads/productions/v1-459966073319424.jpg?w=640
121,인테리어의자,2858491,1+1 모카 체어 라탄 카페 식탁 거실 주방 의자,95900,150900,95900,,https://prs.ohou.se/apne2/any/uploads/productions/v1-251407154729088.jpg?w=640
121,인테리어의자,1781172,미드센추리 모던 뉴트로 카우 월넛 블랙 체어 카페 애쉬 원목 디자인 식탁 의자,69900,440000,69900,62910.0,https://prs.ohouse.com/apne2/any/uploads/productions/v1-448240246444096.jpg?w=640
121,인테리어의자,2856444,헤이드 체어 가죽 사무실 업소 카페 식탁 주방 서재 의자 2Colors,47900,86500,47900,43110.0,https://prs.ohouse.com/apne2/any/uploads/productions/v1-431927735685184.jpg?w=640
121,인테리어의자,2430158,패브 미드센츄리 모던 패브릭 인테리어 체어 4colors,49900,98000,49900,47405.0,https://prs.ohouse.com/apne2/any/uploads/productions/v1-406516238135360.jpg?w=640
121,인테리어의자,957075,접이식 쿠션 철재의자 4colors,12900,27900,12900,11610.0,https://image.ohou.se/image/central_crop/bucketplace-v2-development/uploads-productions-162807137166265140.jpg/640/640
121,인테리어의자,3666710,커브 미드센츄리 모던 일체형 인테리어 카페 식탁 의자 (고급형),95900,159000,95900,90146.0,https://prs.ohouse.com/apne2/any/uploads/productions/v1-401217135739008.jpg?w=640
121,인테리어의자,3320365,토리 식탁 카페 원목 등받이 디자인 실버 스틸 의자,59900,116900,59900,56905.0,https://prs.ohouse.com/apne2/any/uploads/productions/v1-519659685384192.jpg?w=640
121,인테리어의자,2279594,1+1 스위터 인테리어 미드센츄리모던 디자인 카페 식탁의자,96800,164000,96800,95800.0,https://prs.ohouse.com/apne2/any/uploads/productions/v1-511598551621696.avif?w=640
121,인테리어의자,402023,1+1 톤 고무나무 원목 의자 4colors,49500,150000,49500,46530.0,https://prs.ohouse.com/apne2/any/uploads/productions/v1-487856452464704.jpg?w=640
121,인테리어의자,215363,와이 고급 원목 식탁의자 인테리어 카페의자 5colors,60000,112000,60000,57000.0,https://prs.ohouse.com/apne2/any/uploads/productions/v1-398392445829248.jpg?w=640
121,인테리어의자,2436273,코지 우드 러그 체어 식탁 카페 원목 디자인 실버 스틸 체어 3colors,45900,62900,45900,41310.0,https://prs.ohou.se/apne2/any/uploads/productions/v1-212552845004864.jpg?w=640
121,인테리어의자,3909236,1+1 팝 폴딩 체어 코듀로이 패브릭 접이식 폴딩 카페 디자인 의자 9colors,32900,59000,32900,31913.0,https://prs.ohouse.com/apne2/any/uploads/productions/v1-502419142967424.jpg?w=640
121,인테리어의자,3579439,TTY 1+1 투피코 인테리어 카페 식탁의자,69900,129900,69900,62910.0,https://prs.ohouse.com/apne2/any/uploads/productions/v1-506299000565888.jpg?w=640
121,인테리어의자,3175127,TZD 1+1 접이식의자 인테리어 카페 식탁의자 아크릴 의자,29900,59900,29900,26910.0,https://prs.ohouse.com/apne2/any/uploads/productions/v1-363245044076544.jpg?w=640
121,인테리어의자,3530591,스쿨 원목 식탁 의자 철재 인테리어 카페 디자인 체어 4colors,59000,72000,59000,56050.0,https://prs.ohouse.com/apne2/any/uploads/productions/v1-462403055243328.jpg?w=640
121,인테리어의자,2276252,단독특가 1+1 접이식 쿠션 철재의자 4colors,24900,45900,24900,22410.0,https://image.ohou.se/image/central_crop/bucketplace-v2-development/uploads-productions-169241075327446049.jpg/640/640
121,인테리어의자,2738033,코르 원목 쿠션 식탁 의자 카페 체어 4colors,99000,223000,99000,89100.0,https://prs.ohouse.com/apne2/any/uploads/productions/v1-366836130512960.jpg?w=640
121,인테리어의자,3380812,인테리어 화장대 의자 모니에 체어,107000,159000,107000,96300.0,https://prs.ohou.se/apne2/any/uploads/productions/v1-349537764663424.jpg?w=640
121,인테리어의자,3966551,리노 식탁 의자 카페 커버 분리 세탁 가능 패브릭 체어(4colors),38900,55900,38900,36955.0,https://prs.ohouse.com/apne2/any/uploads/productions/v1-522559491702912.jpg?w=640
121,인테리어의자,3659483,방문설치 1+1 몰렌 식탁 의자 인테리어 카페 편한 가죽 의자 2type 5colors,49000,85000,49000,47530.0,https://prs.ohouse.com/apne2/any/uploads/productions/v1-445770757849088.jpg?w=640
121,인테리어의자,3522850,오르 PP 인테리어 카페 의자 10colors,36900,69000,36900,34686.0,https://prs.ohouse.com/apne2/any/uploads/productions/v1-382775490531392.jpg?w=640
121,인테리어의자,2079929,1+1 머스타 인테리어 가죽 쿠션 체어 카페 식탁 의자 SL171,45900,118000,45900,44900.0,https://image.ohou.se/image/central_crop/bucketplace-v2-development/uploads-productions-168689890625964004.jpg/640/640
121,인테리어의자,3655704,버터 라탄 고무나무 원목 카페 디자인체어 식탁의자 2colors,36790,159000,36790,34583.0,https://prs.ohouse.com/apne2/any/uploads/productions/v1-434839220318272.jpg?w=640
122,흔들의자,483168,실론 흔들의자 패브릭 3컬러 1인용쇼파 릴렉스체어 안락의자,63900,88900,63900,,https://image.ohou.se/image/central_crop/bucketplace-v2-development/uploads-productions-1544076382342_8pOvYjlP.jpg/640/640
122,흔들의자,289509,에그스윙 인테리어 카페 테라스 라탄 1인 야외의자 6colors,64000,75000,64000,,https://image.ohou.se/image/central_crop/bucketplace-v2-development/uploads-productions-165699896531653413.jpg/640/640
122,흔들의자,1349704,1인용 리클라이너 흔들의자 스윙체어 암체어 안락의자,109000,159000,109000,,https://image.ohou.se/image/central_crop/bucketplace-v2-development/uploads-productions-167877536278735248.jpg/640/640
122,흔들의자,967304,토리 북유럽 1인용 안락 소파 편한 흔들 의자,215000,350000,215000,193500.0,https://image.ohou.se/image/central_crop/bucketplace-v2-development/uploads-productions-162872782569784402.jpg/640/640
122,흔들의자,2294348,크랑 클래식 앤틱 흔들의자,570000,760000,570000,513000.0,https://image.ohou.se/image/central_crop/bucketplace-v2-development/uploads-productions-169329102428001061.jpg/640/640
122,흔들의자,49645,GOOSS 흔들의자 3001B,50900,58900,50900,45810.0,https://prs.ohou.se/apne2/any/uploads/productions/v1-234853177249856.jpg?w=640
122,흔들의자,4019016,[해외] 북유럽 흔들의자 1인소파 패브릭 라운지체어 안락의자 거실 인테리어,169000,200000,169000,,https://prs.ohouse.com/apne2/any/uploads/productions/v1-484725624688768.jpg?w=640
122,흔들의자,3962727,듀얼힐링소파 2in1 1인용 흔들의자 스윙체어 낮잠 휴식 릴렉스 소파,115000,119000,115000,,https://prs.ohouse.com/apne2/any/uploads/productions/v1-470578842529792.jpg?w=640
122,흔들의자,1617549,POANG 인테리어 흔들 의자 2colors,120900,199000,120900,114855.0,https://prs.ohouse.com/apne2/any/uploads/productions/v1-524336521908352.jpg?w=640
122,흔들의자,313305,소담 회전형 라탄 1인 흔들 그네의자 안락의자,239000,299000,239000,,https://image.ohou.se/image/central_crop/bucketplace-v2-development/uploads-productions-167114853212793403.jpg/640/640
122,흔들의자,2203948,원목흔들의자 안락의자,98000,198000,98000,,https://image.ohou.se/image/central_crop/bucketplace-v2-development/uploads-productions-168930324907464393.png/640/640
122,흔들의자,691897,벤우드 흔들의자 레그레스트 YC10A,119900,119900,119900,107910.0,https://prs.ohou.se/apne2/any/uploads/productions/v1-337182451122240.jpg?w=640
122,흔들의자,649952,아니스 마호가니 원목 엔틱 스윙체어 흔들의자,264000,399000,264000,245520.0,https://prs.ohou.se/apne2/any/uploads/productions/v1-318727005380608.jpg?w=640
122,흔들의자,3458762,[해외]프리미엄 우드 흔들의자 1인 럭셔리 독서의자 패브릭 안락의자,220000,290000,220000,,https://prs.ohouse.com/apne2/any/uploads/productions/v1-374408477937664.jpg?w=640
122,흔들의자,172426,POANG 흔들의자,138900,189700,138900,127788.0,https://image.ohou.se/image/central_crop/bucketplace-v2-development/uploads-productions-156700377966490331.jpg/640/640
122,흔들의자,65339,EBO 흔들의자,103000,103000,103000,92700.0,https://prs.ohou.se/apne2/any/uploads/productions/v1-232042000977920.jpg?w=640
122,흔들의자,3939736,둥둥 흔들의자 안락 인체공학 자작나무 프레임,78900,99900,78900,,https://prs.ohouse.com/apne2/any/uploads/productions/v1-464820832358528.jpg?w=640
122,흔들의자,1402390,하루휴식 유럽풍 흔들 의자 2color,356100,534200,356100,,https://image.ohou.se/image/central_crop/bucketplace-v2-development/uploads-productions-165397685587161916.jpg/640/640
122,흔들의자,711075,실론 흔들의자+풋스툴 세트 패브릭 3컬러 1인용쇼파 릴렉스체어 안락의자,84900,118000,84900,,https://image.ohou.se/image/central_crop/bucketplace-v2-development/uploads-productions-1614217111_101394_12.jpg/640/640
122,흔들의자,1226533,포그네 임산부 수유 눕는 무중력 휴식 1인용 안락 의자 5colors,239000,339000,239000,212710.0,https://image.ohou.se/image/central_crop/bucketplace-v2-development/uploads-productions-164620051926512583.jpg/640/640
122,흔들의자,313246,커플가든 회전형 라탄 2인 흔들 그네의자 안락의자,319000,400000,319000,,https://prs.ohouse.com/apne2/any/uploads/productions/v1-435857443057664.jpg?w=640
122,흔들의자,3781504,코자 흔들의자 암체어 안락의자 수유의자 1인체어,299000,499000,299000,,https://image.ohou.se/image/central_crop/bucketplace-v2-development/uploads-openapi-3886323-1760507820053.jpg/640/640
122,흔들의자,411973,북미산 애쉬 흔들의자 바이킹체어,497000,667000,497000,,https://image.ohou.se/image/central_crop/bucketplace-v2-development/uploads-productions-159537716451192038.jpg/640/640
122,흔들의자,469117,마인 스윙 체어,424000,550000,424000,402800.0,https://image.ohou.se/image/central_crop/bucketplace-v2-development/uploads-productions-159902879921461123.jpg/640/640
122,흔들의자,1186343,마리 HORSE 라탄 흔들의자,182000,249000,182000,167440.0,https://image.ohou.se/image/central_crop/bucketplace-v2-development/uploads-productions-164316393169922574.jpg/640/640
122,흔들의자,394647,[예약판매] 수입 프렌치 엔틱가구 메라토 스윙체어 흔들의자,223000,285000,223000,,https://image.ohou.se/image/central_crop/bucketplace-v2-development/uploads-productions-1593670849_100304_1.jpg/640/640
122,흔들의자,2531168,레이첼 스윙 체어 스툴포함 안락 흔들 락킹 의자 카페,169000,338000,169000,165620.0,https://image.ohou.se/image/central_crop/bucketplace-v2-development/uploads-openapi-4857907-1704699410608.jpg/640/640
122,흔들의자,483190,실론 흔들의자 PU(가죽) 2컬러 1인용쇼파 릴렉스체어 안락의자,68900,95900,68900,,https://image.ohou.se/image/central_crop/bucketplace-v2-development/uploads-productions-160022183397521233.jpg/640/640
122,흔들의자,130014,ATEZA 흔들의자,88900,120000,88900,80010.0,https://image.ohou.se/image/central_crop/bucketplace-v2-development/uploads-productions-1559206531802_ULBA9EkIS.jpg/640/640
122,흔들의자,1629701,루브 티크 원목 흔들의자,330000,660000,330000,290400.0,https://prs.ohouse.com/apne2/any/uploads/productions/v1-375280134115456.jpg?w=640
122,흔들의자,875913,Bnoeo 흔들의자,175000,340000,175000,,https://image.ohou.se/image/central_crop/bucketplace-v2-development/uploads-productions-162339355413265067.jpg/640/640
122,흔들의자,3789489,[해외] 흔들의자 1인 안락 의자 원목 리클라이너,139000,142000,139000,,https://prs.ohouse.com/apne2/any/uploads/productions/v1-427716084383872.jpg?w=640
122,흔들의자,399673,S라운지 1인 라탄 회전형 흔들 그네의자 안락의자,249000,339000,249000,,https://image.ohou.se/image/central_crop/bucketplace-v2-development/uploads-productions-159409929626410801.jpg/640/640
122,흔들의자,3776632,[해외] 양털 흔들의자 1인체어 암체어 커버분리 부클레 1인소파 의자,299000,389000,299000,,https://prs.ohouse.com/apne2/any/uploads/productions/v1-423828861673536.jpg?w=640
122,흔들의자,4042185,1인 리클라이너 좌식 고급 흔들의자 테이블겸용,120000,150000,120000,,https://prs.ohouse.com/apne2/any/uploads/productions/v1-490351588372608.jpg?w=640
122,흔들의자,3694457,침대형 리클라이너 편안한 원룸 1인용 안락 쇼파 의자,125000,180000,125000,,https://prs.ohouse.com/apne2/any/uploads/productions/v1-406871852453952.png?w=640
122,흔들의자,2357803,북유럽풍 고급 나파가죽 달팽이 흔들의자 스윙체어 스툴포함,518200,960000,518200,,https://image.ohou.se/image/central_crop/bucketplace-v2-development/uploads-productions-170126728270557351.jpg/640/640
122,흔들의자,1564019,TANG 원목흔들의자 아카시아 브라운 9516.9828,159000,159000,159000,143100.0,https://image.ohou.se/image/central_crop/bucketplace-v2-development/uploads-productions-166614883859606223.jpg/640/640
122,흔들의자,2009611,POANG 포엥 흔들의자(프레임 브라운)/안락의자/수유/독서/리클라이너/힐링,206900,259000,206900,,https://image.ohou.se/image/central_crop/bucketplace-v2-development/uploads-openapi-3279166-1681185306462.jpg/640/640
122,흔들의자,2058179,카페야외의자 라탄 1인용 원목 흔들의자 인테리어 안락의자,130500,300500,130500,,https://image.ohou.se/image/central_crop/bucketplace-v2-development/uploads-openapi-18117082-1683172356029.jpg/640/640
122,흔들의자,313332,사랑 회전형 라탄 1인 흔들 그네의자 안락의자,199000,239000,199000,,https://image.ohou.se/image/central_crop/bucketplace-v2-development/uploads-productions-158986668675080655.jpg/640/640
122,흔들의자,3942449,둥둥 안락 인체공학 흔들의자 풋스툴 세트 자작나무 프레임,107800,138900,107800,,https://image.ohou.se/image/central_crop/bucketplace-v2-development/uploads-openapi-2472752-1770013998247.jpg/640/640
122,흔들의자,3785182,세레노아 1인용 소파 흔들의자 (쿠션포함),482000,595000,482000,,https://prs.ohouse.com/apne2/any/uploads/productions/v1-426238160961536.jpg?w=640
122,흔들의자,2024903,스윙 체어 발받침 세트 흔들의자 거실 베란다 카페 업소용 인테리어 편한 의자 2color,119000,147000,119000,108290.0,https://image.ohou.se/image/central_crop/bucketplace-v2-development/uploads-productions-168172182559713490.jpg/640/640
122,흔들의자,482149,GAIL 흔들의자,94000,129000,94000,84600.0,https://image.ohou.se/image/central_crop/bucketplace-v2-development/uploads-productions-160015124894990310.jpg/640/640
122,흔들의자,1050525,세그먼트/공식수입_락앤롤 Rock'n Roll 빈백 프레임,788000,788000,788000,,https://image.ohou.se/image/central_crop/bucketplace-v2-development/uploads-productions-163436012613481052.jpg/640/640
122,흔들의자,3068742,대나무 흔들 의자 안락 접이식 높이 조절 마사지 소파 발코니 낮잠 누운 체어 브라운,159000,189000,159000,157410.0,https://prs.ohou.se/apne2/any/uploads/productions/v1-284403551535104.jpg?w=640
122,흔들의자,1286670,젠틱가구 행잉 스윙 라탄 바구니 실내 흔들 그네 의자 2인 원목 벤치,363000,810000,363000,,https://image.ohou.se/image/central_crop/bucketplace-v2-development/uploads-productions-164931379740443434.jpg/640/640
122,흔들의자,475677,북유럽풍 감성 그물 해먹의자/ 태슬 그네의자,111600,155500,111600,,https://image.ohou.se/image/central_crop/bucketplace-v2-development/uploads-openapi-5392710-1658898003672.jpg/640/640
122,흔들의자,633161,GOOSS 흔들의자 3001B 블랙패턴,119000,119000,119000,107100.0,https://image.ohou.se/image/central_crop/bucketplace-v2-development/uploads-productions-1609296733_116850_1.jpg/640/640
123,게이밍의자,2114043,KOC-03 컴퓨터의자 게이밍 사무용 학생 메쉬 의자 2types,162800,219800,162800,,https://image.ohou.se/image/central_crop/bucketplace-v2-development/uploads-productions-168594440526535820.jpg/640/640
123,게이밍의자,3344851,WRAP 게이밍의자 컴퓨터의자,150000,199000,150000,135000.0,https://prs.ohouse.com/apne2/any/uploads/productions/v1-487234074738688.jpg?w=640
123,게이밍의자,2952932,제로드 소프 컴퓨터 게이밍의자,209000,279000,209000,194000.0,https://image.ohou.se/image/central_crop/bucketplace-v2-development/uploads-openapi-2805379-1720490529521.jpg/640/640
123,게이밍의자,1864186,마이사이즈체어 게이밍 컴퓨터 사무용 사무실 중역 책상 의자 M900MQ 2.0,339000,399000,339000,332220.0,https://prs.ohouse.com/apne2/any/uploads/productions/v1-515047913005184.jpg?w=640
123,게이밍의자,120974,미니 타이탄 컴퓨터 게이밍의자 사무용 학생용 리클라이너 발받침포함,69900,99900,69900,,https://image.ohou.se/image/central_crop/bucketplace-v2-development/uploads-productions-170055192358518498.jpg/640/640
123,게이밍의자,3121934,아레스 PC방 가죽 컴퓨터 게이밍 의자 5colors,49500,149000,49500,46530.0,https://prs.ohou.se/apne2/any/uploads/productions/v1-297078221873216.jpg?w=640
123,게이밍의자,2310009,마이사이즈체어 게이밍 컴퓨터 사무용 사무실 중역 책상 의자 M900PQ 2.0,349000,410000,349000,,https://prs.ohouse.com/apne2/any/uploads/productions/v1-509407857991680.jpg?w=640
123,게이밍의자,165441,NEW 발키리 PC용 게이밍 의자,139000,240000,139000,,https://image.ohou.se/image/central_crop/bucketplace-v2-development/uploads-productions-167342646386443073.jpg/640/640
123,게이밍의자,226524,라이트 지 타이탄 게이밍의자 컴퓨터의자 리클라이닝 쿠션포함 발받침대포함,69900,99900,69900,,https://prs.ohouse.com/apne2/any/uploads/productions/v1-435448821411968.jpg?w=640
123,게이밍의자,693353,ARENA-X FOOT REST 발받침 컴퓨터 게이밍의자,179000,209000,179000,164000.0,https://image.ohou.se/image/central_crop/bucketplace-v2-development/uploads-productions-1613365939_100486_1.jpg/640/640
123,게이밍의자,337780,스카온 학생 사무용 리클라이너 메쉬 컴퓨터 의자,119000,179000,119000,113050.0,https://prs.ohouse.com/apne2/any/uploads/productions/v1-411438832345152.jpg?w=640
123,게이밍의자,3329597,커스텀체어 X900-PRO 1D 컴퓨터 사무용 사무실 학생 메쉬 게이밍의자,299000,416000,299000,293020.0,https://prs.ohouse.com/apne2/any/uploads/productions/v1-495370352992384.jpg?w=640
123,게이밍의자,1613217,컴포디 침대형 리클라이너 체어 컴퓨터 의자,119900,299000,119900,,https://image.ohou.se/image/central_crop/bucketplace-v2-development/uploads-productions-166451125143235272.jpg/640/640
123,게이밍의자,3182362,컴퓨터의자 G900-MS 6D 시그니처 게이밍 커스텀체어 사무용 사무실 리클라이너 블랙,329000,446000,329000,322420.0,https://prs.ohouse.com/apne2/any/uploads/productions/v1-495371377659968.jpg?w=640
123,게이밍의자,953438,컴퓨터 게이밍의자 GC001울프FR 발받침 체어,179000,249000,179000,,https://prs.ohouse.com/apne2/any/uploads/productions/v1-420681709629568.jpg?w=640
123,게이밍의자,2217141,에이펙스(APEX) 사무용 컴퓨터 PC방 게이밍 의자,99000,129000,99000,92070.0,https://prs.ohouse.com/apne2/any/uploads/productions/v1-474823831593088.png?w=640
123,게이밍의자,3777564,제로드 소프체어 프로 발받침 컴퓨터 게이밍의자,229000,279000,229000,219000.0,https://image.ohou.se/image/central_crop/bucketplace-v2-development/uploads-openapi-2805379-1760316502716.jpg/640/640
123,게이밍의자,930616,클라우드백 게이밍 컴퓨터 사무용 게임용 체어 게임 의자 T800MQ,296000,349000,296000,,https://prs.ohouse.com/apne2/any/uploads/productions/v1-509408052822016.jpg?w=640
123,게이밍의자,3550231,CDJY 게이밍 컴퓨터 의자,79900,129900,79900,,https://prs.ohouse.com/apne2/any/uploads/productions/v1-377821909037120.jpg?w=640
123,게이밍의자,285674,제네시스 체어 게이밍 컴퓨터 pc방 게임 책상 학생 사무용 의자,199000,219800,199000,187060.0,https://image.ohou.se/image/central_crop/bucketplace-v2-development/uploads-productions-170253295327290722.jpg/640/640
123,게이밍의자,2180729,무료배송! 몬티 침대형 리클라이너 체어 컴퓨터 의자,139900,329000,139900,,https://image.ohou.se/image/central_crop/bucketplace-v2-development/uploads-productions-168920937503647128.jpg/640/640
123,게이밍의자,3088856,GX 게이밍 컴퓨터 의자,435000,435000,435000,,https://image.ohou.se/image/central_crop/bucketplace-v2-development/uploads-openapi-862316-1777256836440.jpg/640/640
123,게이밍의자,1430072,OSP300 파스텔 게이밍의자 3컬러 사무용 컴퓨터 학생 의자,295000,295000,295000,,https://prs.ohouse.com/apne2/any/uploads/productions/v1-527526731599872.png?w=640
123,게이밍의자,415053,컴퓨터 게이밍의자 GC002 울프 빅체어,239000,279000,239000,,https://image.ohou.se/image/central_crop/bucketplace-v2-development/uploads-productions-159521794535044268.jpg/640/640
123,게이밍의자,463075,아레스 1인 리클라이너 게이밍 체어 컴퓨터 의자 4colors,141700,200000,141700,,https://prs.ohou.se/apne2/any/uploads/productions/v1-255354897825856.jpg?w=640
123,게이밍의자,463079,포스원 침대형 리클라이너 의자 학생용 사무용 게이밍 컴퓨터 체어 4colors,155500,220000,155500,,https://image.ohou.se/image/central_crop/bucketplace-v2-development/uploads-productions-159857442426238356.jpg/640/640
123,게이밍의자,2310567,ARENA PRIME 메쉬 게이밍 컴퓨터의자 L,299000,359000,299000,279000.0,https://image.ohou.se/image/central_crop/bucketplace-v2-development/uploads-openapi-2805379-1694050888452.jpg/640/640
123,게이밍의자,3888607,풀메쉬 인체공학 3D 허리 편한 게이밍 컴퓨터 의자,94900,189800,94900,90155.0,https://prs.ohouse.com/apne2/any/uploads/productions/v1-448627953905728.jpg?w=640
123,게이밍의자,3344850,GP1 게이밍의자 컴퓨터의자,49900,99900,49900,,https://prs.ohou.se/apne2/any/uploads/productions/v1-333335977463936.jpg?w=640
123,게이밍의자,3176885,브이렉스 패브릭 게이밍의자 컴퓨터의자 발받침포함의자,102800,142800,102800,,https://prs.ohou.se/apne2/any/uploads/productions/v1-306031417958528.jpg?w=640
123,게이밍의자,185641,컴퓨터 게이밍 의자 GC001 울프 4D팔걸이 쿠션3종,169000,219000,169000,,https://image.ohou.se/image/central_crop/bucketplace-v2-development/uploads-openapi-4833396-1767770750078.jpg/640/640
123,게이밍의자,3679724,커스텀체어 X900-PRO 4D PC방 중역 메쉬 컴퓨터의자 게이밍 사무용 사무실,314000,431000,314000,307720.0,https://prs.ohouse.com/apne2/any/uploads/productions/v1-495370680062080.jpg?w=640
123,게이밍의자,3747266,제로드 리브체어 컴퓨터 게이밍의자,179000,259000,179000,149000.0,https://image.ohou.se/image/central_crop/bucketplace-v2-development/uploads-openapi-2805379-1757894775257.jpg/640/640
123,게이밍의자,3512117,레이즈업 게이밍의자 컴퓨터의자 사무용의자 PC방의자 게이밍체어 목받침 목쿠션 양반다리 방석,199000,600000,199000,189050.0,https://prs.ohouse.com/apne2/any/uploads/productions/v1-382821337239680.jpg?w=640
123,게이밍의자,2400905,컴퓨터 게이밍의자 GC202,149000,179000,149000,,https://image.ohou.se/image/central_crop/bucketplace-v2-development/uploads-openapi-4833396-1775098097631.jpg/640/640
123,게이밍의자,1480625,아우디 메쉬 침대형의자 학생용 사무용 게이밍 의자 3colors,127000,149000,127000,,https://prs.ohou.se/apne2/any/uploads/productions/v1-343527422844928.jpg?w=640
123,게이밍의자,2969016,고트 타이탄 컴퓨터 게이밍의자 발받침포함 3색상,62900,79900,62900,,https://prs.ohou.se/apne2/any/uploads/productions/v1-266326928764928.jpg?w=640
123,게이밍의자,2310568,ARENA PRIME 메쉬 게이밍 컴퓨터의자 M,299000,359000,299000,279000.0,https://image.ohou.se/image/central_crop/bucketplace-v2-development/uploads-openapi-2805379-1694050893530.jpg/640/640
123,게이밍의자,3295094,게이밍 의자 PC방 컴퓨터 게임 팔걸이 체어 LTY50G,84640,179000,84640,,https://prs.ohou.se/apne2/any/uploads/productions/v1-323321389318144.jpg?w=640
123,게이밍의자,2136513,리서치 게이밍의자 학생의자 공부의자,109900,179000,109900,,https://image.ohou.se/image/central_crop/bucketplace-v2-development/uploads-productions-168689564967278877.jpg/640/640
123,게이밍의자,390187,"""한정수량"" 퀼팅가죽 컴퓨터 PC방 게이밍의자 사무실 책상",79800,179000,79800,75012.0,https://image.ohou.se/image/central_crop/bucketplace-v2-development/uploads-productions-167529520708087566.jpg/640/640
123,게이밍의자,3614240,메쉬 게이밍의자 컴퓨터 학생 서재 사무용 발받침 PC방 의자 홈오피스,62000,169000,62000,58900.0,https://prs.ohouse.com/apne2/any/uploads/productions/v1-393082802274368.jpg?w=640
123,게이밍의자,516906,LB48G 학생 컴퓨터 PC방 높이조절 팔걸이 책상 게이밍 사무실 스틸 프레임 의자,139000,170000,139000,,https://image.ohou.se/image/central_crop/bucketplace-v2-development/uploads-productions-163955610975490808.jpg/640/640
123,게이밍의자,174027,LB51G 포켓스프링 가죽 컴퓨터 PC방 학생 사무실 높이조절 게이밍 의자 3colors,149000,190000,149000,,https://prs.ohouse.com/apne2/any/uploads/productions/v1-364336880107648.jpg?w=640
123,게이밍의자,3329928,슬리핑 리클라이너 침대형의자 게이밍 개인방송 사무실 컴퓨터 책상 무중력의자,149000,300000,149000,138570.0,https://prs.ohou.se/apne2/any/uploads/productions/v1-329710994116672.jpg?w=640
123,게이밍의자,3951179,에이픽스 메쉬 5D MC002 컴퓨터 게이밍의자,189000,229000,189000,,https://image.ohou.se/image/central_crop/bucketplace-v2-development/uploads-openapi-4833396-1770593680143.jpg/640/640
123,게이밍의자,1252513,아우디 침대형의자 게이밍 개인방송 사무실 컴퓨터 책상 무중력의자,139000,188000,139000,,https://prs.ohouse.com/apne2/any/uploads/productions/v1-492402027003904.jpg?w=640
123,게이밍의자,3679727,커스텀체어 L900-PRO 4D PC방 중역 가죽 컴퓨터의자 게이밍 사무용 사무실,324000,441000,324000,,https://prs.ohouse.com/apne2/any/uploads/productions/v1-492535677341824.jpg?w=640
123,게이밍의자,3316168,프로 메쉬체어 통풍 의자 사무 학생 컴퓨터 공부 책상 강의실 회의실 의자,24900,60000,24900,,https://prs.ohou.se/apne2/any/uploads/productions/v1-327205880275008.jpg?w=640
123,게이밍의자,1854742,컴퓨터 게이밍의자 GC201FR 발받침의자,149000,179000,149000,,https://image.ohou.se/image/central_crop/bucketplace-v2-development/uploads-openapi-4833396-1675401268523.jpg/640/640
131,전신거울,2961039,어반 아치형 노프레임 전신거울(거치대 포함) 3/4/5/6/7/800,39000,69900,39000,,https://prs.ohou.se/apne2/any/uploads/productions/v1-263895404236864.jpg?w=640
131,전신거울,2456112,~ / 미드센추리 페이트 아치형 스탠드 전신거울(600/700/800),54900,249800,54900,53253.0,https://prs.ohouse.com/apne2/any/uploads/productions/v1-369353181712384.jpg?w=640
131,전신거울,1335073,[당일출고] 노프레임 비정형 웨이브 전신거울 A-4 + 원목/실버 받침대 선택,49900,129000,49900,47405.0,https://image.ohou.se/image/central_crop/bucketplace-v2-development/uploads-productions-167213115581394306.jpg/640/640
131,전신거울,744052,시그니쳐 거치형 전신거울 3colors,21900,34900,21900,20805.0,https://image.ohou.se/image/central_crop/bucketplace-v2-development/uploads-productions-162485469775930066.jpg/640/640
131,전신거울,343456,전신경 전신거울 3size 3colors (300/400/600),17800,34800,17800,,https://image.ohou.se/image/central_crop/bucketplace-v2-development/uploads-productions-168308246707664480.jpg/640/640
131,전신거울,1030323,[오늘의집 단독] 엘리 아치형 라운드 스탠드 전신거울 400/600,69000,89000,69000,,https://prs.ohouse.com/apne2/any/uploads/productions/v1-499894839005184.jpg?w=640
131,전신거울,1030260,[오늘의집 단독] 엘리 라운드 아치형 수납 전신거울 400,129000,199000,129000,,https://prs.ohouse.com/apne2/any/uploads/productions/v1-396590716940416.png?w=640
131,전신거울,22282,애슐리 원목 전신거울 7colors,57900,79900,57900,54426.0,https://image.ohou.se/image/central_crop/bucketplace-v2-development/uploads-productions-167825809918046066.jpg/640/640
131,전신거울,2269444,[10% 쿠폰] 라운드 스탠드 전신거울 500 벽걸이 인테리어 2color,39900,54000,39900,35910.0,https://image.ohou.se/image/central_crop/bucketplace-v2-development/uploads-productions-169233469440218945.jpg/640/640
131,전신거울,1576400,[오늘의집 단독] 엘리 라운드 와이드 수납 전신 거울 600,149000,219000,149000,142000.0,https://prs.ohouse.com/apne2/any/uploads/productions/v1-396586839392320.png?w=640
131,전신거울,325976,기간한정 할인이벤트! / 대형 와이드 예쁜 전신거울 스탠드 700/1000,49800,79900,49800,48306.0,https://prs.ohouse.com/apne2/any/uploads/productions/v1-495266675720192.jpg?w=640
131,전신거울,3964141,파츠 이동식 아치형 스틸프레임 전신거울 400/500/600/700/800 (비산방지필름),79900,120000,79900,,https://prs.ohouse.com/apne2/any/uploads/productions/v1-475497279053952.jpg?w=640
131,전신거울,2151919,[오늘의집 단독] SPAN 스팬 튜브 프레임 스틸 라운드 전신거울 4 colors,99000,199000,99000,84000.0,https://prs.ohouse.com/apne2/any/uploads/productions/v1-490012563632192.png?w=640
131,전신거울,1619024,[오늘의집 단독] 벌룬 알루미늄프레임 미드센추리모던 스틸 전신거울 실버거울,69900,99900,69900,,https://prs.ohouse.com/apne2/any/uploads/productions/v1-465627027681344.jpg?w=640
131,전신거울,232810,나비드 문걸이 전신거울 300/400 6종택1 3color,17900,45000,17900,16900.0,https://prs.ohouse.com/apne2/any/uploads/productions/v1-490037052518400.jpg?w=640
131,전신거울,510184,~ / 소피아 미드센추리 아치형 전신거울(700/800/900),49900,159000,49900,48403.0,https://prs.ohouse.com/apne2/any/uploads/productions/v1-413938578505856.jpg?w=640
131,전신거울,2961040,[오늘의집 단독] 이프 미드센추리 스틸프레임 전신거울 3colors,99000,180000,99000,,https://prs.ohou.se/apne2/any/uploads/productions/v1-263896733880384.jpg?w=640
131,전신거울,2410584,~ / 미드센추리 코멜리 예쁜 아치형 대형 이동식 전신거울 3size,95000,245000,95000,92150.0,https://prs.ohou.se/apne2/any/uploads/productions/v1-326207057584128.jpg?w=640
131,전신거울,337570,거치경 전신거울 3size 3colors (300/400/600),21640,44000,21640,,https://image.ohou.se/image/central_crop/bucketplace-v2-development/uploads-productions-168308203365571311.jpg/640/640
131,전신거울,1066423,엣지 거치형 전신거울 2colors,23900,49900,23900,22705.0,https://image.ohou.se/image/central_crop/bucketplace-v2-development/uploads-productions-166087152475254585.jpg/640/640
131,전신거울,3602010,웨스티 거울 특대형 비정형 벽걸이형 인테리어 전신거울 (2color),159000,250000,159000,149000.0,https://prs.ohouse.com/apne2/any/uploads/productions/v1-419970171981824.jpg?w=640
131,전신거울,2812146,[오늘의집 단독] 폴스 미러 (7 Colors),518500,610000,518500,492575.0,https://prs.ohouse.com/apne2/any/uploads/productions/v1-505205022990400.jpg?w=640
131,전신거울,1389362,딜라잇 사선형 인테리어 원목 전신거울,129000,309000,129000,122550.0,https://image.ohou.se/image/central_crop/bucketplace-v2-development/uploads-productions-165329250106062574.jpg/640/640
131,전신거울,356235,일루미네이트 전신거울 300/400/600 3size,9900,47000,9900,8900.0,https://prs.ohou.se/apne2/any/uploads/productions/v1-234505461387392.jpg?w=640
131,전신거울,762323,노프레임 타원형 전신거울,61600,102600,61600,52360.0,https://image.ohou.se/image/central_crop/bucketplace-v2-development/uploads-productions-161698791525326926.jpg/640/640
131,전신거울,3579077,국내제작 오블릭 전신거울 스틸프레임 비산방지 400/600/800/1000,169000,220000,169000,157170.0,https://prs.ohouse.com/apne2/any/uploads/productions/v1-485796065644608.jpg?w=640
131,전신거울,2049876,심플한 슬림베젤 라운드 스탠딩 벽걸이 400 전신거울 2colors,32900,38000,32900,31255.0,https://image.ohou.se/image/central_crop/bucketplace-v2-development/uploads-productions-168265728424875867.jpg/640/640
131,전신거울,1357157,예쁜 노프레임 대형 와이드 비정형 조약돌 전신거울,135000,270000,135000,133650.0,https://image.ohou.se/image/central_crop/bucketplace-v2-development/uploads-productions-165293674138818978.jpg/640/640
131,전신거울,3641498,파레드 5단 전신 거울 회전 책장 선반 수납장 장식장 (플랫형) 블랙 월넛,148900,220000,148900,138900.0,https://prs.ohouse.com/apne2/any/uploads/productions/v1-399051312295936.jpg?w=640
131,전신거울,2033119,~ / 트리니 모던 미드센추리 스탠드 대형 전신거울 아치형 3type,99000,140900,99000,96030.0,https://prs.ohouse.com/apne2/any/uploads/productions/v1-492139456479296.jpg?w=640
131,전신거울,458703,라인프레임 전신거울 거치형 2size 3colors(300/400),19900,27900,19900,18905.0,https://prs.ohouse.com/apne2/any/uploads/productions/v1-448271410470912.jpg?w=640
131,전신거울,992678,비정형 전신거울 2size,75000,125000,75000,63750.0,https://prs.ohou.se/apne2/any/uploads/productions/v1-284367284613184.jpg?w=640
131,전신거울,3381800,크렘 벽걸이 스탠드 부클레 전신거울 대형 1600 (2color),169000,250000,169000,159000.0,https://prs.ohouse.com/apne2/any/uploads/productions/v1-365459329327232.jpg?w=640
131,전신거울,1072709,컬렉 대형 인테리어 스탠드 전신거울 400/600/700/800,59900,76000,59900,53910.0,https://prs.ohouse.com/apne2/any/uploads/productions/v1-390854051270656.jpg?w=640
131,전신거울,882898,톤톤우드 전신거울 노프레임 아치형 비산방지 400~600 거치대증정,44900,74900,44900,,https://prs.ohouse.com/apne2/any/uploads/productions/v1-477208208220288.jpg?w=640
131,전신거울,1335156,[당일출고] 프레임 커스텀 가능! 노프레임 비정형 전신거울 A-5+ 받침대 4size,49900,129000,49900,47405.0,https://image.ohou.se/image/central_crop/bucketplace-v2-development/uploads-productions-167823264272797697.png/640/640
131,전신거울,2432608,웨이브거울 특대사 인테리어 스탠드거울 스웨이드거울 벨벳거울 전신거울 물결거울 6colors,99000,115000,99000,,https://image.ohou.se/image/central_crop/bucketplace-v2-development/uploads-productions-169886021068747754.jpg/640/640
131,전신거울,428333,노프레임 아치형 전신거울 3size,61000,101600,61000,51850.0,https://prs.ohou.se/apne2/any/uploads/productions/v1-284367762387072.jpg?w=640
131,전신거울,346485,400 확장형 스탠드형 전신거울 거치형 3colors,29900,49900,29900,,https://prs.ohouse.com/apne2/any/uploads/productions/v1-410419318222912.jpg?w=640
131,전신거울,2988769,키미 전신/거치형 거울,9900,62000,9900,8900.0,https://image.ohou.se/image/central_crop/bucketplace-v2-development/uploads-openapi-764346-1720770909698.jpg/640/640
131,전신거울,3385967,[오늘의집 단독] 아르덴 미러 거울 (S),360000,360000,360000,324000.0,https://prs.ohouse.com/apne2/any/uploads/productions/v1-358811408035904.png?w=640
131,전신거울,1394152,권스 옷장과 벽에 붙이는 거울 접착식 유리 전신 거울 옵션1 직각모서리,11900,14000,11900,11781.0,https://image.ohou.se/image/central_crop/bucketplace-v2-development/uploads-productions-165348008590283763.JPG/640/640
131,전신거울,4063062,재입고 5.9만/ 블링 미드센츄리 이동식 아치형 비산방지 전신거울,69900,129000,69900,62910.0,https://image.ohou.se/image/central_crop/bucketplace-v2-development/uploads-openapi-13187111-1778048937815.jpg/640/640
131,전신거울,3436554,"국내산 전신경, 거치경 스텐드 전신거울 300/400/600",17800,39900,17800,,https://image.ohou.se/image/central_crop/bucketplace-v2-development/uploads-openapi-8459694-1742964596016.jpg/640/640
131,전신거울,3799147,틴토 미러 (S/M/L),320000,320000,320000,288000.0,https://prs.ohouse.com/apne2/any/uploads/productions/v1-504865702445056.png?w=640
131,전신거울,14749,마리에 1500 스탠드 전신거울 4colors,49000,79000,49000,45570.0,https://image.ohou.se/image/central_crop/bucketplace-v2-development/uploads-productions-101797_1.jpg/640/640
131,전신거울,2648992,[단독] 조인 스탠딩 전신거울,209000,265000,209000,,https://prs.ohouse.com/apne2/any/uploads/productions/v1-360462095933504.png?w=640
131,전신거울,1474660,루아 원목 비정형 전신거울 포토존 웨이브거울 드레스룸거울 현관거울 벽걸이전신거울,360000,480000,360000,342000.0,https://image.ohou.se/image/central_crop/bucketplace-v2-development/uploads-productions-165828039944889503.jpg/640/640
131,전신거울,3597800,베러미 304 스텐 아치형 미드센츄리 대형 와이드 전신거울 800,229000,299000,229000,,https://prs.ohouse.com/apne2/any/uploads/productions/v1-394073312850048.jpg?w=640
131,전신거울,3166914,얼룬 고급 특대형 비정형 벽걸이형 인테리어 전신거울(2color),169000,243000,169000,159000.0,https://prs.ohou.se/apne2/any/uploads/productions/v1-318751287349312.jpg?w=640
132,벽거울,2259033,패브릭 쿠션거울 인테리어 벽거울 벽꾸미기 아크릴 유리 원형 벽거울 탁상거울 2colors,44500,59000,44500,42720.0,https://image.ohou.se/image/central_crop/bucketplace-v2-development/uploads-productions-170321338828575813.png/640/640
132,벽거울,3685684,빈티지 아치형 우드 화장대 거울 탁상거울,21900,25000,21900,20805.0,https://prs.ohouse.com/apne2/any/uploads/productions/v1-512282461683712.jpg?w=640
132,벽거울,1923740,led 조명거울 타원벽거울-터치 스위치형 4size,79200,132000,79200,67320.0,https://prs.ohou.se/apne2/any/uploads/productions/v1-332128849833984.jpg?w=640
132,벽거울,1923496,led 조명거울 원형 벽거울-터치 스위치형 5size,59000,98300,59000,50150.0,https://prs.ohou.se/apne2/any/uploads/productions/v1-246813784629376.jpg?w=640
132,벽거울,2817507,TOFTBYN 토프트뷘 거울 화이트 75x165cm,124900,139000,124900,118655.0,https://prs.ohouse.com/apne2/any/uploads/productions/v1-486823825870976.jpg?w=640
132,벽거울,3317154,고급 독일프레임 사각 거울 벽걸이거울 사각형 액자형 인테리어거울,27900,56000,27900,24900.0,https://prs.ohou.se/apne2/any/uploads/productions/v1-328197871923328.jpg?w=640
132,벽거울,3205595,아크릴릭 2mm 두꺼운 붙이는 아크릴 전신 거울 4가지 모양 5size,19900,30000,19900,18905.0,https://prs.ohou.se/apne2/any/uploads/productions/v1-310963283931136.jpg?w=640
132,벽거울,2160475,화장대 욕실 인테리어 아치형 거울 3color,39000,44000,39000,,https://image.ohou.se/image/central_crop/bucketplace-v2-development/uploads-productions-168922032300516739.jpg/640/640
132,벽거울,1719384,오늘출발! 벽걸이거울 부착형거울 원형 거울 욕실 화장대,33600,42800,33600,30600.0,https://image.ohou.se/image/central_crop/bucketplace-v2-development/uploads-productions-166961349241993878.jpg/640/640
132,벽거울,406324,노프레임 타원형 벽거울 욕실거울 화장대거울 4size,34000,56600,34000,28900.0,https://prs.ohou.se/apne2/any/uploads/productions/v1-342101586632704.jpg?w=640
132,벽거울,1288671,못없이 붙이는 무타공 욕실 화장대 원형거울 3size 3colors,31900,50000,31900,30305.0,https://image.ohou.se/image/central_crop/bucketplace-v2-development/uploads-productions-164934506130877437.jpg/640/640
132,벽거울,3521181,미니 감성 실내 포토존 볼록 거울 벽장식 거울,5900,10000,5900,,https://prs.ohouse.com/apne2/any/uploads/productions/v1-512991355543680.jpg?w=640
132,벽거울,3669379,frame mirror 프레임 거울 Black,120000,120000,120000,,https://prs.ohouse.com/apne2/any/uploads/productions/v1-402252050632768.jpg?w=640
132,벽거울,2914601,무타공 접착식거울 미니 부착식 현관 욕실 거울,2500,2900,2500,,https://prs.ohou.se/apne2/any/uploads/productions/v1-254973524254720.jpg?w=640
132,벽거울,3916309,[오늘의집 단독]삼둥이 하트 거울인테리어벽거울 집들이 선물 하트아크릴거울 (3colors),32500,37000,32500,29575.0,https://prs.ohouse.com/apne2/any/uploads/productions/v1-516626829975555.jpg?w=640
132,벽거울,406322,노프레임 원형거울 5size 욕실거울 화장대 거울,19800,33000,19800,16830.0,https://prs.ohou.se/apne2/any/uploads/productions/v1-342088770011200.jpg?w=640
132,벽거울,2958495,인증완료! 10개모양 2mm 깨지지않는 어린이 안전 붙이는 귀여운 아크릴 거울,8500,14000,8500,8075.0,https://prs.ohou.se/apne2/any/uploads/productions/v1-262403039232064.jpg?w=640
132,벽거울,1288665,못없이 붙이는 무타공 욕실 화장대 벽걸이거울 3size3colors,35900,40000,35900,34105.0,https://image.ohou.se/image/central_crop/bucketplace-v2-development/uploads-productions-164934420587020944.jpg/640/640
132,벽거울,4111710,고급 벨벳 타원형 벽거울 카페 화장대 현관 인테리어거울 집들이선물,89000,128000,89000,84550.0,https://prs.ohouse.com/apne2/any/uploads/productions/v1-524116526284928.png?w=640
132,벽거울,3055345,led 조명거울 라운드 사각벽거울 터치형 3size,71200,118600,71200,60520.0,https://prs.ohou.se/apne2/any/uploads/productions/v1-281581797023808.jpg?w=640
132,벽거울,3244908,주문제작 페이스타임 나만의 인테리어 거울 DIY 벽거울 벽꾸미기,51000,100000,51000,48000.0,https://prs.ohouse.com/apne2/any/uploads/productions/v1-368711048884288.jpg?w=640
132,벽거울,35799,원목 원형거울 4size 2colors,29250,45000,29250,,https://image.ohou.se/image/central_crop/bucketplace-v2-development/uploads-productions-1529597757811_pT.jpg/640/640
132,벽거울,1325346,쉽고 왜곡없이 부착하는 안전거울 국내산 맞춤제작 거울 (원하는문구 인쇄 옵션),21000,37800,21000,18000.0,https://image.ohou.se/image/central_crop/bucketplace-v2-development/uploads-productions-165119086965647071.jpg/640/640
132,벽거울,4088924,창문형 아치 벽거울 인테리어 오브제 화이트 거울,39500,54000,39500,39105.0,https://prs.ohouse.com/apne2/any/uploads/productions/v1-505179525754944.jpg?w=640
132,벽거울,4054384,앵커 행잉 미러 탁상거울 벽걸이 인테리어거울 사가형,84600,123500,84600,,https://prs.ohouse.com/apne2/any/uploads/productions/v1-502351973789696.jpg?w=640
132,벽거울,468747,붙이는 아크릴 안전 거울,5900,9900,5900,,https://image.ohou.se/image/central_crop/bucketplace-v2-development/uploads-productions-159901359314734875.jpg/640/640
132,벽거울,2118484,하트 아크릴 벽걸이 거울 매장 인테리어 집들이 선물,17500,27500,17500,,https://image.ohou.se/image/central_crop/bucketplace-v2-development/uploads-productions-169164366743557573.jpg/640/640
132,벽거울,147391,모던 팔각 원목 벽거울 2sizes,69000,92000,69000,63480.0,https://image.ohou.se/image/central_crop/bucketplace-v2-development/uploads-productions-156265016612978338.jpg/640/640
132,벽거울,587864,글램 R 슬림 벽걸이형 전신거울 2size 7colors,46800,60000,46800,46332.0,https://image.ohou.se/image/central_crop/bucketplace-v2-development/uploads-productions-160575187949130223.jpg/640/640
132,벽거울,2510576,아치형 북유럽 앤틱 벽걸이 거울 카페 인테리어 미러 110cm,119900,200000,119900,113905.0,https://image.ohou.se/image/central_crop/bucketplace-v2-development/uploads-openapi-8251659-1703063813595.jpg/640/640
132,벽거울,1923438,led 조명거울 비정형 망고-터치 스위치형,87200,145300,87200,74120.0,https://prs.ohou.se/apne2/any/uploads/productions/v1-329009096257664.jpg?w=640
132,벽거울,3038378,반달 미드센츄리 304스텐 벽걸이거울 화장대 건식욕실거울,84600,114000,84600,83754.0,https://prs.ohou.se/apne2/any/uploads/productions/v1-278735076511808.jpg?w=640
132,벽거울,2516794,볼드 스테인레스 프레임 600 사각 거울 6colors,150000,150000,150000,,https://prs.ohou.se/apne2/any/uploads/productions/v1-348797349376000.png?w=640
132,벽거울,1737339,오브제 원목 긴선반 원형 벽거울 / 욕실거울 (2size 500/600),29900,69900,29900,,https://image.ohou.se/image/central_crop/bucketplace-v2-development/uploads-openapi-13076467-1670401772549.jpg/640/640
132,벽거울,148420,KONDI 사각거울 60x60 라탄,37900,37900,37900,34110.0,https://image.ohou.se/image/central_crop/bucketplace-v2-development/uploads-productions-156280338676079694.jpg/640/640
132,벽거울,1813804,Glass frame mirror 002 2colors,169000,169000,169000,,https://image.ohou.se/image/central_crop/bucketplace-v2-development/uploads-productions-167455538848827132.jpg/640/640
132,벽거울,2987712,미드센츄리 304스텐 프레임 벽걸이 거울 둥근사각형,59800,72000,59800,,https://prs.ohou.se/apne2/any/uploads/productions/v1-267344089043072.jpg?w=640
132,벽거울,1721338,왜곡없는 노프레임 아치형 거울 욕실 화장대 벽걸이 부착형거울,74900,98000,74900,71900.0,https://image.ohou.se/image/central_crop/bucketplace-v2-development/uploads-productions-166968626096814682.jpg/640/640
132,벽거울,1020290,[오늘의집 단독] Newspaper Mirror 뉴스페이퍼 벽걸이 거울,112000,160000,160000,95200.0,https://prs.ohouse.com/apne2/any/uploads/productions/v1-439819471433856.jpg?w=640
132,벽거울,1721699,왜곡없는 노프레임 타원형 거울 벽걸이 부착형거울 욕실 화장대,74900,98000,74900,71900.0,https://image.ohou.se/image/central_crop/bucketplace-v2-development/uploads-productions-166969551388249641.jpg/640/640
132,벽거울,2371725,흡착으로 간편설치! 흡착 원형 면도경 욕실 화장실 화장대 단면거울,8900,12000,8900,8455.0,https://image.ohou.se/image/central_crop/bucketplace-v2-development/uploads-productions-169640465585030067.jpg/640/640
132,벽거울,403655,레어 미드센추리 슬림 벽걸이 실버 탁상거울 집들이선물,19900,30900,19900,,https://image.ohou.se/image/central_crop/bucketplace-v2-development/uploads-productions-168386789485850014.jpg/640/640
132,벽거울,2835122,HM1949 횸 팔각 화장대 거울-DVX,46000,89000,46000,,https://prs.ohou.se/apne2/any/uploads/productions/v1-302092214042752.jpg?w=640
132,벽거울,2817516,HOVET 호베트 거울 알루미늄 78x196cm,169900,231000,169900,161405.0,https://image.ohou.se/image/central_crop/bucketplace-v2-development/uploads-openapi-4605028-1715319979761.jpg/640/640
132,벽거울,1397597,주문제작 인스타그램 거울 흰색Ver 홈카페 인테리어 거울 DIY 벽거울 벽꾸미기,54000,58000,54000,48000.0,https://prs.ohouse.com/apne2/any/uploads/productions/v1-361455596748928.jpg?w=640
132,벽거울,1474598,무타공 304 스텐 무광 접이식 3배 확대 면도 양면 거울,35980,53700,35980,,https://image.ohou.se/image/central_crop/bucketplace-v2-development/uploads-openapi-18473594-1784012490148.jpg/640/640
132,벽거울,1923747,led 조명거울 타원벽거울-on/off 스위치형 4size,79200,132000,79200,67320.0,https://prs.ohou.se/apne2/any/uploads/productions/v1-332129159585920.jpg?w=640
132,벽거울,1813795,Glass frame mirror 001 2colors,119000,119000,119000,,https://image.ohou.se/image/central_crop/bucketplace-v2-development/uploads-productions-168943743704252925.jpg/640/640
132,벽거울,3117726,월넛 사각거울 벽걸이 600X800 인테리어 거울,60000,85000,60000,,https://prs.ohou.se/apne2/any/uploads/productions/v1-296415491801152.jpg?w=640
132,벽거울,3619265,[오늘의집 단독] 클라우드 벽걸이 거울 탁상 인테리어 오브제 꼭꼬핀 4color,26400,34000,26400,25080.0,https://prs.ohouse.com/apne2/any/uploads/productions/v1-524727574286400.jpg?w=640
133,탁상거울,2098713,라운드 탁상거울 화장대 탁상용 화장 거울 타원형 책상 메이크업 스탠드,12400,29900,12400,11780.0,https://image.ohou.se/image/central_crop/bucketplace-v2-development/uploads-productions-168502818285062155.jpg/640/640
133,탁상거울,1697840,아치형 화장대 거울 2size,29500,36000,29500,23600.0,https://prs.ohou.se/apne2/any/uploads/productions/v1-262096574881792.jpg?w=640
133,탁상거울,1833851,가을맞이! 높이조절 3배 확대 양면 메이크업 화장거울 탁상거울,15840,15840,15840,,https://image.ohou.se/image/central_crop/bucketplace-v2-development/uploads-productions-167470987677547326.jpg/640/640
133,탁상거울,484091,노프레임 비정형 거울 모아이 (M),28000,55000,28000,23800.0,https://prs.ohou.se/apne2/any/uploads/productions/v1-343433510809728.jpg?w=640
133,탁상거울,2103476,미드센츄리 모던 노프레임 탁상거울 화장대거울 각도조절 실버 골드,15350,24000,15350,,https://prs.ohouse.com/apne2/any/uploads/productions/v1-418555168837760.png?w=640
133,탁상거울,2271760,오르미 버블미러 미드센츄리 모던 거울,18000,30500,18000,17460.0,https://image.ohou.se/image/central_crop/bucketplace-v2-development/uploads-openapi-20917509-1729663900961.jpg/640/640
133,탁상거울,1573548,스테인 볼 미러 M 메탈 대형 크롬 원형 스탠드 화장대 메이크업 탁상 책상 인테리어 거울,67000,80000,67000,62980.0,https://prs.ohou.se/apne2/any/uploads/productions/v1-338538105000000.jpg?w=640
133,탁상거울,1125020,[오늘의집 단독] 뉴라임 수납거울 (2colors),165000,165000,165000,99000.0,https://image.ohou.se/image/central_crop/bucketplace-v2-development/uploads-productions-163903387982389142.jpg/640/640
133,탁상거울,484081,노프레임 비정형 거울 라바 (M),33000,55000,33000,28050.0,https://prs.ohou.se/apne2/any/uploads/productions/v1-342059093852160.jpg?w=640
133,탁상거울,387905,웨이브미러 S,21000,30000,21000,16800.0,https://image.ohou.se/image/central_crop/bucketplace-v2-development/uploads-productions-159468983689980813.jpg/640/640
133,탁상거울,1457027,비엔나 프레임 거울 벽걸이 화장대거울 탁상거울 현관 미러,97200,167700,97200,,https://prs.ohouse.com/apne2/any/uploads/productions/v1-435488567328896.jpg?w=640
133,탁상거울,3632656,[오늘의집 단독] 블랙 거울 클라우드 오브제 웨이브 비정형거울 빅사이즈 탁상거울,59900,79900,59900,,https://prs.ohouse.com/apne2/any/uploads/productions/v1-517290115960960.png?w=640
133,탁상거울,2714715,비정형 탁상거울 화장대 거울 화장 스탠드 탁상용 책상,9900,15900,9900,9405.0,https://prs.ohou.se/apne2/any/uploads/productions/v1-225709338427520.jpg?w=640
133,탁상거울,1088809,둥근 달 탁상 화장대 거울 (거치대 포함),29900,59900,29900,,https://prs.ohou.se/apne2/any/uploads/productions/v1-245025787433088.jpg?w=640
133,탁상거울,1407715,Zoom mirror NATURAL,108000,108000,108000,,https://prs.ohou.se/apne2/any/uploads/productions/v1-261429747576832.jpg?w=640
133,탁상거울,1992216,미드센츄리 모던 타원 탁상거울 화장대거울 메이크업거울 철제 프레임,13900,17000,13900,13066.0,https://prs.ohouse.com/apne2/any/uploads/productions/v1-418211507867712.png?w=640
133,탁상거울,1643796,크롬 각도조절 탁상 화장대 원형 거울 책상 스탠드 라운드 거울,11900,35000,11900,,https://prs.ohouse.com/apne2/any/uploads/productions/v1-385554702209152.jpg?w=640
133,탁상거울,514408,웨이브미러 M,54000,73750,54000,44000.0,https://prs.ohouse.com/apne2/any/uploads/productions/v1-369125804585088.jpg?w=640
133,탁상거울,2408977,트윙클 미러 대형 탁상거울 책상 인스타 라운드 아치형 회전 각도조절 스탠드 화장대거울,86500,102000,86500,81310.0,https://prs.ohou.se/apne2/any/uploads/productions/v1-337151570976832.jpg?w=640
133,탁상거울,803729,트렌숨 화장거울 스탠드 욕실 양면 확대 (안전포장),14700,16200,14700,13965.0,https://prs.ohou.se/apne2/any/uploads/productions/v1-204442129629248.jpg?w=640
133,탁상거울,2169226,고급형 스테인 볼 미러 S 크롬 탁상 프레임 화장대 메탈 타원 거울 책상,41500,45500,41500,39010.0,https://prs.ohou.se/apne2/any/uploads/productions/v1-336427251462144.jpg?w=640
133,탁상거울,4039799,스퀘어 블랙 몰딩 사각 빈티지 탁상 화장대 미니 오브제 홈데코 감성 거울 2color,46000,69000,46000,,https://prs.ohouse.com/apne2/any/uploads/productions/v1-492496660844608.png?w=640
133,탁상거울,980515,퓨어 메이크업 무선 LED 거울 무드등 충전식 화장대거울 탁상거울,24800,29900,24800,24552.0,https://image.ohou.se/image/central_crop/bucketplace-v2-development/uploads-productions-166382478761929116.jpg/640/640
133,탁상거울,432526,원목 거울받침대,2000,2000,2000,,https://prs.ohouse.com/apne2/any/uploads/productions/v1-437578174074880.jpg?w=640
133,탁상거울,659391,TRENSUM 탁상 거울 스테인리스,13590,29900,13590,12911.0,https://prs.ohouse.com/apne2/any/uploads/productions/v1-486860174393344.jpg?w=640
133,탁상거울,93583,타원 좌경 대 스탠드 원형 화장대 거울 5colors (700 600),28900,50000,28900,26588.0,https://image.ohou.se/image/central_crop/bucketplace-v2-development/uploads-openapi-2948640-1675215245116.jpg/640/640
133,탁상거울,2226570,비정형 웨이브 거울 인테리어 거치 탁상 까페 욕실 벽걸이 벽거울 A형 3colors,19900,25000,19900,19701.0,https://image.ohou.se/image/central_crop/bucketplace-v2-development/uploads-productions-169025156889333984.jpg/640/640
133,탁상거울,1529458,E0 샤르망 아치형 화장대 거울 탁상거울,52000,77000,52000,,https://image.ohou.se/image/central_crop/bucketplace-v2-development/uploads-openapi-1079833-1660623419477.jpg/640/640
133,탁상거울,1748648,망고 탁상 거울(미송/멀바우 받침) 2size(마카펜 증정),25400,30000,25400,,https://image.ohou.se/image/central_crop/bucketplace-v2-development/uploads-productions-167497642750372431.jpg/640/640
133,탁상거울,3886522,LED 화장대 거울 타원형 탁상 화장대조명 비정형 인테리어거울,29800,60000,29800,,https://prs.ohouse.com/apne2/any/uploads/productions/v1-502121596985344.jpg?w=640
133,탁상거울,1507081,커브드 마쉬멜로우 거울 비정형 탁상거울 화장대거울 인테리어 오브제,9900,50000,9900,,https://prs.ohouse.com/apne2/any/uploads/productions/v1-495346229461120.jpg?w=640
133,탁상거울,1034531,브림 원목 비정형 거울 포토존 웨이브거울 탁상거울 화장대거울 3colors,119000,188000,119000,113050.0,https://prs.ohouse.com/apne2/any/uploads/productions/v1-413170978729984.jpg?w=640
133,탁상거울,4054508,모던 심플 아치형 회전 탁상거울 화장대 거울 책상 거울,44900,46000,44900,44451.0,https://image.ohou.se/image/central_crop/bucketplace-v2-development/uploads-openapi-8251659-1777274251646.jpg/640/640
133,탁상거울,1094603,주빌리 트루앤미 비정형거울 노프레임 - 물방울/공룡알 M 사이즈,19900,68900,19900,19303.0,https://prs.ohou.se/apne2/any/uploads/productions/v1-325737715650560.jpg?w=640
133,탁상거울,4148802,클래식 빈티지 아치형 우드 탁상거울 레트로 원목 화장대 거울 벽거울 2size,22800,32600,22800,,https://prs.ohouse.com/apne2/any/uploads/productions/v1-520451747721344.jpg?w=640
133,탁상거울,2241860,뷰티 스퀘어 무선 LED 거울 조명 메이크업 탁상거울 화장대거울,24800,29900,24800,22816.0,https://image.ohou.se/image/central_crop/bucketplace-v2-development/uploads-productions-169085503756616174.jpg/640/640
133,탁상거울,3312853,슬롭 미러 6colors,49000,49000,49000,43120.0,https://prs.ohou.se/apne2/any/uploads/productions/v1-348802210361472.jpg?w=640
133,탁상거울,844040,바일레 화장대 거울 노프레임 원형 탁상 거울,35000,42000,35000,32550.0,https://image.ohou.se/image/central_crop/bucketplace-v2-development/uploads-productions-162183271034800462.jpg/640/640
133,탁상거울,3109688,손 거울(원형),5500,5500,5500,,https://prs.ohou.se/apne2/any/uploads/productions/v1-294665474088960.jpg?w=640
133,탁상거울,1923379,led 조명거울 비정형 모아이M-터치 스위치형,79200,132000,79200,67320.0,https://image.ohou.se/image/central_crop/bucketplace-v2-development/uploads-productions-167808463516384512.jpg/640/640
133,탁상거울,1923392,led 조명거울 비정형 모아이M-on/off 스위치형,79200,132000,79200,67320.0,https://image.ohou.se/image/central_crop/bucketplace-v2-development/uploads-productions-167808474019641597.jpg/640/640
133,탁상거울,1050249,하트 탁상 스탠드 화장대 거울 (3colors),2900,3900,2900,,https://image.ohou.se/image/central_crop/bucketplace-v2-development/uploads-productions-163428712946654040.jpg/640/640
133,탁상거울,3456448,LED 탁상 거울 접이식 화장 접이식 거울 메이크업 C type 무선 조명 거울,16900,20000,16900,16055.0,https://image.ohou.se/image/central_crop/bucketplace-v2-development/uploads-openapi-4541212-1744012308208.jpg/640/640
133,탁상거울,1996206,led 조명거울 비정형 라바M-터치스위치형,79200,132000,79200,67320.0,https://prs.ohouse.com/apne2/any/uploads/productions/v1-435862129909760.jpg?w=640
133,탁상거울,1823888,오브제 원목 스탠드 아치형 비산방지 강화 거울,28900,69900,28900,,https://image.ohou.se/image/central_crop/bucketplace-v2-development/uploads-openapi-13076467-1674106664504.jpg/640/640
133,탁상거울,515922,거치형 슬라이딩 수납거울,59000,117000,59000,58410.0,https://image.ohou.se/image/central_crop/bucketplace-v2-development/uploads-productions-164429561036489158.jpg/640/640
133,탁상거울,3028263,[오늘의집 단독] 뉴스페이퍼 테이블 미러,33600,48000,48000,28560.0,https://prs.ohouse.com/apne2/any/uploads/productions/v1-442971595890752.jpg?w=640
133,탁상거울,3016459,빈티지 격자거울 벽거울 아치형거울 창문거울,68400,86000,68400,64980.0,https://image.ohou.se/image/central_crop/bucketplace-v2-development/uploads-openapi-8251659-1723509842793.jpg/640/640
133,탁상거울,2874098,각도조절 탁상거울 화장대 화장 거울 탁상용 라운드 책상 메이크업 스탠드,14700,34900,14700,13965.0,https://prs.ohou.se/apne2/any/uploads/productions/v1-245294314004544.jpg?w=640
133,탁상거울,1034529,루아 원목 비정형 거울 포토존 웨이브거울 탁상거울 화장대거울 S/M 3colors,62200,108000,62200,59090.0,https://image.ohou.se/image/central_crop/bucketplace-v2-development/uploads-productions-163331423071626430.jpg/640/640
211,드라이플라워,1582511,로즈베이 나뭇가지 천연 오브제 소형,11400,11400,11400,,https://image.ohou.se/image/central_crop/bucketplace-v2-development/uploads-productions-166320621060605626.jpg/640/640
211,드라이플라워,2378044,자연철쭉 말린 나뭇가지 드라이플라워,11900,13000,11900,10710.0,https://image.ohou.se/image/central_crop/bucketplace-v2-development/uploads-productions-169676588544009789.jpg/640/640
211,드라이플라워,795060,미니 아네모네 프리저브드 드라이플라워 6p 1set,15500,16500,15500,13950.0,https://image.ohou.se/image/central_crop/bucketplace-v2-development/uploads-productions-161882853055651411.jpg/640/640
211,드라이플라워,2497071,로즈베이 나뭇가지 천연 오브제 미니,8900,8900,8900,,https://image.ohou.se/image/central_crop/bucketplace-v2-development/uploads-productions-170227613382506558.jpg/640/640
211,드라이플라워,1582543,로즈베이 나뭇가지 천연 오브제 중형,20500,20500,20500,,https://prs.ohouse.com/apne2/any/uploads/productions/v1-433725156622464.jpg?w=640
211,드라이플라워,294250,루나리아 드라이플라워 한단,36000,39000,36000,32400.0,https://image.ohou.se/image/central_crop/bucketplace-v2-development/uploads-productions-163351244760095018.jpg/640/640
211,드라이플라워,2148699,느티나무 나뭇가지 드라이플라워,5000,5000,5000,,https://image.ohou.se/image/central_crop/bucketplace-v2-development/uploads-productions-168739392320207786.jpg/640/640
211,드라이플라워,1918671,천연 드라이플라워 19종,2100,2100,2100,,https://image.ohou.se/image/central_crop/bucketplace-v2-development/uploads-productions-169415697848668567.jpg/640/640
211,드라이플라워,2148029,힐플라워 데이지 프리저브드 드라이꽃 5p 1set (3color),11500,12900,11500,10350.0,https://image.ohou.se/image/central_crop/bucketplace-v2-development/uploads-productions-168733573559644181.jpg/640/640
211,드라이플라워,1110668,생화 프리저브드 유칼립투스 블랙잭 줄기 2개,8800,12000,8800,,https://image.ohou.se/image/central_crop/bucketplace-v2-development/uploads-productions-163785279552678198.jpg/640/640
211,드라이플라워,33950,컬러풀 라그라스 드라이플라워 9colors,6900,9900,6900,,https://image.ohou.se/image/central_crop/bucketplace-v2-development/uploads-productions-1504665403_104276_1.jpg/640/640
211,드라이플라워,1593467,코인 리프 프리저브드 3p 드라이플라워 루나리아,7300,9000,7300,6570.0,https://image.ohou.se/image/central_crop/bucketplace-v2-development/uploads-productions-169286857391074850.jpg/640/640
211,드라이플라워,253385,유칼립투스 블랙잭 / 베이비블루 1단,15900,15900,15900,,https://image.ohou.se/image/central_crop/bucketplace-v2-development/uploads-productions-158371955753089789.jpg/640/640
211,드라이플라워,1534110,미듐 천연 팜파스 갈대 드라이플라워,11400,11400,11400,,https://image.ohou.se/image/central_crop/bucketplace-v2-development/uploads-productions-166070344447350179.jpg/640/640
211,드라이플라워,1559685,1.5m/1.8m 긴 곱슬버들 천연 드라이플라워,17500,17500,17500,,https://image.ohou.se/image/central_crop/bucketplace-v2-development/uploads-productions-166183228029903564.jpg/640/640
211,드라이플라워,1570648,파라리스 플라워 프리저브드 한단 3color,13000,14000,13000,11700.0,https://image.ohou.se/image/central_crop/bucketplace-v2-development/uploads-productions-169633763112342282.jpg/640/640
211,드라이플라워,3001889,유칼립투스 니콜리 프리저브드 시나몬 컵 천연방향제 촬영소품 테이블장식 오브제 내방꾸미기,10600,12000,10600,10100.0,https://prs.ohou.se/apne2/any/uploads/productions/v1-271100023787648.jpg?w=640
211,드라이플라워,67528,팜파스 프리저브드 한묶음(60CM),6800,8500,6800,,https://image.ohou.se/image/central_crop/bucketplace-v2-development/uploads-productions-1539308793_104213_1.jpg/640/640
211,드라이플라워,1593593,루나리아 - 프리저브드플라워 한묶음,24800,27000,24800,,https://image.ohou.se/image/central_crop/bucketplace-v2-development/uploads-productions-166369280117331885.jpg/640/640
211,드라이플라워,1593591,프리저브드플라워 - 화이트 루스커스 한 줄기,9100,11000,9100,,https://image.ohou.se/image/central_crop/bucketplace-v2-development/uploads-productions-166369107201071985.jpg/640/640
211,드라이플라워,2422576,미니 골든플라워 스틱 드라이플라워 2p 1set,6900,8000,6900,6210.0,https://image.ohou.se/image/central_crop/bucketplace-v2-development/uploads-productions-169839739954034244.jpg/640/640
211,드라이플라워,635767,시네신스 드라이플라워 3color 택1,5500,5500,5500,,https://image.ohou.se/image/central_crop/bucketplace-v2-development/uploads-productions-160939569824473466.jpg/640/640
211,드라이플라워,2148492,연자 핸드메이드 드라이플라워,5400,5400,5400,,https://image.ohou.se/image/central_crop/bucketplace-v2-development/uploads-productions-168739353587112898.jpg/640/640
211,드라이플라워,25756,미니 팜파스 드라이플라워 묶음_6colors,8800,12600,8800,,https://image.ohou.se/image/central_crop/bucketplace-v2-development/uploads-productions-1490937125_103471_1.jpg/640/640
211,드라이플라워,2801829,드라이 팜파스 대형 갈대,8000,9900,8000,,https://prs.ohou.se/apne2/any/uploads/productions/v1-237469390749824.jpg?w=640
211,드라이플라워,1414091,팝 아네모네 프리저브드 드라이플라워 4color,10900,12000,10900,9810.0,https://image.ohou.se/image/central_crop/bucketplace-v2-development/uploads-productions-168792668119224682.jpg/640/640
211,드라이플라워,3060130,프리저브드 플라워 시들지 않는 생화 미니 꽃다발 납골당꽃 추모공원꽃,14900,19900,14900,,https://prs.ohou.se/apne2/any/uploads/productions/v1-282284676157504.jpg?w=640
211,드라이플라워,672214,드라이플라워 골든유칼립투스 미니꽃다발 원목 냉장고꾸미기 현관꾸미기 사진꽂이,15900,23000,15900,,https://image.ohou.se/image/central_crop/bucketplace-v2-development/uploads-productions-161613435911214049.jpg/640/640
211,드라이플라워,267922,생화 프리저브드 장미 꽃다발 5color +쇼핑백 (오후2시주문까지 당일출고),28900,35900,28900,,https://image.ohou.se/image/central_crop/bucketplace-v2-development/uploads-productions-170260494487528763.jpg/640/640
211,드라이플라워,791474,좁은잎 루스커스 프리저브드 한단 보존화,22000,23000,22000,19800.0,https://image.ohou.se/image/central_crop/bucketplace-v2-development/uploads-productions-161855184583722711.jpg/640/640
211,드라이플라워,438163,브릴랑 시나몬 나무코스터 화분 (천연모기기피제) - 3color,7900,14900,7900,,https://image.ohou.se/image/central_crop/bucketplace-v2-development/uploads-productions-165355465031999923.jpg/640/640
211,드라이플라워,2180591,보라색꽃 오하이오블루 프리저브드플라워 소량 드라이 말린꽃 청첩장 재료,7900,8000,7900,,https://prs.ohou.se/apne2/any/uploads/productions/v1-318132087914560.jpg?w=640
211,드라이플라워,1609265,엽난 프리저브드 화이트 드라이플라워 1p,5900,62000,5900,5310.0,https://image.ohou.se/image/central_crop/bucketplace-v2-development/uploads-productions-166435505235698727.jpg/640/640
211,드라이플라워,1594099,내추럴 아네모네 프리저브드 1P,5900,6600,5900,5310.0,https://image.ohou.se/image/central_crop/bucketplace-v2-development/uploads-productions-166372807887374138.jpg/640/640
211,드라이플라워,66178,은은한 분위기 메이커 드라이플라워 조화 장식꽃 10종,5500,5500,5500,,https://image.ohou.se/image/central_crop/bucketplace-v2-development/uploads-productions-1538371170252_Xt31xrEBhj.jpg/640/640
211,드라이플라워,671193,드라이플라워 노란안개꽃 현관 냉장고자석 사진꽂이 핸드메이드 우드 자석 미니꽃다발,15900,23000,15900,,https://image.ohou.se/image/central_crop/bucketplace-v2-development/uploads-productions-161362766308911512.jpg/640/640
211,드라이플라워,673090,관절인형 마네킹과 미니 꽃다발 3 color,13800,15500,13800,,https://image.ohou.se/image/central_crop/bucketplace-v2-development/uploads-productions-1538630406361_6gNm.jpg/640/640
211,드라이플라워,1612481,천일홍&미스티블루 미니꽃다발,14320,16800,14320,,https://image.ohou.se/image/central_crop/bucketplace-v2-development/uploads-productions-166446882495822232.jpg/640/640
211,드라이플라워,57826,미니 컬러 골든볼 5P,3920,4900,3920,,https://image.ohou.se/image/central_crop/bucketplace-v2-development/uploads-productions-1534468470057_2a.jpg/640/640
211,드라이플라워,413779,프리저브드플라워 - 선플라워 씨드 플라워(5송이) 2colors,10900,10900,10900,,https://image.ohou.se/image/central_crop/bucketplace-v2-development/uploads-productions-159497074322243963.jpg/640/640
211,드라이플라워,1525453,화이트 니겔라 프리저브드 드라이플라워 한묶음,8300,9000,8300,7470.0,https://image.ohou.se/image/central_crop/bucketplace-v2-development/uploads-productions-169874583094451890.jpg/640/640
211,드라이플라워,1891016,제주 천연 팜리프 드라이플라워,9400,9400,9400,,https://image.ohou.se/image/central_crop/bucketplace-v2-development/uploads-productions-167685883642824786.jpg/640/640
211,드라이플라워,2276600,동글동글 옐로우 골든볼 플라워 10줄기 세트,10000,15000,10000,,https://image.ohou.se/image/central_crop/bucketplace-v2-development/uploads-productions-169252055236473507.jpg/640/640
211,드라이플라워,1643479,헬리크라섬과유칼립투스믹스다발(3color),12150,13500,12150,,https://image.ohou.se/image/central_crop/bucketplace-v2-development/uploads-productions-166576360571429452.jpg/640/640
211,드라이플라워,521874,벽인테리어 소품샵 드라이플라워 목화3P 냉장고 자석 현관꾸미기 핸드메이드 엽서증정,15900,21000,15900,,https://image.ohou.se/image/central_crop/bucketplace-v2-development/uploads-productions-160741161499909989.jpg/640/640
211,드라이플라워,1915379,프리저브드 천연 안개꽃,21300,21300,21300,,https://image.ohou.se/image/central_crop/bucketplace-v2-development/uploads-productions-167772302377085283.jpg/640/640
211,드라이플라워,4056922,천연 나뭇가지 용버들가지 대형 나무가지 드라이플라워,18500,25000,18500,,https://prs.ohouse.com/apne2/any/uploads/productions/v1-526861232996480.jpg?w=640
211,드라이플라워,1644029,블랙베리 - 드라이플라워(한줄기),5870,6500,5870,,https://image.ohou.se/image/central_crop/bucketplace-v2-development/uploads-productions-166590914354193484.jpg/640/640
211,드라이플라워,1643481,쁘띠리스(프리저브드)6종,8910,9900,8910,,https://image.ohou.se/image/central_crop/bucketplace-v2-development/uploads-productions-166576426454142903.jpg/640/640
211,드라이플라워,2180044,스타티스 프리저브드플라워 소량 드라이 플라워 리스 diy 꽃,8000,8100,8000,,https://prs.ohou.se/apne2/any/uploads/productions/v1-317090286440576.jpg?w=640
212,리스·가랜드,844299,루시드 달개비 시나몬 가랜드 모기 벌레 기피 천연 방향제 인테리어,15900,24900,15900,,https://image.ohou.se/image/central_crop/bucketplace-v2-development/uploads-productions-162183510412888023.jpg/640/640
212,리스·가랜드,317058,올리브열매가지 가랜드,11900,13000,11900,,https://image.ohou.se/image/central_crop/bucketplace-v2-development/uploads-productions-158995876515487872.jpg/640/640
212,리스·가랜드,3787063,[오늘의집 단독] 메네 포근한 양모 니트 크리스마스 가랜드,36800,47900,36800,,https://prs.ohouse.com/apne2/any/uploads/productions/v1-427121934782528.jpg?w=640
212,리스·가랜드,224502,목화 유칼리툽스 조화 북유럽 가랜드,18100,20900,18100,,https://image.ohou.se/image/central_crop/bucketplace-v2-development/uploads-productions-157743519911400106.jpg/640/640
212,리스·가랜드,539705,크리스마스 리스(대-전구 포함),12900,35900,12900,,https://image.ohou.se/image/central_crop/bucketplace-v2-development/uploads-productions-160387053167487937.jpg/640/640
212,리스·가랜드,3184148,PE 100 프리미엄 전나무 크리스마스 가랜드,29800,29900,29800,,https://prs.ohou.se/apne2/any/uploads/productions/v1-307314130018432.jpg?w=640
212,리스·가랜드,458728,클레마티스 조화 레몬시나몬 가랜드,17500,23000,17500,15750.0,https://image.ohou.se/image/central_crop/bucketplace-v2-development/uploads-productions-159826418942880571.jpg/640/640
212,리스·가랜드,992927,올리브가든 꽃 가랜드 에어컨커버 장식 (+나무집게2ea),11900,18000,11900,,https://image.ohou.se/image/central_crop/bucketplace-v2-development/uploads-productions-163038644505833666.jpg/640/640
212,리스·가랜드,3814006,크리스마스 뜨개 미니 가랜드,9300,11100,9300,,https://image.ohou.se/image/central_crop/bucketplace-v2-development/uploads-openapi-764557-1762411015884.jpg/640/640
212,리스·가랜드,725498,골드링 레터링 올리브조화 리스,19900,22000,19900,17910.0,https://image.ohou.se/image/central_crop/bucketplace-v2-development/uploads-productions-161434561524462317.jpg/640/640
212,리스·가랜드,1447540,납골당 보고픔 꽃다발+코너리스 세트 손편지카드,26900,29900,26900,,https://image.ohou.se/image/central_crop/bucketplace-v2-development/uploads-productions-165665863578183966.jpg/640/640
212,리스·가랜드,316922,그리너리 자작나무 가랜드,12900,13900,12900,,https://image.ohou.se/image/central_crop/bucketplace-v2-development/uploads-productions-158995797282336428.jpg/640/640
212,리스·가랜드,558414,장미 유칼립투스 가랜드 벽장식 인테리어소품_3colors,18700,21900,18700,18513.0,https://image.ohou.se/image/central_crop/bucketplace-v2-development/uploads-productions-1604901293_101140_1.jpg/640/640
212,리스·가랜드,896080,빈티지 올리브 조화 가랜드,16500,17500,16500,14850.0,https://prs.ohouse.com/apne2/any/uploads/productions/v1-502052931158144.png?w=640
212,리스·가랜드,1082127,크리스마스 미니트리 마크라메 가랜드 파티 장식,23900,38900,23900,,https://image.ohou.se/image/central_crop/bucketplace-v2-development/uploads-productions-163608161160211093.jpg/640/640
212,리스·가랜드,1092891,눈꽃 모빌 크리스마스 아크릴 모형 트리장식,17300,29000,17300,,https://image.ohou.se/image/central_crop/bucketplace-v2-development/uploads-productions-163669547237410673.jpg/640/640
212,리스·가랜드,3170609,크리스마스용 장식 리스 풍성한 레드 크리스마스 리스 40cm,28900,28900,28900,,https://prs.ohou.se/apne2/any/uploads/productions/v1-304326535417920.jpg?w=640
212,리스·가랜드,575673,크리스마스 가랜드 오늘도 트리 장식 홈 파티 이벤트 소품,8900,9900,8900,8811.0,https://image.ohou.se/image/central_crop/bucketplace-v2-development/uploads-productions-1605751548_102117_1.jpg/640/640
212,리스·가랜드,1628210,솔방울 메리 리스 캔들용 리스 크리스마스 소품 장식_2colors,14900,29400,14900,,https://image.ohou.se/image/central_crop/bucketplace-v2-development/uploads-openapi-13184684-1698213432275.jpg/640/640
212,리스·가랜드,642407,(DIY KIT) 유칼립투스 가랜드 만들기,32000,32000,32000,,https://image.ohou.se/image/central_crop/bucketplace-v2-development/uploads-productions-161113486398175022.jpg/640/640
212,리스·가랜드,520744,1+1 / 크리스마스 리스 벽 장식 풀세트 완제품 유광볼 실버 500mm 소품,110800,110800,110800,,https://image.ohou.se/image/central_crop/bucketplace-v2-development/uploads-productions-1602903191_103639_19.jpg/640/640
212,리스·가랜드,317320,아디안텀 자작나무 가랜드,13900,17900,13900,,https://image.ohou.se/image/central_crop/bucketplace-v2-development/uploads-productions-159036449852166762.jpg/640/640
212,리스·가랜드,3041149,겨울 눈꽃 장식 가랜드 크리스마스 홈파티,1200,1200,1200,,https://image.ohou.se/image/central_crop/bucketplace-v2-development/uploads-openapi-23570024-1731648418138.jpg/640/640
212,리스·가랜드,3172713,크리스마스 벽걸이 원형 리스 캔들링 현관문 장식 조화 소품 연말 꾸미기,15900,19900,15900,15105.0,https://image.ohou.se/image/central_crop/bucketplace-v2-development/uploads-openapi-20341222-1730998694983.jpg/640/640
212,리스·가랜드,2458277,크리스마스 리스 가랜드 클래식 레드오크,29900,35000,29900,,https://image.ohou.se/image/central_crop/bucketplace-v2-development/uploads-productions-170005002530677343.jpg/640/640
212,리스·가랜드,3843994,X-MAS 크리스마스 파티 인테리어 소품 벽장식 가랜드+LED 전구,7900,9900,7900,,https://prs.ohouse.com/apne2/any/uploads/productions/v1-440411026743360.jpg?w=640
212,리스·가랜드,575678,크리스마스 가랜드 다각형 패턴 트리 장식 홈 파티 이벤트 소품,8900,9900,8900,,https://image.ohou.se/image/central_crop/bucketplace-v2-development/uploads-productions-1605751574_101464_1.jpg/640/640
212,리스·가랜드,1067636,크리스마스 리스 벽장식 LED 이자벨라 그레이 750mm 벽걸이 소품 현관 문,206300,231000,206300,,https://image.ohou.se/image/central_crop/bucketplace-v2-development/uploads-openapi-4309368-1782183995370.jpg/640/640
212,리스·가랜드,99769,그린 리프 갈란드 HM,9520,11900,9520,,https://image.ohou.se/image/central_crop/bucketplace-v2-development/uploads-productions-1554367583057_I75gbhyZ.jpg/640/640
212,리스·가랜드,3173545,벨벳 리본 리스 도어벨 크리스마스 미니 리스 오너먼트,3800,5800,3800,,https://prs.ohou.se/apne2/any/uploads/productions/v1-304914850787328.jpg?w=640
212,리스·가랜드,3858850,크리스마스 리스 고급 무장식 원형 벽장식 350mm PVC 데코 꾸미기 만들기,7300,8300,7300,,https://image.ohou.se/image/central_crop/bucketplace-v2-development/uploads-openapi-4309368-1764729378983.jpg/640/640
212,리스·가랜드,69497,자작나무 플라워 행잉 가랜드 디퓨저 세트 2종,29900,74900,29900,,https://image.ohou.se/image/central_crop/bucketplace-v2-development/uploads-productions-1540361305_103202_1.jpg/640/640
212,리스·가랜드,2455823,크리스마스리스 장식 (대) 눈사람리스1p,12100,12100,12100,,https://image.ohou.se/image/central_crop/bucketplace-v2-development/uploads-openapi-20956788-1699953592037.jpg/640/640
212,리스·가랜드,494451,목화 스웨이드 올리브 가랜드,19600,24500,19600,,https://image.ohou.se/image/central_crop/bucketplace-v2-development/uploads-productions-1600850275_104994_1.jpg/640/640
212,리스·가랜드,3058674,유칼립투스 조화 리스 현관문장식 카페 벽 인테리어 소품,16400,16800,16400,15900.0,https://prs.ohou.se/apne2/any/uploads/productions/v1-282072030629952.jpg?w=640
212,리스·가랜드,163120,심플 올리브 조화 가랜드,12900,15000,12900,11610.0,https://prs.ohou.se/apne2/any/uploads/productions/v1-334693415694400.jpg?w=640
212,리스·가랜드,2461853,펠트가랜드(소)크리스마스 장식소품 가랜드 배너 파티,5000,5000,5000,,https://image.ohou.se/image/central_crop/bucketplace-v2-development/uploads-openapi-19571016-1700205198414.jpg/640/640
212,리스·가랜드,2489257,반달 별 크리스마스리스 장식,12000,15000,12000,,https://image.ohou.se/image/central_crop/bucketplace-v2-development/uploads-productions-170182631936857127.jpg/640/640
212,리스·가랜드,2422786,메리크리스마스 리틀 타이포 가랜드,7900,14000,7900,,https://image.ohou.se/image/central_crop/bucketplace-v2-development/uploads-productions-169848524658744556.jpg/640/640
212,리스·가랜드,574560,노엘 트리 가랜드,6500,14500,6500,,https://image.ohou.se/image/central_crop/bucketplace-v2-development/uploads-productions-160568191946446925.jpg/640/640
212,리스·가랜드,134120,바이번들 마크라메 화분 걸이 - (넝쿨조화 6종) 그린 조화 인테리어 행잉플랜트,15900,19990,15900,,https://image.ohou.se/image/central_crop/bucketplace-v2-development/uploads-productions-165424725563706460.jpg/640/640
212,리스·가랜드,2452914,크리스마스펠트가랜드(산타양말),3000,3000,3000,,https://image.ohou.se/image/central_crop/bucketplace-v2-development/uploads-openapi-19571016-1699860100062.jpg/640/640
212,리스·가랜드,1998636,카네이션 성묘 리스 조화 꽃 ㄱ자 23cm (2pcs) 납골당 산소 봉안당,37500,37500,37500,,https://image.ohou.se/image/central_crop/bucketplace-v2-development/uploads-openapi-4309368-1779068014784.jpg/640/640
212,리스·가랜드,3827411,크리스마스 가랜드 세트 산타 루돌프 홈 데코 눈사람 트리 파티 소품,14500,18000,14500,,https://prs.ohouse.com/apne2/any/uploads/productions/v1-435927056162945.jpg?w=640
212,리스·가랜드,543982,유칼립투스 리본 가랜드,11200,14000,11200,,https://image.ohou.se/image/central_crop/bucketplace-v2-development/uploads-productions-160403480227360522.jpg/640/640
212,리스·가랜드,1610223,플리커프리 은하수 LED 전구 크리스마스 가랜드 트리(오너먼트전구포함),54900,87100,54900,,https://prs.ohou.se/apne2/any/uploads/productions/v1-200174055813184.jpg?w=640
212,리스·가랜드,420015,폴리안 둥근잎 유칼립투스 조화 가랜드,8900,12000,8900,8010.0,https://prs.ohou.se/apne2/any/uploads/productions/v1-334691836293248.jpg?w=640
212,리스·가랜드,2390934,포인세티아 베리 크리스마스 가랜드 조화,45000,52800,45000,,https://image.ohou.se/image/central_crop/bucketplace-v2-development/uploads-openapi-764557-1697183642129.jpg/640/640
212,리스·가랜드,445358,그리너리 편백 루스커스 생화가랜드,22800,32600,22800,,https://image.ohou.se/image/central_crop/bucketplace-v2-development/uploads-productions-168740943943678738.jpg/640/640
212,리스·가랜드,639617,엘리쉬 금전운 미모사 부케 가랜드,15600,24900,15600,15444.0,https://image.ohou.se/image/central_crop/bucketplace-v2-development/uploads-productions-1609846016_104029_1.jpg/640/640
213,부케·화관·웨딩,3450529,감사 카네이션 플라워 브로치,7200,12000,7200,,https://prs.ohou.se/apne2/any/uploads/productions/v1-356553378684992.jpg?w=640
213,부케·화관·웨딩,3417193,슈슈 카네이션 코사지 브로치 어버이날 용돈 상자 스승의날 선생님 엄마 아빠 선물,15000,15000,15000,,https://prs.ohou.se/apne2/any/uploads/productions/v1-349924413853824.jpg?w=640
213,부케·화관·웨딩,59708,수국 플라워 화관,8400,10500,8400,,https://image.ohou.se/image/central_crop/bucketplace-v2-development/uploads-productions-1535605505_104176_1.jpg/640/640
213,부케·화관·웨딩,511872,가든장미 안개화관,12500,19000,12500,,https://image.ohou.se/image/central_crop/bucketplace-v2-development/uploads-productions-160248018786245573.jpg/640/640
213,부케·화관·웨딩,453841,들꽃 크림 화관,9900,12900,9900,,https://image.ohou.se/image/central_crop/bucketplace-v2-development/uploads-productions-159788294116787497.jpg/640/640
213,부케·화관·웨딩,347280,퍼플 블러썸 화관+팔찌SET,19900,19900,19900,,https://image.ohou.se/image/central_crop/bucketplace-v2-development/uploads-productions-159105819195378944.jpg/640/640
213,부케·화관·웨딩,1308681,가정의달 어버이날 골드 카네이션 브로치 부모님 스승의날 선물,5500,9800,5500,,https://image.ohou.se/image/central_crop/bucketplace-v2-development/uploads-productions-165042365111259008.jpg/640/640
213,부케·화관·웨딩,3445171,웨딩부케 l 빈티지 튤립 조화부케 셀프웨딩촬영 'Pink & Purple Bouquet',68900,79000,68900,,https://prs.ohou.se/apne2/any/uploads/productions/v1-355625834446848.jpg?w=640
213,부케·화관·웨딩,3356856,실크플라워 믹스부케,15900,15900,15900,,https://prs.ohou.se/apne2/any/uploads/productions/v1-337104334778432.jpg?w=640
213,부케·화관·웨딩,338822,데이지 안개 화관_3colors,11900,11900,11900,,https://image.ohou.se/image/central_crop/bucketplace-v2-development/uploads-productions-159062608710102548.jpg/640/640
213,부케·화관·웨딩,3356849,루이스 장미 부케,15900,15900,15900,,https://prs.ohou.se/apne2/any/uploads/productions/v1-337103087493120.jpg?w=640
213,부케·화관·웨딩,3356881,자나장미 부케,24900,24900,24900,,https://prs.ohou.se/apne2/any/uploads/productions/v1-337106955677824.jpg?w=640
213,부케·화관·웨딩,1992513,웨딩선물 미니어처 신랑 신부 라벤더화관 세트,22000,25000,22000,,https://image.ohou.se/image/central_crop/bucketplace-v2-development/uploads-productions-168050057973990905.jpg/640/640
213,부케·화관·웨딩,2788170,카네이션 1 조화코사지 부토니에 4color,5200,6500,5200,,https://prs.ohou.se/apne2/any/uploads/productions/v1-235267893690432.jpg?w=640
213,부케·화관·웨딩,313096,들꽃 나비 화관,9900,9900,9900,,https://image.ohou.se/image/central_crop/bucketplace-v2-development/uploads-productions-158986389631116735.jpg/640/640
213,부케·화관·웨딩,1384426,겹접시꽃 조화 꽃 부토니에 셀프웨딩 브라이드 12cm 촬영 장식,13500,15300,13500,,https://image.ohou.se/image/central_crop/bucketplace-v2-development/uploads-openapi-4309368-1775698554430.jpg/640/640
213,부케·화관·웨딩,3673575,빈티지 조화 꽃팔찌 웨딩 브라덜샤워 파티 사진 촬영 스튜디오 소품,4500,4500,4500,,https://prs.ohouse.com/apne2/any/uploads/productions/v1-403139862036608.jpg?w=640
213,부케·화관·웨딩,347287,블루밍화관+팔찌SET,19900,19900,19900,,https://image.ohou.se/image/central_crop/bucketplace-v2-development/uploads-productions-159105873946928735.jpg/640/640
213,부케·화관·웨딩,1749598,조화화관 아기 베일화관 화동 돌 백일 촬영소품,23500,25000,23500,,https://image.ohou.se/image/central_crop/bucketplace-v2-development/uploads-productions-167102045546101888.jpg/640/640
213,부케·화관·웨딩,338803,피치 화관,11900,11900,11900,,https://image.ohou.se/image/central_crop/bucketplace-v2-development/uploads-productions-159062539055025556.jpg/640/640
213,부케·화관·웨딩,143886,미니 플라워 화관_4colors 결혼식 촬영 소품,2500,5000,2500,,https://image.ohou.se/image/central_crop/bucketplace-v2-development/uploads-productions-156205195922386714.jpg/640/640
213,부케·화관·웨딩,288269,셀프 스몰 웨딩 꽃 플라워 팔찌,4000,5000,4000,,https://image.ohou.se/image/central_crop/bucketplace-v2-development/uploads-productions-158763506665248189.jpg/640/640
213,부케·화관·웨딩,2938132,셀프웨딩 촬영 브라이덜샤워 꽃팔찌 레이스 조화 파티 소품,5900,10000,5900,,https://prs.ohou.se/apne2/any/uploads/productions/v1-258864369438784.jpg?w=640
213,부케·화관·웨딩,1191768,셀프 웨딩 브라이덜샤워 화관 & 조화 팔찌 시즌3,14890,16400,14890,,https://image.ohou.se/image/central_crop/bucketplace-v2-development/uploads-productions-164343893236948812.jpg/640/640
213,부케·화관·웨딩,309915,와일드화관+팔찌+부토니에 SET,16900,16900,16900,,https://image.ohou.se/image/central_crop/bucketplace-v2-development/uploads-productions-158976978235880941.jpg/640/640
213,부케·화관·웨딩,1719326,화이트 호접난 드롭 부케 웨딩 촬영 꽃다발,120000,120000,120000,,https://image.ohou.se/image/central_crop/bucketplace-v2-development/uploads-productions-166961204509154767.jpeg/640/640
213,부케·화관·웨딩,511886,진주장미화관,12500,19000,12500,,https://image.ohou.se/image/central_crop/bucketplace-v2-development/uploads-productions-160248055951562603.jpg/640/640
213,부케·화관·웨딩,1153181,셀프 웨딩 조화 꽃화관 시즌2 5colors,3550,3950,3550,,https://image.ohou.se/image/central_crop/bucketplace-v2-development/uploads-productions-164083891787156908.jpg/640/640
213,부케·화관·웨딩,1884509,호접란 조화 꽃 코사지 셀프웨딩 19cm 2컬러 촬영 부토니에 장식 소품,11000,11300,11000,,https://image.ohou.se/image/central_crop/bucketplace-v2-development/uploads-openapi-4309368-1776047775846.jpg/640/640
213,부케·화관·웨딩,898213,아기화관 셀프웨딩 브라이덜샤워 촬영 소품 꽃왕관 화관 모음,12500,18000,12500,,https://image.ohou.se/image/central_crop/bucketplace-v2-development/uploads-productions-162485667744940016.jpg/640/640
213,부케·화관·웨딩,1384434,미니플라워 조화 꽃 화관 셀프웨딩 플로리 20cm 촬영 장식 소품,12000,13200,12000,,https://image.ohou.se/image/central_crop/bucketplace-v2-development/uploads-openapi-4309368-1776047920525.jpg/640/640
213,부케·화관·웨딩,511418,내츄럴 들꽃 화관,11900,18000,11900,,https://image.ohou.se/image/central_crop/bucketplace-v2-development/uploads-productions-160246802544670591.jpg/640/640
213,부케·화관·웨딩,1156973,셀프 웨딩 조화 꽃화관 시즌2 5color,2900,3250,2900,,https://image.ohou.se/image/central_crop/bucketplace-v2-development/uploads-productions-164127464350723453.jpg/640/640
213,부케·화관·웨딩,2609956,브라이덜샤워 셀프웨딩 촬영 소품 연두 꽃 화관 조화 머리띠 헤어 파티 용품,8900,54000,8900,,https://prs.ohou.se/apne2/any/uploads/productions/v1-219965162197120.jpg?w=640
213,부케·화관·웨딩,2559246,유칼립투스 넝쿨 조화 가랜드(길이 2M)조화리스 카페 결혼식장,4700,9900,4700,,https://prs.ohou.se/apne2/any/uploads/productions/v1-201879890739200.jpg?w=640
213,부케·화관·웨딩,59731,N.Y bloom 셀프웨딩 부토니에,5520,6900,5520,,https://image.ohou.se/image/central_crop/bucketplace-v2-development/uploads-productions-1535615409_103163_1.jpg/640/640
213,부케·화관·웨딩,685074,카네이션 코사지 프리미엄 (벌크형) 2컬러 조화 어버이날 스승의날,2100,2100,2100,,https://image.ohou.se/image/central_crop/bucketplace-v2-development/uploads-openapi-4309368-1768966746066.jpg/640/640
213,부케·화관·웨딩,3775074,핸드메이드 장미 리본 모티브 커튼 집게 인테리어 커텐 소품 장식 고정 홀더,12000,12000,12000,,https://prs.ohouse.com/apne2/any/uploads/productions/v1-422808180777024.jpg?w=640
213,부케·화관·웨딩,451794,조화 깃털 부토니에,5900,7000,5900,,https://image.ohou.se/image/central_crop/bucketplace-v2-development/uploads-productions-159773922335878309.jpg/640/640
213,부케·화관·웨딩,511440,델피니움 화관,13500,19000,13500,,https://image.ohou.se/image/central_crop/bucketplace-v2-development/uploads-productions-160246850352092961.jpg/640/640
213,부케·화관·웨딩,3774524,핸드메이드 쉬폰 오간디 리본 보석 장식 커튼 집게 인테리어 커텐 소품 장식 고정 홀더,9700,9700,9700,,https://prs.ohouse.com/apne2/any/uploads/productions/v1-421701881593984.jpg?w=640
213,부케·화관·웨딩,1848777,가정의달 카네이션코사지 스프레이 레드 핑크,3800,3800,3800,,https://image.ohou.se/image/central_crop/bucketplace-v2-development/uploads-productions-167536663703548090.jpg/640/640
213,부케·화관·웨딩,1384424,다알리아 조화 꽃 팔찌 셀프웨딩 브라이드 웨딩 12cm 촬영 장식 소품,12500,13900,12500,,https://image.ohou.se/image/central_crop/bucketplace-v2-development/uploads-openapi-4309368-1775698417257.jpg/640/640
213,부케·화관·웨딩,310254,들꽃 라넌 큘러스 화관,11900,11900,11900,,https://image.ohou.se/image/central_crop/bucketplace-v2-development/uploads-productions-158977693617793918.jpg/640/640
213,부케·화관·웨딩,807970,가정의달 생화 카네이션 어버이날 선물 스승의날 코사지 자석형 + 화병 SET,22500,25000,22500,,https://image.ohou.se/image/central_crop/bucketplace-v2-development/uploads-productions-161957777360686446.JPG/640/640
213,부케·화관·웨딩,2704828,블룸 리스 카네이션 브로치 + 용돈봉투 증정,8500,14000,8500,,https://prs.ohou.se/apne2/any/uploads/productions/v1-224751703388288.jpg?w=640
213,부케·화관·웨딩,1995608,웨딩선물 미니어처 신랑 신부 로맨틱 화관 세트,22000,25000,22000,,https://image.ohou.se/image/central_crop/bucketplace-v2-development/uploads-productions-168058599361025003.jpg/640/640
213,부케·화관·웨딩,288261,셀프 스몰 웨딩 헤어장식 화관,8900,12000,8900,,https://image.ohou.se/image/central_crop/bucketplace-v2-development/uploads-productions-158763451836719339.jpg/640/640
213,부케·화관·웨딩,1156789,브라이덜샤워 셀프웨딩 꽃화관+꽃팔찌 시즌3 4colors,12630,13900,12630,,https://image.ohou.se/image/central_crop/bucketplace-v2-development/uploads-productions-164127083030499730.jpg/640/640
213,부케·화관·웨딩,2730353,카네이션 조화 코사지 러블리 다알리아 15cm 3컬러 꽃 어버이날 선물,10500,10500,10500,,https://image.ohou.se/image/central_crop/bucketplace-v2-development/uploads-openapi-4309368-1771487028103.jpg/640/640
221,장식소품,1814186,인테리어책 모형책 모던 빈티지 가짜책 촬영소품,790,790,790,,https://image.ohou.se/image/central_crop/bucketplace-v2-development/uploads-productions-168952929270425534.jpg/640/640
221,장식소품,2112834,[오늘의집 단독] 투데스 스파이럴 홀더 칫솔꽂이,48000,48000,48000,,https://prs.ohouse.com/apne2/any/uploads/productions/v1-418160948674560.png?w=640
221,장식소품,2358314,미니어처 낚시고양이 화분 데코소품 인테리어 장식 피규어,3000,9000,3000,,https://image.ohou.se/image/central_crop/bucketplace-v2-development/uploads-productions-169577799259952683.jpg/640/640
221,장식소품,3684549,스탠딩모빌 Petal Float Standing Mobile(3Color),55000,65000,55000,52250.0,https://prs.ohouse.com/apne2/any/uploads/productions/v1-427119493431360.png?w=640
221,장식소품,1773939,인테리어 책 잡지 모형책 가짜책 빈티지 촬영소품 페이크북 49종,900,1800,900,,https://image.ohou.se/image/central_crop/bucketplace-v2-development/uploads-productions-169622210341260953.JPG/640/640
221,장식소품,2222669,자체제작 버터 수납 모형책 리모컨 정리함 수납박스 보관함 인테리어북 19type 4size,2800,5200,2800,2520.0,https://prs.ohouse.com/apne2/any/uploads/productions/v1-442597441802304.jpg?w=640
221,장식소품,3206091,현관 소금단지 황금거북이 달항아리,22000,24000,22000,,https://prs.ohou.se/apne2/any/uploads/productions/v1-310993804083328.jpg?w=640
221,장식소품,3885617,[오늘의집 단독] 무드 철제 티슈케이스 휴지함 수납 정리함 메모보드,33500,43000,33500,,https://prs.ohouse.com/apne2/any/uploads/productions/v1-448240598409280.jpg?w=640
221,장식소품,3489970,라탄 벽장식 겸 나무발 트레이 포토액자 벽가리개 장식트레이,15700,30000,15700,,https://prs.ohouse.com/apne2/any/uploads/productions/v1-364027289141376.jpg?w=640
221,장식소품,764023,감성 인테리어소품 철제오브제 화병디자인 시리즈,31000,47000,31000,,https://image.ohou.se/image/central_crop/bucketplace-v2-development/uploads-productions-161708263805379399.jpg/640/640
221,장식소품,3590788,레옹마틸다 피규어 인테리어 장식소품 집들이선물,22900,41700,22900,,https://prs.ohouse.com/apne2/any/uploads/productions/v1-386346522710016.jpg?w=640
221,장식소품,386975,장식용 모조 인테리어북 촬영소품 모형책 (64 type),900,3200,900,,https://image.ohou.se/image/central_crop/bucketplace-v2-development/uploads-productions-165043173513600748.png/640/640
221,장식소품,3863607,Meditating Cat,17500,21500,17500,15750.0,https://prs.ohouse.com/apne2/any/uploads/productions/v1-467452879888512.jpg?w=640
221,장식소품,2157859,연필 인더 연필 히든 수납 펜꽂이 펜홀더,9900,14900,9900,,https://image.ohou.se/image/central_crop/bucketplace-v2-development/uploads-productions-168835988576178294.jpg/640/640
221,장식소품,3421084,인테리어 소품 모던 커플 연인 허그 오브제 GHD25,11900,18000,11900,10710.0,https://prs.ohou.se/apne2/any/uploads/productions/v1-350952433979520.jpg?w=640
221,장식소품,1422688,라디오미터 스탠딩모빌 유리 오브제 모빌 썬캐쳐,28500,34900,28500,26505.0,https://image.ohou.se/image/central_crop/bucketplace-v2-development/uploads-productions-165993908367772941.jpg/640/640
221,장식소품,3874408,레돈도 셰이커 박스 소형,10900,10900,10900,9810.0,https://prs.ohouse.com/apne2/any/uploads/productions/v1-522127199088768.jpg?w=640
221,장식소품,695003,클래식 레이스 매트 king szie 홈데코 인테리어 패브릭 소품 가리개 매트,5900,7500,5900,,https://image.ohou.se/image/central_crop/bucketplace-v2-development/uploads-productions-161344455499008476.jpg/640/640
221,장식소품,1991734,플랜츠 디자인 인테리어 스탠딩 모빌 (4color),34000,34000,34000,,https://image.ohou.se/image/central_crop/bucketplace-v2-development/uploads-productions-169803324621836845.jpg/640/640
221,장식소품,2976763,수납형 자석 모형책 리모컨 정리함 촬영소품 (18type),4900,7900,4900,,https://prs.ohouse.com/apne2/any/uploads/productions/v1-450375326445632.jpg?w=640
221,장식소품,3567431,행운 액막이명태 집들이 개업선물 고급선물포장,16900,17900,16900,16731.0,https://prs.ohouse.com/apne2/any/uploads/productions/v1-382727296233536.png?w=640
221,장식소품,1412280,우드 원숭이 목각인형 원목 인테리어 소품 장식,22800,29000,22800,21800.0,https://image.ohou.se/image/central_crop/bucketplace-v2-development/uploads-productions-165473849925015860.JPG/640/640
221,장식소품,181848,빈티지 영문 페이퍼 7장 SET 인테리어 카페 홈데코 앤틱 소품,1800,8900,1800,,https://image.ohou.se/image/central_crop/bucketplace-v2-development/uploads-productions-156948124100410677.jpg/640/640
221,장식소품,1492067,사과 배 과일 세라믹 오브제 도자기 화기 - 배,16900,25000,16900,15210.0,https://prs.ohouse.com/apne2/any/uploads/productions/v1-457127953354816.jpg?w=640
221,장식소품,3799390,링클 팟커버 이오난사 오브제 미니화분,17900,30000,17900,,https://prs.ohouse.com/apne2/any/uploads/productions/v1-525383658037376.jpg?w=640
221,장식소품,3994076,잔디매트증정 하우스 연필꽂이 칫솔꽂이 데스크테리어 인테리어 소품 핸드메이드 인센스 홀더,19800,24500,19800,,https://prs.ohouse.com/apne2/any/uploads/productions/v1-479064984440896.jpg?w=640
221,장식소품,3474341,아날로그 웨더스테이션 알루미늄 쇠테리어 온도 기압 습도계 베어크슈타트,49500,55000,49500,,https://prs.ohouse.com/apne2/any/uploads/productions/v1-361204036669568.jpg?w=640
221,장식소품,3909669,[오늘의집 단독] evoke reflection ; frame 스테인리스 쇠테리어 벽 거울,57000,91200,57000,51300.0,https://prs.ohouse.com/apne2/any/uploads/productions/v1-455989625012224.jpg?w=640
221,장식소품,1882874,벌룬 강아지 오브제 컬러 벌룬독 인테리어 장식 소품 6colors,14630,22500,14630,,https://image.ohou.se/image/central_crop/bucketplace-v2-development/uploads-productions-167661322020487846.jpg/640/640
221,장식소품,3960371,"[오늘의집 단독] Man of Think, The Future",15500,18000,15500,13950.0,https://prs.ohouse.com/apne2/any/uploads/productions/v1-468766850723968.jpg?w=640
221,장식소품,1496453,인테리어 양면 모형 가짜 소품 킨포크 잡지 매거진 책 촬영소품 11종,3500,3500,3500,3325.0,https://image.ohou.se/image/central_crop/bucketplace-v2-development/uploads-productions-169943034574363922.png/640/640
221,장식소품,1954400,생각하는사람 몽상 오브제 샌드 인테리어 소품 집들이선물,5700,7000,5700,,https://image.ohou.se/image/central_crop/bucketplace-v2-development/uploads-productions-167895265208146561.jpg/640/640
221,장식소품,3575897,인테리어 소품 토끼 세라믹 북엔드 오브제 장식 GHD27,12700,34000,12700,,https://prs.ohouse.com/apne2/any/uploads/productions/v1-383518356459648.jpg?w=640
221,장식소품,3437642,1+1 무료배송! 수납형 자석 모형책 리모컨 정리함 촬영소품 (15type),9800,15800,9800,,https://prs.ohouse.com/apne2/any/uploads/productions/v1-519389781536768.jpg?w=640
221,장식소품,1641367,승리의 여신 화이트 니케 장식 조각상 그리스 석고상 여신상,6330,14000,6330,,https://image.ohou.se/image/central_crop/bucketplace-v2-development/uploads-productions-166573573490376987.jpg/640/640
221,장식소품,1979093,[리퍼] [1+1] 조명삭스 멀티탭 전선 가리개 정리 코드커버 인테리어 소품 8colors,9400,19400,9400,8460.0,https://image.ohou.se/image/central_crop/bucketplace-v2-development/uploads-productions-167634286438271270.jpg/640/640
221,장식소품,3746740,블랙 사과 오브제,22000,22000,22000,,https://prs.ohouse.com/apne2/any/uploads/productions/v1-414314245185664.png?w=640
221,장식소품,2832485,우산쓴 우비소녀 피규어 테라리움 비바리움 소품,1900,3800,1900,,https://prs.ohou.se/apne2/any/uploads/productions/v1-243006181920768.jpg?w=640
221,장식소품,811760,피오니 스퀘어 레이스 소품 뜨개 가리개 패브릭,8900,15590,8900,,https://image.ohou.se/image/central_crop/bucketplace-v2-development/uploads-productions-161969274748312275.jpg/640/640
221,장식소품,1785284,원목 액막이명태 북어 차량용악세사리,12500,20000,12500,,https://prs.ohouse.com/apne2/any/uploads/productions/v1-432854351057024.jpg?w=640
221,장식소품,919893,인테리어 바구니 오브제 바스켓,20000,26000,20000,,https://image.ohou.se/image/central_crop/bucketplace-v2-development/uploads-productions-169201400216405684.jpg/640/640
221,장식소품,3024751,편백나무 소원각인 자석 부착 액막이 명태 인형 집들이선물 이사 개업 선물,16500,29000,16500,,https://prs.ohouse.com/apne2/any/uploads/productions/v1-415441793069184.jpg?w=640
221,장식소품,3427154,"굿럭피쉬 투톤 /액막이 명태/ 집들이, 개업식 선물",32000,32000,32000,,https://prs.ohou.se/apne2/any/uploads/productions/v1-351670391697536.jpg?w=640
221,장식소품,1002065,카페 감성 엔틱 조각상 인테리어 미니 석고상_12types,5500,8800,5500,,https://image.ohou.se/image/central_crop/bucketplace-v2-development/uploads-productions-167083872546925130.jpg/640/640
221,장식소품,3382029,[오늘의집 단독] 투데스 아파트먼트 오일버너 캔들홀더 L,122000,122000,122000,,https://prs.ohouse.com/apne2/any/uploads/productions/v1-472931451572352.jpg?w=640
221,장식소품,1273248,벌레퇴치 시나몬 소품 3종 SET 천연 계피 스틱 실내 방향제 집들이 선물세트,16900,25500,16900,,https://image.ohou.se/image/central_crop/bucketplace-v2-development/uploads-productions-164862057419514028.jpg/640/640
221,장식소품,2324074,생각하는 사람 몽상가 모던느낌 오브제 인테리어 조각상 감성 장식소품,4900,8900,4900,,https://image.ohou.se/image/central_crop/bucketplace-v2-development/uploads-productions-169459391805804095.jpg/640/640
221,장식소품,1247059,시나몬 스틱 캔들 인테리어소품,3200,3800,3200,,https://image.ohou.se/image/central_crop/bucketplace-v2-development/uploads-productions-164750594796480979.jpg/640/640
221,장식소품,1146359,패션 인테리어책 잡지 페이크북 모형책 가짜책 촬영소품 (76type),730,5800,730,,https://prs.ohouse.com/apne2/any/uploads/productions/v1-452912792645696.jpg?w=640
221,장식소품,2593722,열리는 수납 모형책 인테리어 가짜 책 촬영 소품샵,3200,3500,3200,,https://image.ohou.se/image/central_crop/bucketplace-v2-development/uploads-openapi-19520212-1707201374928.jpg/640/640
222,오르골,2811303,중성마녀 오르골 마카오&조마 집들이 선물 피규어,32000,36800,32000,,https://prs.ohou.se/apne2/any/uploads/productions/v1-239814653009984.jpg?w=640
222,오르골,256350,원목 그랜드 피아노 오르골,28000,33000,28000,,https://image.ohou.se/image/central_crop/bucketplace-v2-development/uploads-productions-158405893948144385.jpg/640/640
222,오르골,1148561,앤틱 상자 회전 발레리나 우드 미러 오르골 3타입,47800,85000,47800,,https://image.ohou.se/image/central_crop/bucketplace-v2-development/uploads-productions-164066488489445610.jpg/640/640
222,오르골,1844236,뮤직박스 우드 오르골 인생은 회전목마,39500,43600,39500,,https://prs.ohouse.com/apne2/any/uploads/productions/v1-512320207212544.png?w=640
222,오르골,3495490,앤틱 재봉틀 오르골 레트로 인테리어 장식품,12000,25000,12000,,https://prs.ohouse.com/apne2/any/uploads/productions/v1-365419428212736.jpg?w=640
222,오르골,1696295,건전지 없이 재생하는 수동 태엽 원목 오르골 디자인 토끼 그네 천공의성 라퓨타,35500,35500,35500,,https://image.ohou.se/image/central_crop/bucketplace-v2-development/uploads-productions-166840876492876801.jpg/640/640
222,오르골,58261,엔틱 우드 회전목마 오르골,5900,11500,5900,,https://image.ohou.se/image/central_crop/bucketplace-v2-development/uploads-productions-170363637194338509.jpg/640/640
222,오르골,3070730,[해외] 미국 MrChristmas 미스터크리스마스 백화점 회전목마 오르골 뮤직박스,599900,650000,599900,,https://image.ohou.se/image/central_crop/bucketplace-v2-development/uploads-openapi-4541212-1726119195598.jpg/640/640
222,오르골,2923900,하울의 움직이는 성OST 인생의 회전목마 메이플 보석함 오르골,98000,102000,98000,,https://prs.ohou.se/apne2/any/uploads/productions/v1-256493556822016.jpg?w=640
222,오르골,135983,철제사각엔틱보석함 오르골(AH-009A),90000,90000,90000,87300.0,https://image.ohou.se/image/central_crop/bucketplace-v2-development/uploads-productions-1560830323462_NgcRgFuS.jpg/640/640
222,오르골,1702712,건전지 없이 재생하는 수동 태엽 원목 오르골 디자인 곰돌이시소 천공의성 라퓨타,32300,32300,32300,,https://image.ohou.se/image/central_crop/bucketplace-v2-development/uploads-productions-166865382865425846.jpg/640/640
222,오르골,2148634,핑크 선물상자 발레리나 워터볼 오르골,37600,44000,37600,,https://image.ohou.se/image/central_crop/bucketplace-v2-development/uploads-openapi-764557-1687395339895.jpg/640/640
222,오르골,3073205,너의 이름은OST 전전전세 오르골 사각투명,42000,46000,42000,41580.0,https://prs.ohou.se/apne2/any/uploads/productions/v1-285142610022464.jpg?w=640
222,오르골,3070731,[해외] 크리스마스 회전목마 관람차 오르골 인테리어 장식품,33900,34000,33900,,https://image.ohou.se/image/central_crop/bucketplace-v2-development/uploads-openapi-4541212-1726119197956.jpg/640/640
222,오르골,3111120,짱구 오르골 무드등 TV 피규어 집들이선물 인테리어소품 굿즈,32000,35000,32000,28480.0,https://prs.ohou.se/apne2/any/uploads/productions/v1-294982102949952.jpg?w=640
222,오르골,548843,캐리비안 해적 미니 보석함(AD-001A/B),49000,49000,49000,,https://image.ohou.se/image/central_crop/bucketplace-v2-development/uploads-productions-160438285653197899.jpg/640/640
222,오르골,279972,조명 돔 오르골(RP-시리즈),55000,55000,55000,54450.0,https://image.ohou.se/image/central_crop/bucketplace-v2-development/uploads-productions-158701340790410175.jpg/640/640
222,오르골,3846322,bookaz 크리스마스 트럭 자동차 오르골,79800,138000,79800,77800.0,https://image.ohou.se/image/central_crop/bucketplace-v2-development/uploads-openapi-18541424-1764214538407.jpg/640/640
222,오르골,3845949,bookaz 크리스마스 트랙터 자동차 오르골,79800,128000,79800,77800.0,https://image.ohou.se/image/central_crop/bucketplace-v2-development/uploads-openapi-18541424-1764206737148.jpg/640/640
222,오르골,464584,엔틱 피아노 오르골 뮤직박스 인테리어 소품 장식 노래상자,7500,7900,7500,,https://image.ohou.se/image/central_crop/bucketplace-v2-development/uploads-openapi-1603581-1769044362918.jpg/640/640
222,오르골,513268,칼라 대관람차 북해도 오르골,73000,73000,73000,,https://image.ohou.se/image/central_crop/bucketplace-v2-development/uploads-productions-160256328634984375.jpg/640/640
222,오르골,3845142,bookaz 크리스마스 회전기차 8종 오르골,35800,59800,35800,34010.0,https://image.ohou.se/image/central_crop/bucketplace-v2-development/uploads-openapi-18541424-1764142411314.jpg/640/640
222,오르골,3846237,bookaz 크리스마스 실속 소확행 오르골 8종,19800,49800,19800,18810.0,https://image.ohou.se/image/central_crop/bucketplace-v2-development/uploads-openapi-18541424-1764211554689.jpg/640/640
222,오르골,1688310,건전지 없이 재생하는 수동 태엽 원목 오르골 디자인 공중전화부스 천공의성 라퓨타,32500,32500,32500,,https://image.ohou.se/image/central_crop/bucketplace-v2-development/uploads-productions-166797059464608922.jpg/640/640
222,오르골,2960783,슬램덩크OST 널 좋아한다고 외치고 싶어 오르골 사각투명,42000,46000,42000,,https://prs.ohou.se/apne2/any/uploads/productions/v1-262139852410880.jpg?w=640
222,오르골,1777500,크리스마스 직사각 랜턴형 LED 워터볼 무드등 스노우볼오르골,53900,59000,53900,,https://image.ohou.se/image/central_crop/bucketplace-v2-development/uploads-productions-167223743963821139.jpg/640/640
222,오르골,3846342,bookaz 크리스마스 선물배달 기차 오르골,89800,198000,89800,87800.0,https://image.ohou.se/image/central_crop/bucketplace-v2-development/uploads-openapi-18541424-1764215544321.jpg/640/640
222,오르골,2476617,bookaz 크리스마스 오르골 10.스퀘어 엔틱 눈사람,29800,41800,29800,28310.0,https://image.ohou.se/image/central_crop/bucketplace-v2-development/uploads-productions-170114196808232828.jpeg/640/640
222,오르골,4011782,대만 우드 오르골 뮤직박스 회전목마,28900,28900,28900,27900.0,https://image.ohou.se/image/central_crop/bucketplace-v2-development/uploads-openapi-8980477-1774581204644.jpg/640/640
222,오르골,3139026,화이트 크리스마스 오르골 루돌프 산타 White Christmas,38000,42000,38000,,https://prs.ohou.se/apne2/any/uploads/productions/v1-301732251217920.jpg?w=640
222,오르골,776232,클래식 축음기 턴테이블 오르골,6500,7900,6500,,https://image.ohou.se/image/central_crop/bucketplace-v2-development/uploads-openapi-1603581-1716267780469.jpg/640/640
222,오르골,3173268,짱구 오르골 TV 무드등 피규어 선물 정식굿즈,32000,36000,32000,28800.0,https://prs.ohou.se/apne2/any/uploads/productions/v1-304892806266880.jpg?w=640
222,오르골,1844176,뮤직박스 우드 오르골 봄날의 시소,36200,39600,36200,,https://image.ohou.se/image/central_crop/bucketplace-v2-development/uploads-productions-167521839733744201.jpg/640/640
222,오르골,1281859,엔틱 타자기 오르골 보석함 뮤직박스 인테리어소품,12500,19900,12500,,https://image.ohou.se/image/central_crop/bucketplace-v2-development/uploads-openapi-1603581-1774851853884.jpg/640/640
222,오르골,1844218,뮤직박스 우드 오르골 칙칙폭폭 기차여행,36200,39600,36200,,https://image.ohou.se/image/central_crop/bucketplace-v2-development/uploads-productions-167521948480171878.jpg/640/640
222,오르골,125343,돔 멜로디 박스 오르골 (DA-053) - 22곡중선택,35000,35000,35000,,https://image.ohou.se/image/central_crop/bucketplace-v2-development/uploads-productions-1558420453963_w.jpg/640/640
222,오르골,1222930,빈티지 바이올린 오르골 뮤직박스,7900,12900,7900,,https://image.ohou.se/image/central_crop/bucketplace-v2-development/uploads-openapi-1603581-1774852317065.jpg/640/640
222,오르골,583170,너도밤 원목 회전목마 뮤직박스 오르골,38000,38000,38000,,https://image.ohou.se/image/central_crop/bucketplace-v2-development/uploads-productions-15650448075461_J0b1m.jpg/640/640
222,오르골,2528432,미니 축음기 오르골 악기 뮤직박스 빈티지 인테리어 소품 오브제 (2colors),12900,16900,12900,11223.0,https://prs.ohou.se/apne2/any/uploads/productions/v1-195957032464384.jpg?w=640
222,오르골,131760,원목 괘종시계 오르골 (YA-217S),95000,95000,95000,87400.0,https://image.ohou.se/image/central_crop/bucketplace-v2-development/uploads-productions-1559709909548_rYm9MR.jpg/640/640
222,오르골,226997,인테리어 엔틱 회전목마 오르골 3color,5900,10900,5900,,https://image.ohou.se/image/central_crop/bucketplace-v2-development/uploads-openapi-4401736-1773043909321.jpg/640/640
222,오르골,221310,앤틱 재봉틀 오르골,20600,22600,20600,,https://image.ohou.se/image/central_crop/bucketplace-v2-development/uploads-productions-1576820897_108748_1.jpg/640/640
222,오르골,2766397,오르골 관람차 회전목마 여자친구선물,29600,50000,29600,,https://prs.ohou.se/apne2/any/uploads/productions/v1-234887527092288.jpg?w=640
222,오르골,1844494,뮤직박스 우드 오르골 첫사랑 두근거림,39500,43900,39500,,https://image.ohou.se/image/central_crop/bucketplace-v2-development/uploads-productions-167522566207897252.jpg/640/640
222,오르골,226330,인테리어 피아노 오르골,7900,9900,7900,,https://image.ohou.se/image/central_crop/bucketplace-v2-development/uploads-openapi-4401736-1769664373593.jpg/640/640
222,오르골,1860963,레트로 엔틱 재봉틀 오르골 수납함,12900,12900,12900,11610.0,https://image.ohou.se/image/central_crop/bucketplace-v2-development/uploads-openapi-11020360-1675759285897.jpg/640/640
222,오르골,662682,엔틱 타자기 오르골 멜로디 뮤직박스 수납함,11500,11500,11500,10695.0,https://image.ohou.se/image/central_crop/bucketplace-v2-development/uploads-productions-15650448031374_ARUzH.jpg/640/640
222,오르골,1845278,뮤직박스 우드 오르골 벚꽃 나무 아래서,39500,43900,39500,37525.0,https://image.ohou.se/image/central_crop/bucketplace-v2-development/uploads-productions-167523661049668946.jpg/640/640
222,오르골,1844074,뮤직박스 우드 오르골 빙글빙글,54900,62000,54900,,https://image.ohou.se/image/central_crop/bucketplace-v2-development/uploads-productions-167521566080589508.jpg/640/640
222,오르골,129309,원목 그랜드피아노 오르골(B-526S),79000,79000,79000,,https://image.ohou.se/image/central_crop/bucketplace-v2-development/uploads-productions-1559106136468_8BGOXul.jpg/640/640
223,피규어·프라모델,174624,귀요미 고양이 피규어 미니어쳐 9종세트,9000,15000,9000,,https://image.ohou.se/image/central_crop/bucketplace-v2-development/uploads-productions-156756455232731533.jpg/640/640
223,피규어·프라모델,1031004,마지스 핑기 Pingy,976800,976800,976800,,https://prs.ohou.se/apne2/any/uploads/productions/v1-301722148970624.png?w=640
223,피규어·프라모델,690062,손흔드는 일본 복고양이 마네키네코 3종,6820,7500,6820,,https://image.ohou.se/image/central_crop/bucketplace-v2-development/uploads-productions-161285458890716750.jpg/640/640
223,피규어·프라모델,1268203,미니 흰색 강아지 모형 3P,9000,9000,9000,,https://image.ohou.se/image/central_crop/bucketplace-v2-development/uploads-productions-164844654911153565.jpg/640/640
223,피규어·프라모델,978293,고민 고양이 피규어 9종세트 홈데코 인테리어 소품,12700,14000,12700,,https://image.ohou.se/image/central_crop/bucketplace-v2-development/uploads-productions-162943850149106008.jpg/640/640
223,피규어·프라모델,3817638,귀여운 대파 피리 랜덤 가챠 리코더 악기 쓸데없는 쓸모없는 웃긴 선물 킹받는 생일 재밌는,20000,20000,20000,,https://image.ohou.se/image/central_crop/bucketplace-v2-development/uploads-openapi-21508896-1762710599277.jpg/640/640
223,피규어·프라모델,1315509,미니어처 오렌지 열대어 모형 4P,4000,4000,4000,,https://image.ohou.se/image/central_crop/bucketplace-v2-development/uploads-productions-165085705039744985.jpg/640/640
223,피규어·프라모델,2545396,피규어 인형 소품 보관케이스 스페셜E타입 3층x2칸 6칸형(세로형) (앞덮개포함),90820,95600,90820,,https://prs.ohou.se/apne2/any/uploads/productions/v1-199765848486016.jpg?w=640
223,피규어·프라모델,2096781,10pc 원령공주 코다마 야광 피규어 축광 고다마 테라리움 숲의 정령,8400,13800,8400,,https://image.ohou.se/image/central_crop/bucketplace-v2-development/uploads-productions-168498256027361301.jpg/640/640
223,피규어·프라모델,3750411,수달 가족 피규어 미니어처 테라리움 비바리움,1100,1100,1100,,https://prs.ohouse.com/apne2/any/uploads/productions/v1-415348036714624.jpg?w=640
223,피규어·프라모델,1267661,미니 갈색 강아지 모형 3P,9000,9000,9000,,https://image.ohou.se/image/central_crop/bucketplace-v2-development/uploads-productions-164843542582059170.jpg/640/640
223,피규어·프라모델,3103942,디즈니 클래식 크리스탈 피규어 미키마우스 2012 1118830,1250000,1250000,1250000,,https://prs.ohou.se/apne2/any/uploads/productions/v1-293282450088064.jpg?w=640
223,피규어·프라모델,3103381,디즈니 클래식 크리스탈 피규어 피터 팬 - 팅커벨 1073747,1000000,1000000,1000000,,https://prs.ohou.se/apne2/any/uploads/productions/v1-292589522313344.jpg?w=640
223,피규어·프라모델,2044721,진산메디칼 치아모형 (소) 치과 치아구조 양치교육 구강,55000,75000,55000,,https://image.ohou.se/image/central_crop/bucketplace-v2-development/uploads-openapi-1048157-1682484133609.jpg/640/640
223,피규어·프라모델,3739438,마이티잭스 산리오 캔디랜드 시리즈 헬로키티 디오라마세트 피규어,68500,68500,68500,,https://prs.ohouse.com/apne2/any/uploads/productions/v1-413217927647232.png?w=640
223,피규어·프라모델,2430749,스키비디 토일렛 피규어 6종세트,19700,19700,19700,,https://image.ohou.se/image/central_crop/bucketplace-v2-development/uploads-productions-169880045920871797.jpg/640/640
223,피규어·프라모델,3590646,마이티잭스 산리오 헬로키티 아즈마 마코토 시리즈 랜덤피규어 엑스레이피규어,24000,24000,24000,,https://prs.ohouse.com/apne2/any/uploads/productions/v1-417751393517696.png?w=640
223,피규어·프라모델,1300510,푸처핸섭 애니멀 피규어 펜홀더 에어팟거치대 5종세트,8900,14500,8900,,https://image.ohou.se/image/central_crop/bucketplace-v2-development/uploads-productions-164998757226804701.jpg/640/640
223,피규어·프라모델,3097847,디즈니 클래식 크리스탈 피규어 피노키오 2010 1016766,562500,562500,562500,,https://prs.ohou.se/apne2/any/uploads/productions/v1-291875965894656.jpg?w=640
223,피규어·프라모델,3661698,스누피 모니터 피규어 캐릭터 찰리브라운 차량용 소품 굿즈 장식,9900,12000,9900,,https://prs.ohouse.com/apne2/any/uploads/productions/v1-400480368443392.jpg?w=640
223,피규어·프라모델,1486018,CBB 피규어 블라인드 시리즈 - Forest club 랜덤박스,13800,13800,13800,,https://image.ohou.se/image/central_crop/bucketplace-v2-development/uploads-productions-165880830193281237.jpg/640/640
223,피규어·프라모델,1390338,짱구 피규어 동물탈 세트 2탄 캐릭터 미니 피규어,25900,36900,25900,,https://image.ohou.se/image/central_crop/bucketplace-v2-development/uploads-productions-165336426149139520.jpg/640/640
223,피규어·프라모델,3103373,디즈니 클래식 크리스탈 피규어 알라딘 - 라고 5617346,312500,312500,312500,,https://prs.ohou.se/apne2/any/uploads/productions/v1-292587866603584.jpg?w=640
223,피규어·프라모델,2544665,건담장식장 피규어진열장 레고케이스 스페셜 C타입 1층x2칸 2칸형(앞/뒷덮개포함),31600,31600,31600,,https://prs.ohou.se/apne2/any/uploads/productions/v1-199737386643584.jpg?w=640
223,피규어·프라모델,780191,BTS 방탄 소년단 모니터 피규어 7종 (타이니탄 캐릭터 인형 굿즈 비티에스 방탄공식굿즈),18090,20000,18090,,https://image.ohou.se/image/central_crop/bucketplace-v2-development/uploads-productions-161796359251560405.jpg/640/640
223,피규어·프라모델,4095979,핑구 식탐 시리즈 랜덤 피규어,15900,17900,15900,,https://prs.ohouse.com/apne2/any/uploads/productions/v1-506332636094592.png?w=640
223,피규어·프라모델,1486008,CBB 피규어 블라인드 시리즈 - Convenience store 랜덤박스,13800,13800,13800,,https://image.ohou.se/image/central_crop/bucketplace-v2-development/uploads-productions-167704293910528613.jpg/640/640
223,피규어·프라모델,1581779,아크릴 ㄷ자 진열대 대형 피규어 절곡 핫토이 투명 받침대 전시대,11900,14800,11900,,https://image.ohou.se/image/central_crop/bucketplace-v2-development/uploads-productions-166314423725403486.jpg/640/640
223,피규어·프라모델,3345680,짱구 맹구 대형 피규어 45cm 정품 굿즈,79000,99000,79000,,https://prs.ohou.se/apne2/any/uploads/productions/v1-334612137033792.jpg?w=640
223,피규어·프라모델,3457057,미피 풍선 피규어 4종 택1,16000,16000,16000,,https://image.ohou.se/image/central_crop/bucketplace-v2-development/uploads-openapi-19371561-1744074161220.jpg/640/640
223,피규어·프라모델,575812,가로등 피규어 곡선형-미니어처 화분 장식,1900,2200,1900,,https://image.ohou.se/image/central_crop/bucketplace-v2-development/uploads-productions-160575278487782246.jpg/640/640
223,피규어·프라모델,1238364,레고 미니 피규어 진열대 투명 아크릴 계단 전시 받침대,2800,4100,2800,,https://image.ohou.se/image/central_crop/bucketplace-v2-development/uploads-productions-164698179857710394.jpg/640/640
223,피규어·프라모델,3427000,레고 피규어 장식장 토미카 진열장 보관함 아크릴 케이스 피규어장 수납함 전시장 선반 진열대,18800,18800,18800,16920.0,https://image.ohou.se/image/central_crop/bucketplace-v2-development/uploads-openapi-21508896-1742457695539.jpg/640/640
223,피규어·프라모델,905294,하트 토끼 미니어쳐 6종 SET 미니가든 화분 소품,6900,7900,6900,,https://image.ohou.se/image/central_crop/bucketplace-v2-development/uploads-productions-162519044643076525.jpg/640/640
223,피규어·프라모델,267106,고양이 피규어 미니어쳐 7종세트,7000,8000,7000,,https://image.ohou.se/image/central_crop/bucketplace-v2-development/uploads-productions-158562744230192941.jpg/640/640
223,피규어·프라모델,3601806,미니 가챠 기계 가챠머신 뽑기 이벤트,27900,27900,27900,27621.0,https://prs.ohouse.com/apne2/any/uploads/productions/v1-388801090367616.jpg?w=640
223,피규어·프라모델,1837989,고양이 미니 동물 피규어 피카소냥이 카페냥이세트,12000,16000,12000,,https://image.ohou.se/image/central_crop/bucketplace-v2-development/uploads-productions-167481847331177324.JPG/640/640
223,피규어·프라모델,2533912,피규어 진열대 케이스 아크릴계단 레고전시 계단형거치대 15번 3층형,31970,31970,31970,,https://prs.ohou.se/apne2/any/uploads/productions/v1-198073094410368.jpg?w=640
223,피규어·프라모델,2208096,산리오 모니터 피규어 시나모롤 쿠로미 마이멜로디,6900,6900,6900,,https://image.ohou.se/image/central_crop/bucketplace-v2-development/uploads-openapi-6960315-1750038035356.jpg/640/640
223,피규어·프라모델,3657954,우주먼지 수호공룡 쪼만한사우르스 랜덤 피규어 (솜털 ver),11000,11000,11000,10890.0,https://prs.ohouse.com/apne2/any/uploads/productions/v1-400123575603328.jpg?w=640
223,피규어·프라모델,2347066,춤추는 고양이 피규어 거치대 동물 모형 에어팟 보관 인테리어 소품,2300,3900,2300,,https://image.ohou.se/image/central_crop/bucketplace-v2-development/uploads-openapi-20516715-1710329875591.jpg/640/640
223,피규어·프라모델,3566173,헬로키티 모니터 피규어 5종 세트 차량 네비 장식 대시보드 꾸미기 자동차 인테리어 소품,33900,36900,33900,,https://prs.ohouse.com/apne2/any/uploads/productions/v1-381751894880256.jpg?w=640
223,피규어·프라모델,2286261,귤 고양이 피규어 시리즈,6900,6900,6900,6831.0,https://image.ohou.se/image/central_crop/bucketplace-v2-development/uploads-productions-169285886739952162.jpg/640/640
223,피규어·프라모델,905344,야옹이 미니어쳐 7종 SET 테라리움 꾸미기,6900,7900,6900,,https://image.ohou.se/image/central_crop/bucketplace-v2-development/uploads-productions-162519162565889260.jpg/640/640
223,피규어·프라모델,1486027,CBB 피규어 블라인드 시리즈 - Forest club 홀케이스 10개 랜덤박스,138000,138000,138000,,https://image.ohou.se/image/central_crop/bucketplace-v2-development/uploads-productions-165880844584955463.jpg/640/640
223,피규어·프라모델,2936498,CBB 피규어 아트토이 - Forestman Clover tree 포레스트맨 클로버 트리,98000,98000,98000,,https://prs.ohou.se/apne2/any/uploads/productions/v1-257887443161152.jpg?w=640
223,피규어·프라모델,3614749,피너츠 스누피 찰리브라운 모니터 피규어 차량용 미니 데스크테리어,9900,13900,9900,9801.0,https://prs.ohouse.com/apne2/any/uploads/productions/v1-391626358599744.jpg?w=640
223,피규어·프라모델,913851,고양이 이어폰 거치대 소품 펜홀더 피규어 5color DD-10955,2500,2500,2500,,https://image.ohou.se/image/central_crop/bucketplace-v2-development/uploads-productions-162564489836851445.jpg/640/640
223,피규어·프라모델,2811317,짱구 대형 피규어 42cm 커스텀 스티커 포함 정품굿즈,79000,99000,79000,,https://prs.ohou.se/apne2/any/uploads/productions/v1-239815622017088.jpg?w=640
223,피규어·프라모델,1524362,아크릴 레고 피규어 계단 진열대 3단 투명 전시대,27300,34100,27300,,https://image.ohou.se/image/central_crop/bucketplace-v2-development/uploads-productions-166020493362127860.jpg/640/640
231,벽시계,3215891,[오늘의집 단독] 백라이트 5세대 온습도 LED 무드등 벽시계,79800,98700,79800,,https://prs.ohou.se/apne2/any/uploads/productions/v1-351981770924096.jpg?w=640
231,벽시계,1298502,감성 북유럽 월데코 인테리어 무소음 벽시계 4colors,12200,29900,12200,,https://prs.ohouse.com/apne2/any/uploads/productions/v1-383430017589376.jpg?w=640
231,벽시계,126563,300유리나무 벤자민 무소음벽시계(아크릴버전추가),20900,39000,20900,19855.0,https://image.ohou.se/image/central_crop/bucketplace-v2-development/uploads-productions-1558524483333_g1osE.jpg/640/640
231,벽시계,3729787,[오늘의집 단독] WC-06 무소음 벽시계 (전용 패키지 제공),52000,54500,52000,48360.0,https://prs.ohouse.com/apne2/any/uploads/productions/v1-426318495318080.jpg?w=640
231,벽시계,49408,트웸코 BQ-12A 퍼페추얼 캘린더 플립 벽시계,290000,290000,290000,258100.0,https://image.ohou.se/image/central_crop/bucketplace-v2-development/uploads-productions-170079515816919788.jpg/640/640
231,벽시계,3966479,웸블 무소음 플립 벽시계 레트로 인테리어 데스크테리어 탁상겸용,99000,169000,99000,92070.0,https://prs.ohouse.com/apne2/any/uploads/productions/v1-477252227498048.jpg?w=640
231,벽시계,2331049,Souffle clock 수플레 무소음 시계_5color,59000,59000,59000,50150.0,https://image.ohou.se/image/central_crop/bucketplace-v2-development/uploads-productions-169475563117680088.jpg/640/640
231,벽시계,124763,300바닐라 무소음벽시계(New월넛색상추가),24900,43000,24900,23655.0,https://image.ohou.se/image/central_crop/bucketplace-v2-development/uploads-productions-1558065483285_M1k7oFbNw.jpg/640/640
231,벽시계,88416,퓨어 미니 LED 벽시계 3colors 집들이 신혼 선물 디지털시계,16800,24900,16800,,https://image.ohou.se/image/central_crop/bucketplace-v2-development/uploads-productions-1548655760849_Vl7rfKH7.jpg/640/640
231,벽시계,2428598,무소음 벽시계 비정형 무타공 벽시계 인테리어 거실 아트월 모던 귀여운 빈티지 벽걸이 시계,29800,42800,29800,,https://prs.ohou.se/apne2/any/uploads/productions/v1-199513648201792.jpg?w=640
231,벽시계,123575,300유리나무 오리지널 무소음벽시계(아크릴버전추가),20900,39000,20900,19855.0,https://image.ohou.se/image/central_crop/bucketplace-v2-development/uploads-productions-1557888874404_UBsBo34xw.jpg/640/640
231,벽시계,3299369,무소음 모던 가로 벽시계 무타공 건전지 거실 인테리어 탁상시계 벽걸이시계,35900,40000,35900,33746.0,https://prs.ohouse.com/apne2/any/uploads/productions/v1-504896865910912.jpg?w=640
231,벽시계,2900889,온마이무드 미드센츄리 액자 벽시계 무소음 2types (무타공키트+건전지증정),49800,60000,49800,47310.0,https://prs.ohou.se/apne2/any/uploads/productions/v1-252600642269248.jpg?w=640
231,벽시계,1304586,라인 벽시계 인테리어 무소음 벽걸이시계 9색상 (심플디자인 290g),28800,36000,28800,,https://prs.ohouse.com/apne2/any/uploads/productions/v1-370672755769408.jpg?w=640
231,벽시계,302232,'옵션할인' 플랫우드 무소음 벽시계 집들이 신혼집 이사 선물,11800,13900,11800,11210.0,https://prs.ohou.se/apne2/any/uploads/productions/v1-222827986886656.jpg?w=640
231,벽시계,1195618,콘크리트 라운드 벽시계 (M/L) - 2컬러,54400,64000,54400,48960.0,https://prs.ohouse.com/apne2/any/uploads/productions/v1-523212065443968.jpg?w=640
231,벽시계,4149601,콘크리트 버드하우스도트 벽시계 - 2컬러,63900,71000,63900,57510.0,https://prs.ohouse.com/apne2/any/uploads/productions/v1-522571319853120.png?w=640
231,벽시계,2965085,구름 양 무소음 스윙 벽시계,18900,18900,18900,,https://prs.ohou.se/apne2/any/uploads/productions/v1-263850785030272.jpg?w=640
231,벽시계,3676432,무소음 가죽 벽시계 무타공 벽걸이시계 인테리어 오브제 집들이선물,77000,98000,77000,69300.0,https://prs.ohouse.com/apne2/any/uploads/productions/v1-446432250261504.jpg?w=640
231,벽시계,3276628,오르미 레트로 모어클락 추시계,31000,50000,31000,26350.0,https://image.ohou.se/image/central_crop/bucketplace-v2-development/uploads-openapi-20917509-1756345646498.jpg/640/640
231,벽시계,3988640,[오늘의집 단독] 슈트라이펜 메탈 월클락 벽시계,41800,44000,41800,,https://prs.ohouse.com/apne2/any/uploads/productions/v1-503091022831680.png?w=640
231,벽시계,2488321,시손느 세라믹 벽시계,55200,69000,55200,46920.0,https://prs.ohou.se/apne2/any/uploads/productions/v1-195929419042944.jpg?w=640
231,벽시계,3688898,무디 벽시계 가벼운 무소음 인테리어 벽걸이 시계 집들이 선물,21900,29900,21900,,https://prs.ohouse.com/apne2/any/uploads/productions/v1-467775454887936.jpg?w=640
231,벽시계,2367310,레트로 스퀘어 클락 무소음 사각 벽시계 앤틱 빈티지 1973,24200,27000,24200,,https://image.ohou.se/image/central_crop/bucketplace-v2-development/uploads-productions-169699323110242013.jpg/640/640
231,벽시계,655215,국산 가벼운 무소음로얄마일드벽시계280(3color) 집들이 이사 선물,15900,24000,15900,,https://image.ohou.se/image/central_crop/bucketplace-v2-development/uploads-productions-161242249139248482.jpg/640/640
231,벽시계,4071731,[사은품증정]학습용 저소음 어린이 아이방 인테리어 파스텔 교육용 벽시계 RCW-300,19900,25900,19900,,https://prs.ohouse.com/apne2/any/uploads/productions/v1-500619052929152.jpg?w=640
231,벽시계,1408091,미이 프레임 시계 (벽/탁상시계 겸용) 5colors,99000,99000,99000,,https://prs.ohouse.com/apne2/any/uploads/productions/v1-412880481779712.png?w=640
231,벽시계,1410566,아미 브라운 벽시계 무소음 심플디자인 인테리어시계 2색상,29800,38000,29800,,https://image.ohou.se/image/central_crop/bucketplace-v2-development/uploads-productions-165466742736278914.jpg/640/640
231,벽시계,2934104,'옵션할인' 우드문 무선 LED 벽시계 무소음 벽걸이시계 인테리어,64800,69900,64800,,https://prs.ohou.se/apne2/any/uploads/productions/v1-259181878694016.jpg?w=640
231,벽시계,1421593,골드 링 프레임 원목 무소음 벽시계 (4colors),75000,80000,75000,,https://image.ohou.se/image/central_crop/bucketplace-v2-development/uploads-productions-165527346508240999.jpg/640/640
231,벽시계,3253860,알랑 무소음 뉴트로 LCD 사각 벽시계 인테리어 레트로 시계,42800,59800,42800,,https://prs.ohouse.com/apne2/any/uploads/productions/v1-523924883124288.png?w=640
231,벽시계,3896832,[오늘의집 단독] 이나피에디션_강아지시계_B,85000,85000,85000,,https://prs.ohouse.com/apne2/any/uploads/productions/v1-451912195792896.jpg?w=640
231,벽시계,1479865,300 바닐라우드 무소음 원목 벽시계,17900,29000,17900,,https://image.ohou.se/image/central_crop/bucketplace-v2-development/uploads-productions-165846598198581877.jpg/640/640
231,벽시계,123586,300유리나무 수 무소음벽시계(아크릴버전추가),20900,39000,20900,19855.0,https://image.ohou.se/image/central_crop/bucketplace-v2-development/uploads-productions-1557891648465_he.jpg/640/640
231,벽시계,2070061,'옵션할인' 풀문 백라이트 무드등 LED 벽시계 탁상시계 집들이 신혼집 선물,79800,89000,79800,,https://prs.ohou.se/apne2/any/uploads/productions/v1-233094167957568.jpg?w=640
231,벽시계,3426631,[오늘의집 단독] 헥스 레이어드 무소음 벽시계 블랙,42000,42000,42000,,https://prs.ohou.se/apne2/any/uploads/productions/v1-351647277371520.jpg?w=640
231,벽시계,45715,세린 벽시계,79000,79000,79000,,https://prs.ohou.se/apne2/any/uploads/productions/v1-225735869468672.jpg?w=640
231,벽시계,2562422,"""오집특별가"" 모던 LED 온습도 탁상 벽시계 한글표시 무소음 인테리어 벽시계 R",68900,89900,68900,,https://prs.ohouse.com/apne2/any/uploads/productions/v1-520470527455360.png?w=640
231,벽시계,1102871,벤자민 스핀오프 무소음벽시계 피치베이지/라이트스카이,9900,22900,9900,,https://prs.ohouse.com/apne2/any/uploads/productions/v1-437368456007808.jpg?w=640
231,벽시계,4022721,렌토 벽시계,89000,89000,89000,,https://prs.ohouse.com/apne2/any/uploads/productions/v1-485397935968256.jpg?w=640
231,벽시계,1864315,MY BLOODY ROMANCE 무소음 벽시계 2 colors,32900,39900,32900,,https://image.ohou.se/image/central_crop/bucketplace-v2-development/uploads-productions-167602617609349843.jpg/640/640
231,벽시계,3287919,'옵션할인' 3D 입체 폰트 무소음 벽시계 거실 벽걸이시계 인테리어,19800,24900,19800,,https://prs.ohou.se/apne2/any/uploads/productions/v1-321187615207488.jpg?w=640
231,벽시계,1432950,해피 벽시계 무소음 인테리어 벽걸이시계 7색상,28800,38000,28800,,https://image.ohou.se/image/central_crop/bucketplace-v2-development/uploads-productions-165588123035387210.jpg/640/640
231,벽시계,314450,3D 빅플러스 화이트 벽걸이 LED 벽시계 집들이 선물 디지털,39800,59800,39800,,https://image.ohou.se/image/central_crop/bucketplace-v2-development/uploads-productions-168143728749858942.jpg/640/640
231,벽시계,3530628,유/무선 모던 LED 원형 벽시계 무소음 디지털 전자 인테리어 온습도 벽걸이 집들이선물,72900,99000,72900,,https://prs.ohouse.com/apne2/any/uploads/productions/v1-520447451242624.png?w=640
231,벽시계,3975203,프레아 시계 가벼운 무소음 인테리어 벽걸이 무타공 벽시계,21900,29900,21900,,https://prs.ohouse.com/apne2/any/uploads/productions/v1-473450135928832.jpg?w=640
231,벽시계,1017072,라인월클락 무소음 인테리어 거실 벽걸이시계 오픈형 벽시계 5컬러,52500,58000,52500,,https://prs.ohou.se/apne2/any/uploads/productions/v1-230554241982592.jpg?w=640
231,벽시계,3680269,세레노 원목 벽시계 추시계 탁상시계 무소음시계,41900,56000,41900,36900.0,https://prs.ohouse.com/apne2/any/uploads/productions/v1-404532309082176.png?w=640
231,벽시계,3891719,오르미 인디에어 인더스트리얼 아날로그 온습도 벽시계,32000,55000,32000,27200.0,https://image.ohou.se/image/central_crop/bucketplace-v2-development/uploads-openapi-20917509-1766467763343.jpg/640/640
231,벽시계,495758,Romane 크리미 벽시계,17600,22000,17600,,https://image.ohou.se/image/central_crop/bucketplace-v2-development/uploads-productions-160093348767628069.jpg/640/640
232,알람·탁상시계,3208162,[오늘의집 단독] 무드클락 탁상시계 무소음 집들이선물 인테리어소품,29800,40000,29800,,https://prs.ohou.se/apne2/any/uploads/productions/v1-312376435474496.jpg?w=640
232,알람·탁상시계,3061036,뉴트로 플립 탁상시계 4colors 아날로그 인테리어 벽걸이시계,29800,34900,29800,27714.0,https://prs.ohou.se/apne2/any/uploads/productions/v1-282550528245760.jpg?w=640
232,알람·탁상시계,3896811,[오늘의집 단독] 이나피에디션_세라믹 탁상시계_02,48000,48000,48000,45600.0,https://prs.ohouse.com/apne2/any/uploads/productions/v1-451903082319872.jpg?w=640
232,알람·탁상시계,2078868,라운드 모던 플립시계 아날로그 탁상시계 달력시계,12900,22900,12900,,https://image.ohou.se/image/central_crop/bucketplace-v2-development/uploads-productions-168428971337729739.jpg/640/640
232,알람·탁상시계,602761,심플 무소음 탁상시계 전자음 알람시계,14900,22000,14900,14751.0,https://prs.ohou.se/apne2/any/uploads/productions/v1-281506527813632.jpg?w=640
232,알람·탁상시계,1345335,레트로 플립 탁상시계 인테리어 디자인 소품,38500,49000,38500,,https://image.ohou.se/image/central_crop/bucketplace-v2-development/uploads-productions-170139532628917304.jpg/640/640
232,알람·탁상시계,3245372,온마이무드 오브제 트레이 탁상시계 인테리어 2colors,38500,99000,38500,36575.0,https://prs.ohou.se/apne2/any/uploads/productions/v1-314113437372480.png?w=640
232,알람·탁상시계,2900677,모노블럭 디지털 탁상시계 클래식 인테리어 2colors (온도 습도+건전지 증정),18900,22000,18900,17955.0,https://prs.ohou.se/apne2/any/uploads/productions/v1-252592872411264.jpg?w=640
232,알람·탁상시계,1450866,[오늘의집 단독] 모브 클락 (4 Colors),39900,47000,39900,37905.0,https://prs.ohouse.com/apne2/any/uploads/productions/v1-478354479591488.jpg?w=640
232,알람·탁상시계,3319129,[오늘의집 단독] 무드클락 스테인리스 스틸 탁상시계 무소음 집들이선물 쇠테리어,35800,45000,35800,,https://prs.ohouse.com/apne2/any/uploads/productions/v1-465242812428416.jpg?w=640
232,알람·탁상시계,2842372,이슈미니무소음 탁상시계 1,16900,24900,16900,,https://prs.ohou.se/apne2/any/uploads/productions/v1-245564200837184.jpg?w=640
232,알람·탁상시계,2880221,빈티지 탁상 알람 시계 미니 집들이 선물 탁상용 인테리어 소품 건전지 시계,5500,6000,5500,,https://prs.ohou.se/apne2/any/uploads/productions/v1-249009261424640.jpg?w=640
232,알람·탁상시계,3893607,[오늘의집 단독] evoke time ; table 무소음 쇠테리어 탁상시계,39500,63200,39500,,https://prs.ohouse.com/apne2/any/uploads/productions/v1-450350884614144.jpg?w=640
232,알람·탁상시계,3896810,[오늘의집 단독] 이나피에디션_세라믹 탁상시계_04,48000,48000,48000,45600.0,https://prs.ohouse.com/apne2/any/uploads/productions/v1-451903652233344.jpg?w=640
232,알람·탁상시계,2669790,오르미 레트로 플립 디지털 알람 시계,16000,30000,16000,13600.0,https://image.ohou.se/image/central_crop/bucketplace-v2-development/uploads-openapi-20917509-1741761731317.jpg/640/640
232,알람·탁상시계,3466807,무드홈 인테리어 LED 탁상시계,19800,19800,19800,,https://prs.ohouse.com/apne2/any/uploads/productions/v1-359420167852096.jpg?w=640
232,알람·탁상시계,1450763,문폴 우드 인테리어 LED 탁상시계 3color,24900,28600,24900,23157.0,https://image.ohou.se/image/central_crop/bucketplace-v2-development/uploads-openapi-5073737-1656990185611.jpg/640/640
232,알람·탁상시계,2127733,유리나무 온습도 날씨디지털 LCD탁상시계,18900,29900,18900,17955.0,https://image.ohou.se/image/central_crop/bucketplace-v2-development/uploads-productions-168681067807809293.jpg/640/640
232,알람·탁상시계,96474,'옵션할인' 팝 미러클락 빅 LED 탁상시계 (온도 습도),14800,19900,14800,,https://image.ohou.se/image/central_crop/bucketplace-v2-development/uploads-productions-1550454628551_zgJmMWiF5.jpg/640/640
232,알람·탁상시계,3501658,라운디 무소음 탁상 시계 알람시계,13900,15000,13900,,https://prs.ohouse.com/apne2/any/uploads/productions/v1-366799245049984.jpg?w=640
232,알람·탁상시계,1514360,레트로 컬러 플립 탁상시계 미드센추리모던 인테리어 (3 colors),34000,37900,34000,,https://image.ohou.se/image/central_crop/bucketplace-v2-development/uploads-productions-167022402294457351.JPG/640/640
232,알람·탁상시계,1515929,레트로 아날로그 무소음 소형 알람 탁상시계 앤틱 빈티지 디자인 1973,16300,20000,16300,,https://prs.ohouse.com/apne2/any/uploads/productions/v1-508060502200448.jpg?w=640
232,알람·탁상시계,2764299,탁상시계 비정형 무소음 미니 무선형 레트로 빈티지 거실 인테리어 시계 데스크테리어 소품,29800,39800,29800,,https://prs.ohou.se/apne2/any/uploads/productions/v1-272466696179712.jpg?w=640
232,알람·탁상시계,68955,디자인 레트로 플립 탁상시계 2colors,39800,39800,39800,,https://prs.ohouse.com/apne2/any/uploads/productions/v1-488277765914752.jpg?w=640
232,알람·탁상시계,2307008,모던 심플 감성 인테리어 장식 곰 LED 디지털 알람 탁상시계,49000,63700,49000,47530.0,https://prs.ohou.se/apne2/any/uploads/productions/v1-287517853065216.jpg?w=640
232,알람·탁상시계,2172992,심플 스탠드 탁상시계 집들이선물 알람시계 2color,13600,16800,13600,,https://prs.ohou.se/apne2/any/uploads/productions/v1-309836869132288.jpg?w=640
232,알람·탁상시계,3896820,[오늘의집 단독] 이나피에디션_세라믹 긴 탁상시계_03,48000,48000,48000,45600.0,https://prs.ohouse.com/apne2/any/uploads/productions/v1-451905866248320.jpg?w=640
232,알람·탁상시계,1962720,무소음 도넛 탁상시계 벽시계 바닐라 블랙 2color,29000,34000,29000,26970.0,https://image.ohou.se/image/central_crop/bucketplace-v2-development/uploads-productions-167936432796813613.jpg/640/640
232,알람·탁상시계,236690,바닐라우드 원형수 무소음탁상시계,18900,34000,18900,17955.0,https://image.ohou.se/image/central_crop/bucketplace-v2-development/uploads-productions-158026499893399695.jpg/640/640
232,알람·탁상시계,3896818,[오늘의집 단독] 이나피에디션_세라믹 큐브시계_02,48000,48000,48000,45600.0,https://prs.ohouse.com/apne2/any/uploads/productions/v1-451905179840576.jpg?w=640
232,알람·탁상시계,3696965,"비스타 무소음 조명 알람 탁상시계 OTA-1020 테이블, 서재, 책상",28500,28500,28500,,https://prs.ohouse.com/apne2/any/uploads/productions/v1-415014283993152.jpg?w=640
232,알람·탁상시계,1445281,미니 LED 디지털 탁상 무소음 알람시계,9800,14000,9800,,https://image.ohou.se/image/central_crop/bucketplace-v2-development/uploads-productions-165656313348615426.jpg/640/640
232,알람·탁상시계,2817167,내 방안의 작은 햇빛 해돋이 조명 알람시계+라디오 기능,42500,60000,42500,42075.0,https://prs.ohouse.com/apne2/any/uploads/productions/v1-398026184417280.jpg?w=640
232,알람·탁상시계,417953,무소음 우드 탁상시계 D,14900,30000,14900,14006.0,https://prs.ohou.se/apne2/any/uploads/productions/v1-228814393901120.jpg?w=640
232,알람·탁상시계,2125663,Melting clock 멜팅클락 흘러내리는 시계 미드센츄리 모던 탁상시계 오브제 소품,9900,13900,9900,,https://image.ohou.se/image/central_crop/bucketplace-v2-development/uploads-productions-168654910477316716.jpeg/640/640
232,알람·탁상시계,405207,몬트 아이우드 led 무소음 탁상시계,16800,37000,16800,,https://image.ohou.se/image/central_crop/bucketplace-v2-development/uploads-productions-1594366874_100876_1.jpg/640/640
232,알람·탁상시계,2682245,버터 원형 무소음 탁상시계 인테리어 소품,12900,14900,12900,,https://image.ohou.se/image/central_crop/bucketplace-v2-development/uploads-openapi-8980477-1710772370348.jpeg/640/640
232,알람·탁상시계,3081874,레트로 철제 벽시계 탁상시계 겸용 저소음 빈티지 디자인,21800,31000,21800,,https://prs.ohouse.com/apne2/any/uploads/productions/v1-490303722684480.jpg?w=640
232,알람·탁상시계,4062171,Poktak House Clock 폭딱하우스 무소음 탁상 벽시계 (4color),64000,64000,64000,54400.0,https://prs.ohouse.com/apne2/any/uploads/productions/v1-503163832115264.jpg?w=640
232,알람·탁상시계,1034148,우드 데이즈 인테리어 LED 탁상시계 요일표시 3color,42900,51480,42900,42471.0,https://image.ohou.se/image/central_crop/bucketplace-v2-development/uploads-productions-163367243385847861.jpg/640/640
232,알람·탁상시계,4068163,디지털 전자 탁상 시계 원목 무소음 알람 밝기조절 LED 무선 시계 미니 거실 데스크 주방,19980,30800,19980,,https://prs.ohouse.com/apne2/any/uploads/productions/v1-499199965675648.png?w=640
232,알람·탁상시계,1417522,알람 음량 조절 가능한 디지털 시계 (온/습도 기능 포함),49900,49900,49900,49401.0,https://image.ohou.se/image/central_crop/bucketplace-v2-development/uploads-productions-165510550925255622.jpg/640/640
232,알람·탁상시계,3407268,스퀘어 온습도 날짜 알람시계 무소음 전자 탁상시계 미니,4900,6500,4900,4410.0,https://prs.ohouse.com/apne2/any/uploads/productions/v1-422701132058752.jpg?w=640
232,알람·탁상시계,83517,팝 미러클락 미니 LED 탁상시계,9800,14900,9800,,https://prs.ohou.se/apne2/any/uploads/productions/v1-201918474039360.jpg?w=640
232,알람·탁상시계,3414985,빈티지 스퀘어 블랙 탁상 알람 시계,18500,39800,18500,,https://prs.ohouse.com/apne2/any/uploads/productions/v1-412251435987072.png?w=640
232,알람·탁상시계,3906026,[오늘의집 단독] 이나피에디션_세라믹 탁상시계_02_B,48000,48000,48000,45600.0,https://prs.ohouse.com/apne2/any/uploads/productions/v1-455137461096448.jpg?w=640
232,알람·탁상시계,1075760,"인테리어 무소음 화이트우드 탁상시계, 숫자 2종",21800,29800,21800,,https://image.ohou.se/image/central_crop/bucketplace-v2-development/uploads-productions-164138801852913644.jpg/640/640
232,알람·탁상시계,1258525,빈티지 레트로 파스텔 무소음 탁상 시계 아날로그 인테리어 알람시계 4colors,8600,12900,8600,7740.0,https://image.ohou.se/image/central_crop/bucketplace-v2-development/uploads-productions-164740796741310984.png/640/640
232,알람·탁상시계,3896813,[오늘의집 단독] 이나피에디션_세라믹 큐브시계_01,48000,48000,48000,45600.0,https://prs.ohouse.com/apne2/any/uploads/productions/v1-451904434909312.jpg?w=640
232,알람·탁상시계,153507,스마트빔 프로젝션 LED 탁상시계,29800,34800,29800,,https://image.ohou.se/image/central_crop/bucketplace-v2-development/uploads-productions-156809182060525363.jpg/640/640
233,타이머·스탑워치,3268430,디지털 뽀모도로타이머 공부 구글 타이머 무소음,29500,34900,29500,,https://prs.ohou.se/apne2/any/uploads/productions/v1-316969658134656.jpg?w=640
233,타이머·스탑워치,291013,듀얼 디지털 스톱워치(LFS-HA28) 뽀모도로 쿠킹타이머 자석부착가능,11900,13900,11900,,https://image.ohou.se/image/central_crop/bucketplace-v2-development/uploads-productions-167167665161090868.jpg/640/640
233,타이머·스탑워치,2956513,타임트랙 타이머 구글타이머 무소음 공부 뽀모도로,24900,27700,24900,,https://prs.ohou.se/apne2/any/uploads/productions/v1-262089931378816.jpg?w=640
233,타이머·스탑워치,4022255,미니 스톱워치 (2종 택1),7800,8500,7800,7020.0,https://prs.ohouse.com/apne2/any/uploads/productions/v1-485347420278848.jpg?w=640
233,타이머·스탑워치,2865739,포커스 온 타이머 구글 뽀모도로 공부 운동 무소음 타임 시계,29900,35000,29900,,https://image.ohou.se/image/central_crop/bucketplace-v2-development/uploads-openapi-22412315-1757638192767.png/640/640
233,타이머·스탑워치,4000156,에그프라이 주방 타이머 요리 조리용 구글타이머 자석 부착용,17800,24000,17800,16910.0,https://prs.ohouse.com/apne2/any/uploads/productions/v1-502066154434688.jpg?w=640
233,타이머·스탑워치,3482725,디지털 시계 마그넷 부착 3 COLORS,14900,14900,14900,,https://prs.ohouse.com/apne2/any/uploads/productions/v1-362956622925888.jpg?w=640
233,타이머·스탑워치,3075830,크롬 실버 타이머 뽀모도로 25분 공부타이머,5900,8900,5900,,https://prs.ohou.se/apne2/any/uploads/productions/v1-287226926633024.jpg?w=640
233,타이머·스탑워치,3527904,중력 센서 디지털 IFC-GT90 그래비티 모션 뽀모도로 타이머,19900,29900,19900,19701.0,https://prs.ohouse.com/apne2/any/uploads/productions/v1-373251262136448.jpg?w=640
233,타이머·스탑워치,2597500,무소음 구글타이머 뽀모도로 공부 타이머 운동 학습 시계,21700,28000,21700,19530.0,https://prs.ohou.se/apne2/any/uploads/productions/v1-313878281179264.jpg?w=640
233,타이머·스탑워치,3185598,논슬립 프레임,3900,3900,3900,,https://image.ohou.se/image/central_crop/bucketplace-v2-development/uploads-openapi-22412315-1761875773730.png/640/640
233,타이머·스탑워치,3035052,티엠포 무소음 구글60분 타이머 뽀모도로 쿠킹 키친 수험생 공부 알람 시계_라운드,17900,17900,17900,,https://prs.ohou.se/apne2/any/uploads/productions/v1-277620936147072.jpg?w=640
233,타이머·스탑워치,3453436,아날로그 집중 타이머 무소음 구글타이머 뽀모도로,29800,34900,29800,,https://prs.ohouse.com/apne2/any/uploads/productions/v1-356952838156352.jpg?w=640
233,타이머·스탑워치,3734576,몰입 뽀모도로 타이머,29800,29800,29800,,https://image.ohou.se/image/central_crop/bucketplace-v2-development/uploads-openapi-3971399-1757386110073.jpg/640/640
233,타이머·스탑워치,481536,원클릭 쿠킹 타이머 시계 공부 책상 스톱워치,12800,16800,12800,,https://image.ohou.se/image/central_crop/bucketplace-v2-development/uploads-productions-160013462416425441.jpg/640/640
233,타이머·스탑워치,3684877,100분 디지털 뽀모도로 몰입학습 쿠킹 자석 타이머 Timing,3500,6000,3500,3325.0,https://image.ohou.se/image/central_crop/bucketplace-v2-development/uploads-openapi-1333911-1765336988432.jpg/640/640
233,타이머·스탑워치,3684876,디지털 타이머 VITA 뽀모도로 집중 무소음 필통속 수험생 쿠킹,3800,6500,3800,3610.0,https://image.ohou.se/image/central_crop/bucketplace-v2-development/uploads-openapi-1333911-1765160789219.jpg/640/640
233,타이머·스탑워치,3292341,스퀘어 블랙 손목시계 각인서비스,59000,85000,59000,53100.0,https://prs.ohou.se/apne2/any/uploads/productions/v1-322272870449216.jpg?w=640
233,타이머·스탑워치,2290486,[해외] 1+1 수능시계 자격증 시험용 저소음 방수 손목시계,19900,35000,19900,,https://image.ohou.se/image/central_crop/bucketplace-v2-development/uploads-openapi-4541212-1693185616294.jpg/640/640
233,타이머·스탑워치,2306913,HKS 보이는 시간관리테크 디지털타이머 알람시계TIMES,17800,26900,17800,16910.0,https://image.ohou.se/image/central_crop/bucketplace-v2-development/uploads-openapi-1333911-1693896975701.jpg/640/640
233,타이머·스탑워치,3995550,실내 온습도계 디지털 LCD 벽걸이 사무실 아기방 타이머,7900,12800,7900,7505.0,https://image.ohou.se/image/central_crop/bucketplace-v2-development/uploads-openapi-1333911-1773655494680.jpg/640/640
233,타이머·스탑워치,3120094,수험생 공부 학원 시간관리 무소음 알람타이머 VISUAL,12800,21800,12800,12160.0,https://image.ohou.se/image/central_crop/bucketplace-v2-development/uploads-openapi-1333911-1729052394124.jpg/640/640
233,타이머·스탑워치,2659194,BLnY-ST101 비엘와이 공부 타이머 스톱 워치 스터디 학생 무소음 운동 학습,4900,15900,4900,,https://prs.ohou.se/apne2/any/uploads/productions/v1-235596447244288.jpg?w=640
233,타이머·스탑워치,2990746,히키스 보이는 디지털 시간관리 다이얼 타이머 BETTER,24800,42200,24800,23560.0,https://image.ohou.se/image/central_crop/bucketplace-v2-development/uploads-openapi-1333911-1721974084692.jpg/640/640
233,타이머·스탑워치,2627287,타이머링 비주얼 멀티 시계 타이머 스톱워치 온습도계,19800,24900,19800,,https://prs.ohou.se/apne2/any/uploads/productions/v1-353032617254912.jpg?w=640
233,타이머·스탑워치,2777089,2세대 뽀모도로 타이머 타임타이머,11700,15900,11700,,https://prs.ohou.se/apne2/any/uploads/productions/v1-234482855120896.jpg?w=640
233,타이머·스탑워치,1166209,멀티 육각 시계 타이머 카운트업 공부 요리 쿠킹 큐브타이머 주방,19900,24900,19900,,https://prs.ohou.se/apne2/any/uploads/productions/v1-210012759613568.jpg?w=640
233,타이머·스탑워치,2787511,모던 스탠딩 타이머 스탠드 자석 공부 수험생 주방 베이킹 디지털 스톱워치 2colors,3900,10900,3900,3627.0,https://prs.ohou.se/apne2/any/uploads/productions/v1-235233476440064.jpg?w=640
233,타이머·스탑워치,3485486,타임 루프 디지털 타이머 무소음 구글타이머 뽀모도로,34800,39900,34800,,https://prs.ohouse.com/apne2/any/uploads/productions/v1-363321252495424.jpg?w=640
233,타이머·스탑워치,2697816,카이스트 박사 개발! 뇌를 깨우는 뇌과학 뽀모도로 타이머 무소음 중력식 구글 집중력타이머,21900,28900,21900,,https://prs.ohouse.com/apne2/any/uploads/productions/v1-525190251626496.png?w=640
233,타이머·스탑워치,227633,멀티 큐브 시계 타이머,16800,19800,16800,,https://image.ohou.se/image/central_crop/bucketplace-v2-development/uploads-productions-157836061286707733.jpg/640/640
233,타이머·스탑워치,3401109,티엠포 무소음 구글 60분 그라데이션 타이머 뽀모도로 쿠킹 키친 수험생 공부 알람_스퀘어,17900,19900,17900,,https://prs.ohou.se/apne2/any/uploads/productions/v1-346343607099520.jpg?w=640
233,타이머·스탑워치,3710572,디지털 뽀모도로타이머 PRO 공부 구글 타이머 무소음 순집중시간 측정,35000,36500,35000,,https://prs.ohouse.com/apne2/any/uploads/productions/v1-408932720283776.jpg?w=640
233,타이머·스탑워치,457820,집중력 향상 스톱워치 타이머 Studied,6800,11600,6800,6460.0,https://image.ohou.se/image/central_crop/bucketplace-v2-development/uploads-productions-1598232081_102010_1.jpg/640/640
233,타이머·스탑워치,86346,큐브타이머 시즌2 스톱워치 스터디타이머,12800,19800,12800,,https://prs.ohou.se/apne2/any/uploads/productions/v1-230264563003392.jpg?w=640
233,타이머·스탑워치,2680424,바로 보이는 파이 그래프 타이머 무소음 전자 타임 뽀모도로 구글 타이머,27900,33900,27900,,https://image.ohou.se/image/central_crop/bucketplace-v2-development/uploads-openapi-8958713-1710737758517.jpg/640/640
233,타이머·스탑워치,732019,정사각 자석 부착형 큐브 디지털 타이머 시계 3colors,10900,10900,10900,,https://image.ohou.se/image/central_crop/bucketplace-v2-development/uploads-productions-161483175691151844.jpg/640/640
233,타이머·스탑워치,2890313,플로우 디지털 비주얼 타이머 구글 뽀모도로 공부 무소음 타임타이머,33900,39000,33900,,https://prs.ohou.se/apne2/any/uploads/productions/v1-290074092826752.jpg?w=640
233,타이머·스탑워치,1998875,12면 타임볼 충전식 미니 타이머 주방 운동 공부 타이머,19800,21900,19800,,https://image.ohou.se/image/central_crop/bucketplace-v2-development/uploads-productions-168083080437699749.jpg/640/640
233,타이머·스탑워치,3581584,낼나 포커스 온 타이머&논슬립 프레임 세트,38900,38900,38900,34621.0,https://prs.ohouse.com/apne2/any/uploads/productions/v1-435521973886976.png?w=640
233,타이머·스탑워치,2647234,게임보이 타이머 알람 탁상 시계 무소음 스탑워치,13200,17000,13200,,https://prs.ohou.se/apne2/any/uploads/productions/v1-216801383071808.jpg?w=640
233,타이머·스탑워치,3473626,카운트링 디지털 타이머 무소음 구글타이머 뽀모도로,24800,34900,24800,,https://prs.ohouse.com/apne2/any/uploads/productions/v1-361164933546112.jpg?w=640
233,타이머·스탑워치,3987429,디지털 다이얼 마그네틱 주방 타이머 요리 공부 2color,9900,14000,9900,9405.0,https://image.ohou.se/image/central_crop/bucketplace-v2-development/uploads-openapi-4541212-1773110396975.jpg/640/640
233,타이머·스탑워치,3987428,뽀모도로 구글 타이머 마그네틱 공부 운동 무소음,29900,38000,29900,26910.0,https://prs.ohouse.com/apne2/any/uploads/productions/v1-480782612123712.jpg?w=640
233,타이머·스탑워치,2637533,혼공 뽀모도로타이머 무소음구글타임타이머 포모도로 공부 시계,26900,38900,26900,,https://prs.ohou.se/apne2/any/uploads/productions/v1-244058371280896.jpg?w=640
233,타이머·스탑워치,3189980,우주 마그네틱 자석 키친 타이머 요리 쿠킹 공부 알람 인테리어소품,6900,11900,6900,6555.0,https://prs.ohou.se/apne2/any/uploads/productions/v1-308831976947776.jpg?w=640
233,타이머·스탑워치,2759232,자석 무소음 전자 타이머 쿠킹 공부 명상 운동 알람 시계,14500,20000,14500,,https://prs.ohou.se/apne2/any/uploads/productions/v1-232436456923136.jpg?w=640
233,타이머·스탑워치,2635943,오렌지팟 타이머시계 무소음 수험생 스터디 초시계 제과제빵,10900,18500,10900,,https://image.ohou.se/image/central_crop/bucketplace-v2-development/uploads-openapi-22411627-1709007634853.jpg/640/640
233,타이머·스탑워치,1635672,KLOCKIS 클로키스 시계/온도계/알람/타이머,3200,9000,3200,,https://image.ohou.se/image/central_crop/bucketplace-v2-development/uploads-productions-166562756641330421.jpg/640/640
233,타이머·스탑워치,236737,조이홈 LED 타임타이머 무음 알림,13900,20000,13900,,https://image.ohou.se/image/central_crop/bucketplace-v2-development/uploads-productions-158026524352867405.jpg/640/640
311,직부조명,30793,밀크 3등 직부등_2colors,26900,43750,26900,24210.0,https://image.ohou.se/image/central_crop/bucketplace-v2-development/uploads-productions-1498466060_100692_1.jpg/640/640
311,직부조명,358098,보노 6등 거실등_3colors,55900,81000,55900,,https://image.ohou.se/image/central_crop/bucketplace-v2-development/uploads-productions-159160467494726066.jpg/640/640
311,직부조명,787414,다이아 6등 거실등 직부조명,69900,83500,69900,,https://image.ohou.se/image/central_crop/bucketplace-v2-development/uploads-productions-161836598394032073.jpg/640/640
311,직부조명,30791,루스 주방 3등,46900,68750,46900,42210.0,https://image.ohou.se/image/central_crop/bucketplace-v2-development/uploads-productions-156498446962778134.jpg/640/640
311,직부조명,3801948,안지 LED 원형 직부등 벽등 10W 베란다 확산형 다운라이트 카페 벽부등,45000,48000,45000,,https://prs.ohouse.com/apne2/any/uploads/productions/v1-430920411918464.jpg?w=640
311,직부조명,1577798,무디 1등 직부등 천장등 천장조명 인테리어,49500,61900,49500,,https://image.ohou.se/image/central_crop/bucketplace-v2-development/uploads-openapi-4376444-1731657750272.jpg/640/640
311,직부조명,295982,로잉 원형 1등_3color (직부 / 센서 활용 가능),17000,20000,17000,,https://prs.ohouse.com/apne2/any/uploads/productions/v1-514116313116800.jpg?w=640
311,직부조명,3907117,LED 크랑스 직부등 15W,9300,11700,9300,8370.0,https://image.ohou.se/image/central_crop/bucketplace-v2-development/uploads-openapi-16113136-1767772790819.jpg/640/640
311,직부조명,3625785,LED 써클 방수 현관등 베란다등 직부등 20W (벽등겸용),13400,16750,13400,12060.0,https://image.ohou.se/image/central_crop/bucketplace-v2-development/uploads-openapi-16113136-1752800238144.jpg/640/640
311,직부조명,3785604,혜택가 15만원대 코블 직부등 천장 조명 원목 LED 직부조명 천장등 인테리어 COBBLE,190000,230000,190000,152000.0,https://prs.ohouse.com/apne2/any/uploads/productions/v1-426286541942784.jpg?w=640
311,직부조명,1024875,비르모 천장조명 천장등 LED (노란빛),64600,71100,64600,61370.0,https://image.ohou.se/image/central_crop/bucketplace-v2-development/uploads-productions-163263964633188374.jpg/640/640
311,직부조명,1417639,페이즈 LED 직부 10W_2colors,40000,46000,40000,,https://image.ohou.se/image/central_crop/bucketplace-v2-development/uploads-productions-165510684202249502.jpg/640/640
311,직부조명,2419164,LED 슬림 원형 센서등 18W 인테리어 현관 베란다 복도 창고 조명 플리커프리,15600,18000,15600,,https://image.ohou.se/image/central_crop/bucketplace-v2-development/uploads-productions-169830210880582905.jpg/640/640
311,직부조명,1138086,뷰티스 일자 3등 직부등 인테리어조명,143000,178800,143000,,https://image.ohou.se/image/central_crop/bucketplace-v2-development/uploads-openapi-4376444-1639721615299.jpg/640/640
311,직부조명,3873562,LED 이젤 직부등 10W 2color,99000,123800,99000,,https://prs.ohouse.com/apne2/any/uploads/productions/v1-482146248540160.jpg?w=640
311,직부조명,581208,빈티지 직부 올드스쿨 1등 현관 조명 스몰 2colors,145000,145000,145000,130500.0,https://prs.ohou.se/apne2/any/uploads/productions/v1-272462326481024.png?w=640
311,직부조명,1126425,베이볼 1등 직부등 현관조명,21700,27200,21700,,https://image.ohou.se/image/central_crop/bucketplace-v2-development/uploads-openapi-4376444-1639013462896.jpg/640/640
311,직부조명,2108560,모티스 1등 직부/벽등 _ 2size,24000,26700,24000,,https://image.ohou.se/image/central_crop/bucketplace-v2-development/uploads-productions-168559667541850143.jpg/640/640
311,직부조명,3557937,푸딩 LED 직부 / 센서 겸용 10W,55000,70000,55000,49500.0,https://prs.ohouse.com/apne2/any/uploads/productions/v1-527428301262848.jpg?w=640
311,직부조명,2074311,퍼스트 LED 글로리 직부등 20W,31000,38800,31000,,https://prs.ohou.se/apne2/any/uploads/productions/v1-301034491408448.jpg?w=640
311,직부조명,297889,피오나 스퀘어 1등 - 직부등,26400,37130,26400,,https://image.ohou.se/image/central_crop/bucketplace-v2-development/uploads-productions-169318802743415777.jpg/640/640
311,직부조명,190098,빈티지 올드스쿨 직부 방등 조명 1등 미듐 3colors,213000,213000,213000,191700.0,https://prs.ohou.se/apne2/any/uploads/productions/v1-326935325618240.png?w=640
311,직부조명,609194,슬램 원형 직부등 3colors,15400,19300,15400,,https://image.ohou.se/image/central_crop/bucketplace-v2-development/uploads-productions-167582807767612737.jpg/640/640
311,직부조명,3726261,SNOWMAN25 Ceiling 3Colors,210000,210000,210000,189000.0,https://prs.ohouse.com/apne2/any/uploads/productions/v1-509837942177920.jpg?w=640
311,직부조명,1863003,업업 1등 직부,60000,78000,60000,54000.0,https://image.ohou.se/image/central_crop/bucketplace-v2-development/uploads-productions-167583079818367252.jpg/640/640
311,직부조명,3658019,동그랑 LED 원형 직부등 15W 베란다 확산형 다운라이트,23000,25000,23000,,https://prs.ohouse.com/apne2/any/uploads/productions/v1-400128977621120.jpg?w=640
311,직부조명,3422148,비아망 1등 직부등(벽등겸용),44000,55000,44000,,https://image.ohou.se/image/central_crop/bucketplace-v2-development/uploads-openapi-4376444-1742346698159.jpg/640/640
311,직부조명,1639712,루나 베어 직부등,61100,76400,61100,,https://image.ohou.se/image/central_crop/bucketplace-v2-development/uploads-openapi-4376444-1730706498546.jpg/640/640
311,직부조명,1427015,빈티지 직부 올드스쿨 방등 3등 조명 라지,303000,303000,303000,272700.0,https://image.ohou.se/image/central_crop/bucketplace-v2-development/uploads-openapi-3465616-1655522106965.jpg/640/640
311,직부조명,568053,파스텔 마카롱 2등 벽등,68000,85000,68000,,https://image.ohou.se/image/central_crop/bucketplace-v2-development/uploads-productions-160525033076245729.jpg/640/640
311,직부조명,2410213,LED 슬림 원형 직부등 18W 인테리어 현관 베란다 복도 창고 조명 플리커프리,12500,16000,12500,,https://image.ohou.se/image/central_crop/bucketplace-v2-development/uploads-productions-169830150646980860.jpg/640/640
311,직부조명,331249,다용도 공 직부등 사출 아크릴커버 현관등 욕실등,7500,8500,7500,,https://image.ohou.se/image/central_crop/bucketplace-v2-development/uploads-productions-168559887880439104.jpg/640/640
311,직부조명,4115780,LED 엘노아 직부등 10W,49000,61300,49000,,https://prs.ohouse.com/apne2/any/uploads/productions/v1-521797268566016.jpg?w=640
311,직부조명,470081,로사 LED 일체형 12W 직부등_2color,24900,29000,24900,,https://prs.ohouse.com/apne2/any/uploads/productions/v1-439701058203712.jpg?w=640
311,직부조명,1416821,사브리나 LED 직부 조명,188000,230000,188000,169200.0,https://image.ohou.se/image/central_crop/bucketplace-v2-development/uploads-productions-165509630793782802.jpg/640/640
311,직부조명,2468065,[해외] LED 펜던트 천장 조명 카페 테이블 조명,23900,39830,23900,,https://image.ohou.se/image/central_crop/bucketplace-v2-development/uploads-openapi-15827269-1700635658561.JPG/640/640
311,직부조명,30794,밀크 5등 직부등,42900,61250,42900,38610.0,https://image.ohou.se/image/central_crop/bucketplace-v2-development/uploads-productions-156498448104383954.jpg/640/640
311,직부조명,2944680,1173 메디슨 직부등 3CL,333000,333000,333000,299700.0,https://prs.ohou.se/apne2/any/uploads/productions/v1-335714551124032.jpg?w=640
311,직부조명,2993844,스피얼 원형 직부등 주방 식탁 인테리어 카페 포인트 등 조명 천장 베란다 직부등 전구포함,59000,65900,59000,,https://prs.ohou.se/apne2/any/uploads/productions/v1-268864475508736.jpg?w=640
311,직부조명,3947824,루비나 직부등(센서겸용),39000,48800,39000,,https://image.ohou.se/image/central_crop/bucketplace-v2-development/uploads-openapi-4376444-1770269387536.jpg/640/640
311,직부조명,3558753,런던 LED 직부 20W,98000,120000,98000,88200.0,https://prs.ohouse.com/apne2/any/uploads/productions/v1-380666891391104.jpg?w=640
311,직부조명,1024883,티디그 레일조명 레일등 5등 (안전포장),115700,127300,115700,109915.0,https://image.ohou.se/image/central_crop/bucketplace-v2-development/uploads-productions-163530287269430593.jpg/640/640
311,직부조명,2568729,빈티지 직부 올드드럼 스트라이프 1등 조명 2colors,153000,153000,153000,137700.0,https://prs.ohou.se/apne2/any/uploads/productions/v1-332200593231936.jpg?w=640
311,직부조명,297737,맥라이언 직부등,76000,95000,76000,,https://image.ohou.se/image/central_crop/bucketplace-v2-development/uploads-productions-158883082236455614.jpg/640/640
311,직부조명,2718792,초키 1등 직부등/센서등 2color,24000,26700,24000,,https://prs.ohou.se/apne2/any/uploads/productions/v1-227000158277696.jpg?w=640
311,직부조명,492089,패리스 사각 1등 직부등,23500,31800,23500,,https://image.ohou.se/image/central_crop/bucketplace-v2-development/uploads-productions-160075403882132725.jpg/640/640
311,직부조명,1024878,오르스티드 천장조명 천장등 (안전포장),65900,72500,65900,62605.0,https://image.ohou.se/image/central_crop/bucketplace-v2-development/uploads-productions-163264064683930458.jpg/640/640
311,직부조명,420286,피오나 라운드 직부등,27500,37130,27500,,https://prs.ohouse.com/apne2/any/uploads/productions/v1-499243958608000.jpg?w=640
311,직부조명,363820,리아트 1등 직부등,50600,63300,50600,,https://image.ohou.se/image/central_crop/bucketplace-v2-development/uploads-productions-159185377722178136.jpg/640/640
311,직부조명,4010670,PLOP Ceiling Bracket (6colors) - 플랍 직부등,132000,132000,132000,118800.0,https://prs.ohouse.com/apne2/any/uploads/productions/v1-482953495212032.jpg?w=640
312,센서등,609195,슬램 원형 센서등 3colors,24100,30200,24100,,https://image.ohou.se/image/central_crop/bucketplace-v2-development/uploads-productions-160765330950053328.jpg/640/640
312,센서등,420287,피오나 라운드 센서등,33500,44000,33500,,https://prs.ohouse.com/apne2/any/uploads/productions/v1-497419022057472.jpg?w=640
312,센서등,1077930,릴리 1등 센서등 현관조명,59000,73800,59000,,https://image.ohou.se/image/central_crop/bucketplace-v2-development/uploads-openapi-4376444-1731631349109.jpg/640/640
312,센서등,677613,퍼블릭 센서등_6colors,46000,57500,46000,,https://image.ohou.se/image/central_crop/bucketplace-v2-development/uploads-productions-161215706260043122.jpg/640/640
312,센서등,1572512,블랑 1등 / 센서등,37400,46800,37400,,https://image.ohou.se/image/central_crop/bucketplace-v2-development/uploads-openapi-4376444-1731660227468.jpg/640/640
312,센서등,293555,스완 센서등_3colors,37800,47300,37800,,https://image.ohou.se/image/central_crop/bucketplace-v2-development/uploads-productions-165084992155762874.jpg/640/640
312,센서등,493853,패리스 원형 1등 센서등,35000,39600,35000,,https://image.ohou.se/image/central_crop/bucketplace-v2-development/uploads-productions-161095418843162127.png/640/640
312,센서등,424249,케이지 센서등 블랙 골드 현관조명 인테리어조명_2colors,21900,25000,21900,,https://image.ohou.se/image/central_crop/bucketplace-v2-development/uploads-productions-164603220752309276.jpg/640/640
312,센서등,971809,쉘린 자개 1등 현관 센서등,67000,90500,67000,62310.0,https://image.ohou.se/image/central_crop/bucketplace-v2-development/uploads-productions-163667683166237157.jpg/640/640
312,센서등,2074330,퍼스트 LED 글로리 센서등 20W,36000,45000,36000,,https://image.ohou.se/image/central_crop/bucketplace-v2-development/uploads-openapi-4376444-1684118110858.jpg/640/640
312,센서등,2064809,루아르 크리스탈 1등 센서 조명 사각형,31000,55000,31000,,https://image.ohou.se/image/central_crop/bucketplace-v2-development/uploads-productions-169320989221029153.jpg/640/640
312,센서등,297887,피오나 스퀘어 1등 - 센서등,32400,44000,32400,,https://image.ohou.se/image/central_crop/bucketplace-v2-development/uploads-productions-169318822832117425.jpg/640/640
312,센서등,1858015,캐서린 1등 조명 직부 / 센서 활용 가능,37500,45500,37500,,https://image.ohou.se/image/central_crop/bucketplace-v2-development/uploads-productions-167566093175743794.jpg/640/640
312,센서등,1767419,맥라이언 센서_5colors 크리스탈 인테리어 엔틱 센서등 현관조명 베란다조명,59000,65800,59000,,https://prs.ohou.se/apne2/any/uploads/productions/v1-305963997188224.jpg?w=640
312,센서등,522438,에비앙 1등 센서등,54000,67400,54000,,https://prs.ohouse.com/apne2/any/uploads/productions/v1-520481175400448.jpg?w=640
312,센서등,581207,빈티지 직부 센서 올드스쿨 조명 1등 스몰 2colors,218000,218000,218000,196200.0,https://prs.ohou.se/apne2/any/uploads/productions/v1-335694998323264.jpg?w=640
312,센서등,495045,버블 현관조명 센서등,28000,31700,28000,,https://image.ohou.se/image/central_crop/bucketplace-v2-development/uploads-productions-160090860066455815.jpg/640/640
312,센서등,3433501,위켄3 3color 직부 센서등 현관조명 유리갓 엔틱 빈티지 베란다 인테리어 포인트조명,38000,40000,38000,32300.0,https://prs.ohou.se/apne2/any/uploads/productions/v1-353391979421696.jpg?w=640
312,센서등,638879,모데나 센서등,33000,41300,33000,,https://image.ohou.se/image/central_crop/bucketplace-v2-development/uploads-openapi-4376444-1731657128429.jpg/640/640
312,센서등,492099,패리스 사각 1등 센서등,28500,33500,28500,,https://image.ohou.se/image/central_crop/bucketplace-v2-development/uploads-productions-160075436852313619.jpg/640/640
312,센서등,1771089,루미케어 LED 원형 센서등 15W,8000,10000,8000,,https://image.ohou.se/image/central_crop/bucketplace-v2-development/uploads-openapi-4376444-1672104641472.jpg/640/640
312,센서등,3610232,LED 슬림 무타공 엣지 베란다 현관센서 조명 6인치 8인치 10인치 직부등 센서등,10000,10500,10000,9500.0,https://prs.ohouse.com/apne2/any/uploads/productions/v1-390931232104576.jpg?w=640
312,센서등,3433464,아데스 3color 직부 센서등 현관조명 유리갓 엔틱 빈티지 베란다 인테리어 포인트조명,49900,52000,49900,42415.0,https://prs.ohou.se/apne2/any/uploads/productions/v1-353390512803968.jpg?w=640
312,센서등,241614,워홀 2등 (직부 / 센서 활용 가능)조명_2colors,88000,114400,88000,79200.0,https://image.ohou.se/image/central_crop/bucketplace-v2-development/uploads-productions-158132595107444767.jpg/640/640
312,센서등,334239,에스카 1등 인테리어 센서등_4colors,30000,46000,30000,,https://image.ohou.se/image/central_crop/bucketplace-v2-development/uploads-productions-165182374080749752.jpg/640/640
312,센서등,1203343,코네 1등 센서등 계단 복도 현관등,56600,70800,56600,,https://image.ohou.se/image/central_crop/bucketplace-v2-development/uploads-openapi-4376444-1644544601966.jpg/640/640
312,센서등,243591,누보 1등 조명 (직부 / 센서 활용가능),42000,55000,42000,37800.0,https://image.ohou.se/image/central_crop/bucketplace-v2-development/uploads-productions-158156715619267052.jpg/640/640
312,센서등,2032149,LED 네그로 센서등 20W,65000,81500,65000,,https://image.ohou.se/image/central_crop/bucketplace-v2-development/uploads-openapi-4376444-1731544283010.jpg/640/640
312,센서등,1983398,인테리어 직부등 현관 센서등 화이트,23000,27000,23000,,https://image.ohou.se/image/central_crop/bucketplace-v2-development/uploads-productions-168004752188912279.png/640/640
312,센서등,1237742,바네스 화이트 골드 현관조명 센서등,36000,49000,36000,,https://image.ohou.se/image/central_crop/bucketplace-v2-development/uploads-productions-164697210993862760.jpg/640/640
312,센서등,417734,옥타곤 센서등 3colors,35000,43900,35000,,https://image.ohou.se/image/central_crop/bucketplace-v2-development/uploads-productions-164568964144042478.jpg/640/640
312,센서등,790122,몬드 센서등 현관조명,11800,18000,11800,,https://image.ohou.se/image/central_crop/bucketplace-v2-development/uploads-productions-161847525849929093.jpg/640/640
312,센서등,2061044,루아르 크리스탈 1등 센서등 원형 조명,31000,55000,31000,,https://image.ohou.se/image/central_crop/bucketplace-v2-development/uploads-productions-168353297525061548.jpg/640/640
312,센서등,3433378,로테 3color 직부센서등 현관조명 유리갓 엔틱 빈티지 베란다 인테리어 포인트조명,47000,49000,47000,39950.0,https://prs.ohou.se/apne2/any/uploads/productions/v1-353388518371456.jpg?w=640
312,센서등,75443,다이아몬드 현관센서등 복도 현관 그리드 1등 센서등,30000,62400,30000,,https://image.ohou.se/image/central_crop/bucketplace-v2-development/uploads-productions-164197743967915557.png/640/640
312,센서등,2935865,국산 LED 원형 도넛 센서등 15W 6500K 주광색,7690,10990,7690,,https://prs.ohou.se/apne2/any/uploads/productions/v1-257889376817152.jpg?w=640
312,센서등,420531,코미니 센서등,54400,68000,54400,,https://image.ohou.se/image/central_crop/bucketplace-v2-development/uploads-productions-159547099123941085.jpg/640/640
312,센서등,3083474,발리 직부 센서형 스테인드글라스 화이트/레드 포인트조명 베란다 현관조명,72000,76000,72000,61200.0,https://prs.ohou.se/apne2/any/uploads/productions/v1-288985976340544.jpg?w=640
312,센서등,1691188,8인치 LED 엣지 사각 센서등 20W 현관 복도 조명,10400,12700,10400,,https://image.ohou.se/image/central_crop/bucketplace-v2-development/uploads-productions-166806110299740134.jpg/640/640
312,센서등,2984313,나비 도자기 직부 센서등 현관조명 베란다조명,64000,70000,64000,54400.0,https://prs.ohou.se/apne2/any/uploads/productions/v1-266728599875584.jpg?w=640
312,센서등,309976,크라운 1등 센서등,14900,17700,14900,,https://image.ohou.se/image/central_crop/bucketplace-v2-development/uploads-productions-158977020824477495.jpg/640/640
312,센서등,1303447,블랑드 2등 센서등 현관조명,80000,100000,80000,,https://image.ohou.se/image/central_crop/bucketplace-v2-development/uploads-openapi-4376444-1650247653938.jpg/640/640
312,센서등,3785376,뭉클 오름 콘크리트 직부등 센서등 LED 10W 현관,118000,118000,118000,,https://prs.ohouse.com/apne2/any/uploads/productions/v1-468001865068608.jpg?w=640
312,센서등,2774480,더쎈 LED 에코 8인치 슬림엣지 사각 센서등 20W 플리커프리 현관 베란다 계단 복도,11900,11900,11900,,https://prs.ohou.se/apne2/any/uploads/productions/v1-197316492189696.png?w=640
312,센서등,835257,알레드 사각 1등 현관 센서등,25260,32400,25260,,https://image.ohou.se/image/central_crop/bucketplace-v2-development/uploads-productions-162121852952233507.jpg/640/640
312,센서등,482068,인테리어 조명 원통 파20 PAR20 핀드 1등 직부등 주방등 복도등 천장등,19800,22800,19800,,https://image.ohou.se/image/central_crop/bucketplace-v2-development/uploads-productions-168110617869410886.jpg/640/640
312,센서등,3966941,넬리 인테리어 스틱 LED 무선 자석 무타공 현관 화장실 복도 센서등 50cm,10900,15900,10900,,https://prs.ohouse.com/apne2/any/uploads/productions/v1-471989166505984.jpg?w=640
312,센서등,1357281,사각 머신 센서등 현관조명,44000,55000,44000,,https://image.ohou.se/image/central_crop/bucketplace-v2-development/uploads-openapi-4376444-1652938470271.jpg/640/640
312,센서등,3905599,충전식 LED 무선 센서등 현관 계단 화장실 베란다 직부등 LUAZ-ML10 10cm,1500,4000,1500,,https://prs.ohouse.com/apne2/any/uploads/productions/v1-454996755587200.jpg?w=640
312,센서등,3083585,하모 직부 센서형 3color 심플갓등 현관조명 베란다 화장대 포인트조명,38000,40000,38000,32300.0,https://prs.ohou.se/apne2/any/uploads/productions/v1-288991025479744.jpg?w=640
313,샹들리에,733399,벨라다 12등 크리스탈 골드 샹들리에 조명 홈 카페 인테리어 홀 거실등,339000,370000,339000,335610.0,https://image.ohou.se/image/central_crop/bucketplace-v2-development/uploads-productions-162847350277470816.jpg/640/640
313,샹들리에,733386,벨라다 3등 크리스탈 골드 샹들리에 조명 인테리어 주방 식탁등,139000,160650,139000,137610.0,https://image.ohou.se/image/central_crop/bucketplace-v2-development/uploads-productions-169145966882414424.jpg/640/640
313,샹들리에,223015,파스텔 마카롱 5등 샹들리에,148500,185630,148500,,https://image.ohou.se/image/central_crop/bucketplace-v2-development/uploads-productions-157716523628816351.jpg/640/640
313,샹들리에,3104039,[해외]미드센추리 글라스 샹들리에 유리 거실 천장조명 3구 5구 주방등,159000,310000,159000,,https://prs.ohou.se/apne2/any/uploads/productions/v1-293396196593792.jpg?w=640
313,샹들리에,733394,벨라다 6등 크리스탈 골드 샹들리에 홈 카페 조명 주방 식탁등,219000,245700,219000,203670.0,https://image.ohou.se/image/central_crop/bucketplace-v2-development/uploads-productions-163488026095218458.jpg/640/640
313,샹들리에,2860293,[해외] 노르딕 플라워 인테리어 꽃잎 펜던트 조명 천장등,79900,120000,79900,,https://image.ohou.se/image/central_crop/bucketplace-v2-development/uploads-openapi-4541212-1716792073790.jpg/640/640
313,샹들리에,1639856,맥라이언 샹들리에 식탁등 펜던트 화이트 엔틱 카페 유리 인테리어조명 크리스탈,70000,85000,70000,,https://prs.ohou.se/apne2/any/uploads/productions/v1-335750958297152.jpg?w=640
313,샹들리에,1566381,마카롱 조명 아이방등 놀이방 파스텔 조명 펜던트 샹들리에,158400,176000,158400,,https://image.ohou.se/image/central_crop/bucketplace-v2-development/uploads-productions-166208986706681721.jpeg/640/640
313,샹들리에,1542517,엘라 샹들리에 식탁등 펜던트 화이트골드 블랙 인테리어조명 크리스탈,160000,185000,160000,,https://image.ohou.se/image/central_crop/bucketplace-v2-development/uploads-productions-166114384897352144.jpg/640/640
313,샹들리에,265994,실비아 7등 크리스탈 샹들리에 조명,250000,290000,250000,225000.0,https://image.ohou.se/image/central_crop/bucketplace-v2-development/uploads-productions-158530230650034674.jpg/640/640
313,샹들리에,2162409,[해외] 빈티지 인테리어 샹들리에 팬던트 조명 거실 천장조명,104900,120000,104900,,https://image.ohou.se/image/central_crop/bucketplace-v2-development/uploads-openapi-8251659-1687930598674.jpg/640/640
313,샹들리에,972022,인테리어 식탁등 디올 골드 5등,189000,233000,189000,,https://image.ohou.se/image/central_crop/bucketplace-v2-development/uploads-productions-161585507834430623.jpg/640/640
313,샹들리에,2939840,샤롯데 6등 팬던트 식탁등 샹들리에 카페 실내 인테리어 디자인 조명,144000,215000,144000,,https://prs.ohouse.com/apne2/any/uploads/productions/v1-378829335990336.jpg?w=640
313,샹들리에,1252923,신데렐라 5등 펜던트,138000,180000,138000,124200.0,https://prs.ohouse.com/apne2/any/uploads/productions/v1-524008839610368.jpg?w=640
313,샹들리에,1901547,화이트 마카롱 6등 샹들리에조명 스위드 펜던트조명 공주방,194000,290000,194000,,https://image.ohou.se/image/central_crop/bucketplace-v2-development/uploads-productions-167712303287795320.png/640/640
313,샹들리에,968271,LED 인테리어 식탁등 자개 샹들리에 3등 카페 조명,154900,154900,154900,153351.0,https://image.ohou.se/image/central_crop/bucketplace-v2-development/uploads-productions-162874713860678265.jpg/640/640
313,샹들리에,3281353,[해외] 비비드 컬러 볼 포인트 천장등 포인트 조명 3color,29900,45000,29900,,https://image.ohou.se/image/central_crop/bucketplace-v2-development/uploads-openapi-4541212-1734600321277.jpg/640/640
313,샹들리에,3598315,[해외] 엠버글로우 천장 조명 미드센추리샹들리에 펜던트등 식탁등,159000,199000,159000,,https://prs.ohouse.com/apne2/any/uploads/productions/v1-388211763822656.jpg?w=640
313,샹들리에,733396,벨라다 8등 크리스탈 골드 샹들리에 조명 주방 식탁등,289000,340200,289000,286110.0,https://image.ohou.se/image/central_crop/bucketplace-v2-development/uploads-productions-166873129584494508.jpg/640/640
313,샹들리에,265996,실비아 9등 크리스탈 샹들리에 조명,290000,318000,290000,261000.0,https://image.ohou.se/image/central_crop/bucketplace-v2-development/uploads-productions-158530270806774686.jpg/640/640
313,샹들리에,254693,캔디 마카롱 6등 펜던트 (멀티 컬러),248000,300000,248000,223200.0,https://image.ohou.se/image/central_crop/bucketplace-v2-development/uploads-productions-167929584553971789.jpg/640/640
313,샹들리에,239501,샤를로트 크리스탈 6등 펜던트 조명,329000,403000,329000,296100.0,https://image.ohou.se/image/central_crop/bucketplace-v2-development/uploads-productions-167903121875766736.jpg/640/640
313,샹들리에,2029288,돌체 6등 패브리갓 인테리어 포인트 북유럽스타일의 엔틱 샹들리에 LED 전구,252000,280000,252000,222000.0,https://image.ohou.se/image/central_crop/bucketplace-v2-development/uploads-productions-168188139104395422.jpg/640/640
313,샹들리에,793330,베아트리스 6등 샹들리에 조명,129000,135000,129000,122550.0,https://image.ohou.se/image/central_crop/bucketplace-v2-development/uploads-productions-161881186773566917.jpg/640/640
313,샹들리에,3204776,[해외] 아코디언 레이어 조명 주방등 인테리어 거실등 빈티지 천장조명,119900,180000,119900,,https://image.ohou.se/image/central_crop/bucketplace-v2-development/uploads-openapi-4541212-1732500002346.jpg/640/640
313,샹들리에,1618247,티파니 6등 LED거실등 인테리어조명(갓포함) (LED전구 무료증정),253000,290000,253000,,https://image.ohou.se/image/central_crop/bucketplace-v2-development/uploads-openapi-18969277-1664899808027.jpg/640/640
313,샹들리에,3346439,[해외] 노르딕 미니멀 다이닝 천장조명 식탁 침실 거실 펜던트 조명 2size,50000,50000,50000,,https://image.ohou.se/image/central_crop/bucketplace-v2-development/uploads-openapi-4541212-1738312606964.jpg/640/640
313,샹들리에,3103648,[해외]구찌니 천장조명 6구 레트로 우드 거실 카페,106000,110000,106000,,https://prs.ohou.se/apne2/any/uploads/productions/v1-292956913377408.jpg?w=640
313,샹들리에,3111506,[해외] 바우하우스 맴피스 콘 삼색 포인트 삼색변환 천장조명/벽조명,139900,180000,139900,,https://image.ohou.se/image/central_crop/bucketplace-v2-development/uploads-openapi-4541212-1728624413470.jpg/640/640
313,샹들리에,3406265,[해외]레트로 유리 천장조명 미드센추리 모던 주방조명 거실 안방등 3구 5구,145000,160000,145000,,https://prs.ohou.se/apne2/any/uploads/productions/v1-347728550953024.jpg?w=640
313,샹들리에,3850048,[해외] 미니멀 투톤 글라스 인테리어 조명 천장 거실 주방등,64900,85000,64900,,https://image.ohou.se/image/central_crop/bucketplace-v2-development/uploads-openapi-4541212-1764311603484.jpg/640/640
313,샹들리에,2916977,[해외] 미드센추리 빈티지 원목 펜던트 스프링 펜던트 천장등 식탁등 조명,159900,200000,159900,,https://image.ohou.se/image/central_crop/bucketplace-v2-development/uploads-openapi-4541212-1718875020874.jpg/640/640
313,샹들리에,1547435,아이텔 5등 샹들리에 인테리어 조명,126000,180000,126000,,https://image.ohou.se/image/central_crop/bucketplace-v2-development/uploads-productions-166130544186683406.jpg/640/640
313,샹들리에,1256631,프리지 6등 샹들리에_3colors,159000,168000,159000,143100.0,https://image.ohou.se/image/central_crop/bucketplace-v2-development/uploads-productions-164793926641619698.jpg/640/640
313,샹들리에,2734000,클리어 4등 크리스탈 팬던트,138800,168000,138800,124920.0,https://prs.ohou.se/apne2/any/uploads/productions/v1-229190822015104.jpg?w=640
313,샹들리에,2485263,미니 마카롱 6등 샹들리에조명 펜던트조명 공주방,108000,130000,108000,,https://image.ohou.se/image/central_crop/bucketplace-v2-development/uploads-productions-170165927796787734.jpg/640/640
313,샹들리에,966399,아르덴 10등 대형 크리스탈 샹들리에 조명 인테리어 카페조명,589000,680400,589000,,https://image.ohou.se/image/central_crop/bucketplace-v2-development/uploads-productions-169233384951608416.jpg/640/640
313,샹들리에,3449931,[해외]레드컬러 천장조명 포인트 카페조명 팬던트 주방 식탁등 5구,125000,150000,125000,,https://prs.ohou.se/apne2/any/uploads/productions/v1-356293983948800.jpg?w=640
313,샹들리에,1082000,LED 포인트 인테리어 펜던트 샹들리에 식탁등 자개 조명,205700,205700,205700,,https://image.ohou.se/image/central_crop/bucketplace-v2-development/uploads-productions-163607785143025864.jpg/640/640
313,샹들리에,3281582,[해외]빈티지 우드 샹들리에 조명,98000,130000,98000,,https://prs.ohou.se/apne2/any/uploads/productions/v1-319589669052480.png?w=640
313,샹들리에,3372732,[해외] 카드 천장조명 샹들리에 유니크한 카페 인테리어 천장등 제틀즈,145000,150000,145000,,https://prs.ohouse.com/apne2/any/uploads/productions/v1-385680046231680.jpg?w=640
313,샹들리에,1740182,로코코 크리스탈 5등 식탁등 펜던트조명,159000,250000,159000,,https://image.ohou.se/image/central_crop/bucketplace-v2-development/uploads-productions-167048898045297005.jpg/640/640
313,샹들리에,2762254,[해외] 북유럽 미니멀 감성 UFO 펜던트 식탁등 인테리어 조명,89900,120000,89900,,https://image.ohou.se/image/central_crop/bucketplace-v2-development/uploads-openapi-4541212-1713419827111.jpg/640/640
313,샹들리에,3289755,[해외] 빈티지 플루피 실버펜던트 천장조명 식탁등,59900,79900,59900,,https://image.ohou.se/image/central_crop/bucketplace-v2-development/uploads-openapi-4541212-1735189344747.jpg/640/640
313,샹들리에,2948326,1198 켈리 샹들리에 3CH,780000,780000,780000,702000.0,https://image.ohou.se/image/central_crop/bucketplace-v2-development/uploads-openapi-3465616-1720156276520.jpg/640/640
313,샹들리에,3289593,레아스 5등 직부 크리스탈 샹들리에 거실 식탁 주방 포인트 디자인 조명,180000,200000,180000,,https://prs.ohou.se/apne2/any/uploads/productions/v1-321871048187968.jpg?w=640
313,샹들리에,2641670,아로스 4등 팬던트 _2color 크리스탈 샹들리에 식탁 주방 포인트 인테리어 조명,200000,223000,200000,,https://prs.ohou.se/apne2/any/uploads/productions/v1-215061139025920.jpg?w=640
313,샹들리에,973287,클림트 크리스탈 6등 펜던트_2colors,399000,450000,399000,359100.0,https://image.ohou.se/image/central_crop/bucketplace-v2-development/uploads-productions-162924897810960605.jpg/640/640
313,샹들리에,3489434,엔틱 샹들리에 식탁등 카페조명 클리아 2types,139000,199000,139000,,https://prs.ohouse.com/apne2/any/uploads/productions/v1-363992995262528.jpg?w=640
313,샹들리에,3350432,[해외] 엔틱 빈티지 우드 천장조명 다용도 거실 주방등 2color,24900,35000,24900,,https://image.ohou.se/image/central_crop/bucketplace-v2-development/uploads-openapi-4541212-1738652030328.jpg/640/640
321,줄조명,3828401,USB COB 잘라쓰는 LED 스트립 5m 줄조명 터치스위치 밝기조절 디밍,15900,25000,15900,,https://prs.ohouse.com/apne2/any/uploads/productions/v1-436217317072960.png?w=640
321,줄조명,3345366,[오늘의집 단독] 핸드메이드 해파리 모빌 간이 조명 오브제,168000,168000,168000,151200.0,https://prs.ohou.se/apne2/any/uploads/productions/v1-334414649659392.jpg?w=640
321,줄조명,568593,LED 캠핑 알전구 6m 40구,4800,6000,4800,,https://image.ohou.se/image/central_crop/bucketplace-v2-development/uploads-productions-160526150087682912.jpg/640/640
321,줄조명,1395597,태양광 태양열 야외 정원등 잔디등 경관 LED 캠핑 테라스 현관 줄 조명 2colors,4500,10300,4500,4050.0,https://image.ohou.se/image/central_crop/bucketplace-v2-development/uploads-productions-165354894469204079.jpg/640/640
321,줄조명,557611,내츄럴 라탄 무드등 40구_건전지형,11900,25000,11900,,https://image.ohou.se/image/central_crop/bucketplace-v2-development/uploads-productions-1604882121_124541_1.jpg/640/640
321,줄조명,81933,북유럽 집게 가랜드 전구,5600,10600,5600,,https://image.ohou.se/image/central_crop/bucketplace-v2-development/uploads-productions-1545879071_104260_1.jpg/640/640
321,줄조명,392059,LED 와이어 커튼 조명 전구 창문 장식 파티 라이트 크리스마스 트리 전구 소품,9500,9900,9500,,https://prs.ohou.se/apne2/any/uploads/productions/v1-200163029958784.jpg?w=640
321,줄조명,3602285,white flower patchwork hanging lamp_무드등 조명,45000,45000,45000,,https://prs.ohouse.com/apne2/any/uploads/productions/v1-388824967114880.png?w=640
321,줄조명,965961,LED 파티라이트 캠핑 루프탑 테라스 야외 줄조명 10구 20구 25구 8W 램프 포함,77000,90000,77000,,https://image.ohou.se/image/central_crop/bucketplace-v2-development/uploads-productions-162864990436780311.jpg/640/640
321,줄조명,2103730,LED 네온사인 줄조명 간접등 침대 컴퓨터방 홈바 카페 인테리어 2m/5m 10colors,5900,10000,5900,5310.0,https://image.ohou.se/image/central_crop/bucketplace-v2-development/uploads-productions-168542618768389535.png/640/640
321,줄조명,1696707,크리스마스조명 오너먼트 커튼조명 트리전구 창문조명 파티,15900,25000,15900,,https://image.ohou.se/image/central_crop/bucketplace-v2-development/uploads-productions-166841741021745645.jpg/640/640
321,줄조명,1502638,LED 라인 줄조명 붙이는 커튼 침대 식탁등 무드등 간접조명_4size,29900,35000,29900,,https://image.ohou.se/image/central_crop/bucketplace-v2-development/uploads-productions-165949126912897134.jpg/640/640
321,줄조명,191169,앵두 30P 투명선 웜 배터리형 크리스마스전구,7600,7600,7600,,https://image.ohou.se/image/central_crop/bucketplace-v2-development/uploads-productions-1571638430_101759_1.jpg/640/640
321,줄조명,314639,LED알전구 캠핑조명 감성무드등 앵두전구 차박홈파티 줄조명 파티라이트_6sizes,12500,13900,12500,6250.0,https://prs.ohou.se/apne2/any/uploads/productions/v1-218651612995712.jpg?w=640
321,줄조명,833351,고급 코튼볼 조명 20구 감성 캠핑조명 LED 인테리어 파티라이트 무드등 _5colors,14900,17400,14900,7450.0,https://image.ohou.se/image/central_crop/bucketplace-v2-development/uploads-productions-162157337087145871.jpg/640/640
321,줄조명,582107,하트집게장식 트리전구 24V 크리스마스 장식 커튼조명,24000,30000,24000,,https://image.ohou.se/image/central_crop/bucketplace-v2-development/uploads-productions-160618603083332737.jpg/640/640
321,줄조명,37955,프리스타일 전구 - 별모양,6400,9200,6400,,https://image.ohou.se/image/central_crop/bucketplace-v2-development/uploads-productions-1510807898_102838_1.jpg/640/640
321,줄조명,912361,할로윈 파티 할로윈 펌프킨 LED 조명 가랜드,7000,7000,7000,,https://image.ohou.se/image/central_crop/bucketplace-v2-development/uploads-productions-15650448040726_itApt.jpg/640/640
321,줄조명,1631138,폼폼 뜨개 무드등 (당기는 전구),33000,35000,33000,,https://prs.ohouse.com/apne2/any/uploads/productions/v1-430272114262144.jpg?w=640
321,줄조명,183160,크리스마스 눈사람 가랜드 조명,4800,8000,4800,,https://image.ohou.se/image/central_crop/bucketplace-v2-development/uploads-productions-156982579411799592.jpg/640/640
321,줄조명,2739576,식물등 중간스위치 콘센트플러그 코드선 키소켓,8400,16800,8400,,https://prs.ohouse.com/apne2/any/uploads/productions/v1-461002437091456.jpg?w=640
321,줄조명,1070035,200구 투명선 LED 그물네트 지니전구(1x2M) (전원잭포함) (연결가능) 2color,24500,43000,24500,,https://image.ohou.se/image/central_crop/bucketplace-v2-development/uploads-productions-163540981009881811.jpg/640/640
321,줄조명,2450864,오로라 줄조명 홀로그램 트리 장식 3M LED 전구 홈파티 소품,8600,13000,8600,,https://image.ohou.se/image/central_crop/bucketplace-v2-development/uploads-openapi-9313590-1699700369624.jpg/640/640
321,줄조명,3317906,Blue Veil 핸드메이드 해파리 모빌 간이 조명 오브제,168000,168000,168000,151200.0,https://prs.ohou.se/apne2/any/uploads/productions/v1-347840329363520.jpg?w=640
321,줄조명,1132066,레이스빈 LED 와이어전구 커튼조명 커튼전구 파티라이트 4칼라,16900,16900,16900,,https://image.ohou.se/image/central_crop/bucketplace-v2-development/uploads-productions-163944209451842004.jpg/640/640
321,줄조명,1090218,눈꽃 트리전구 50구 감성 크리스마스 벽트리 줄조명,11900,13900,11900,,https://image.ohou.se/image/central_crop/bucketplace-v2-development/uploads-productions-163659741795897152.jpg/640/640
321,줄조명,1569709,은하수 100구 투명선 LED 지네전구 10M 3종,14400,29700,14400,,https://image.ohou.se/image/central_crop/bucketplace-v2-development/uploads-openapi-5392710-1662364612275.jpg/640/640
321,줄조명,997936,"감성차박캠핑용 줄조명 전구 LED 알전구 +전구 파우치, 건전지 증정",2400,9400,2400,,https://image.ohou.se/image/central_crop/bucketplace-v2-development/uploads-productions-163056792169035829.jpg/640/640
321,줄조명,3581274,스타로프 태양광 LED 스트링가드 타프 텐트 줄 끈 로프 캠핑 용품,8500,8500,8500,,https://image.ohou.se/image/central_crop/bucketplace-v2-development/uploads-openapi-24676763-1758093288794.jpg/640/640
321,줄조명,1039115,와이어 지네전구 줄 조명 200구 400구 크리스마스 트리 (2컬러),11000,22000,11000,,https://image.ohou.se/image/central_crop/bucketplace-v2-development/uploads-productions-163696601492151872.jpg/640/640
321,줄조명,2276659,당기는 건전지 LED 전구램프 - 감성 캠핑전구 조명등 무선무드등 차박 캠핑 조명 전등,5500,5500,5500,,https://image.ohou.se/image/central_crop/bucketplace-v2-development/uploads-productions-169252236603337322.jpg/640/640
321,줄조명,1167627,태양광 태양열 야외 정원등 경관 줄조명 GS50,6000,10000,6000,,https://image.ohou.se/image/central_crop/bucketplace-v2-development/uploads-productions-164203786436247713.jpg/640/640
321,줄조명,4007474,LED 스트립 USB 줄조명 10m DIY 인테리어조명 간접등,12900,20000,12900,,https://prs.ohouse.com/apne2/any/uploads/productions/v1-496811885445184.png?w=640
321,줄조명,256134,"크리스마스 커튼 300구 LED 줄조명 무드등 트리전구 (3m,8가지모드,USB,리모콘)",12900,35000,12900,,https://prs.ohou.se/apne2/any/uploads/productions/v1-200423073816640.jpg?w=640
321,줄조명,1502590,붙이는 LED 라인 센서등 무드등 침대 안방 커튼 간접조명 줄조명 2size,15800,40000,15800,,https://prs.ohouse.com/apne2/any/uploads/productions/v1-408619588112512.jpg?w=640
321,줄조명,1452483,당기는 전구 미니 LED 캠핑 조명 전구 인테리어 무선 건전지,3860,3860,3860,,https://image.ohou.se/image/central_crop/bucketplace-v2-development/uploads-openapi-17873648-1657081337552.png/640/640
321,줄조명,330389,LED 캠핑조명 앵두전구 방수 알전구 건전지 타입 캠핑 무드등 차박 감성소품 _3types,12510,13900,12510,,https://image.ohou.se/image/central_crop/bucketplace-v2-development/uploads-productions-170010114896538770.jpg/640/640
321,줄조명,2836434,붙이는 LED 줄조명 간접등 PC방 간접조명 인테리어 9types,2000,3000,2000,1800.0,https://prs.ohou.se/apne2/any/uploads/productions/v1-244079650783360.jpg?w=640
321,줄조명,1697975,"캐릭터 원형 가랜드 줄조명+레더링 가랜드, 스티커 SET",25900,30600,25900,,https://image.ohou.se/image/central_crop/bucketplace-v2-development/uploads-productions-166848731415703137.jpg/640/640
321,줄조명,3828362,USB 네온플렉스 LED 스트립 5m 잘라쓰는 줄조명,15900,25000,15900,,https://prs.ohouse.com/apne2/any/uploads/productions/v1-443227155857536.png?w=640
321,줄조명,682887,LED 5~30P 리튬건전지용 드럼전구 투명선 (리튬건전지포함),3400,5000,3400,,https://image.ohou.se/image/central_crop/bucketplace-v2-development/uploads-openapi-4309368-1667440893096.jpg/640/640
321,줄조명,1060971,건전지형 LED 앵두 전구 줄조명 크리스마스 트리 캠핑 차박 무드등 20~80구/3~10m,1800,2400,1800,,https://image.ohou.se/image/central_crop/bucketplace-v2-development/uploads-productions-163524473472918129.jpg/640/640
321,줄조명,2888419,꼬질 토깽이 토끼 램프 조명,37900,37900,37900,,https://prs.ohou.se/apne2/any/uploads/productions/v1-250422625902592.jpg?w=640
321,줄조명,1526774,삼선 빅큐빅 줄전구 20m 200구+리드선 3m,28500,33600,28500,,https://image.ohou.se/image/central_crop/bucketplace-v2-development/uploads-productions-166028248379411287.jpg/640/640
321,줄조명,2457894,반딧불전구30구3m(점등골드) 크리스마스 할로윈 파티,3200,3200,3200,,https://image.ohou.se/image/central_crop/bucketplace-v2-development/uploads-openapi-19571016-1700036252702.jpg/640/640
321,줄조명,37960,인테리어 데코 전구(앵두전구) 50P,11900,15500,11900,,https://image.ohou.se/image/central_crop/bucketplace-v2-development/uploads-productions-1531879758540_icws.jpg/640/640
321,줄조명,330364,LED 와이어전구 꼬마전구 스트링라이트 줄조명 미니 DIY 데코 무드등_코르크형,1900,1900,1900,,https://image.ohou.se/image/central_crop/bucketplace-v2-development/uploads-productions-169519512199872029.jpg/640/640
321,줄조명,1863418,위즈 라이트 스트립 2m LED 붙이는 줄조명,54900,54900,54900,52155.0,https://prs.ohouse.com/apne2/any/uploads/productions/v1-466926534205440.jpg?w=640
321,줄조명,53824,LED 포토 집게 가랜드 조명,4900,11300,4900,,https://image.ohou.se/image/central_crop/bucketplace-v2-development/uploads-productions-1531874613914_jH.jpg/640/640
321,줄조명,962268,클라우드 led 조명 가랜드,4500,4500,4500,,https://image.ohou.se/image/central_crop/bucketplace-v2-development/uploads-productions-15650448063579_jPFiF.jpg/640/640
322,간접조명,2590654,붙이는 조명 무선 전등 조명등 무드등 USB 화장대조명,14800,25000,14800,13320.0,https://prs.ohouse.com/apne2/any/uploads/productions/v1-462053741019136.jpg?w=640
322,간접조명,1099877,Tapo L900 스마트 LED 스트립 조명 1600만 컬러 5m,24900,24900,24900,,https://prs.ohouse.com/apne2/any/uploads/productions/v1-377859712053248.jpg?w=640
322,간접조명,322597,LED 무드등 붙이는 셀프 인테리어 간접조명 줄조명 커튼박스 간접등 라인조명 5종,14700,21700,14700,,https://image.ohou.se/image/central_crop/bucketplace-v2-development/uploads-productions-167774210226209959.jpg/640/640
322,간접조명,939942,더쎈 LED T5 간접조명 우물조명 인테리어조명,4800,8500,4800,,https://image.ohou.se/image/central_crop/bucketplace-v2-development/uploads-productions-162701308251220681.jpg/640/640
322,간접조명,1288573,셀프 LED 간접 조명 커튼 침대 붙이는 줄조명 인테리어 무드등 (2color/5size),2490,4000,2490,,https://image.ohou.se/image/central_crop/bucketplace-v2-development/uploads-productions-164932267284858830.jpg/640/640
322,간접조명,298829,밝기조절 LED 셀프 간접등 라인조명_3colors,13900,15900,13900,,https://image.ohou.se/image/central_crop/bucketplace-v2-development/uploads-productions-158890550850647912.jpg/640/640
322,간접조명,621261,무선 충전식 붙이는 무드등 조명 (리모컨/초고용량(100시간)/11단계밝기/타이머/3컬러),8000,10000,8000,,https://prs.ohouse.com/apne2/any/uploads/productions/v1-430139526484096.jpg?w=640
322,간접조명,3596765,LED 디자인 T3 플리커프리 간접조명 우물조명 천장조명 신발장 주방간접등,4800,6000,4800,,https://prs.ohouse.com/apne2/any/uploads/productions/v1-405344076550272.jpg?w=640
322,간접조명,176428,LED T5 간접조명 라인조명_6colors,6400,8000,6400,,https://image.ohou.se/image/central_crop/bucketplace-v2-development/uploads-productions-158138363117053429.jpg/640/640
322,간접조명,1102901,LED 간접등 붙이는 줄 조명 RGB 네온사인 스트립 컴퓨터방 홈바 무드등 (5size),4000,5400,4000,,https://prs.ohou.se/apne2/any/uploads/productions/v1-216825467121728.jpg?w=640
322,간접조명,1953050,LED바 붙이는 자석 마그네틱 조명 셀프 주방 식탁 옷장 침실 화장대 4size,9900,14900,9900,,https://image.ohou.se/image/central_crop/bucketplace-v2-development/uploads-productions-167893694706582989.jpg/640/640
322,간접조명,3103395,토마토 무드등(당기는 조명),29900,31900,29900,,https://prs.ohouse.com/apne2/any/uploads/productions/v1-507475210064000.png?w=640
322,간접조명,264920,멀티 메이크업 무드등 LED조명 화장조명,13900,24900,13900,13761.0,https://image.ohou.se/image/central_crop/bucketplace-v2-development/uploads-productions-158518797391328884.jpg/640/640
322,간접조명,280791,LED 화장대 거울 메이크업 조명 키트,23900,29900,23900,,https://image.ohou.se/image/central_crop/bucketplace-v2-development/uploads-productions-158709438693339265.jpg/640/640
322,간접조명,3629741,무선 리모컨 무드등 건전지 필요없는 붙이는 충전식 피클라이트 조명 3개세트,26800,35000,26800,,https://prs.ohouse.com/apne2/any/uploads/productions/v1-400117100359808.jpg?w=640
322,간접조명,1446676,LED 화장대 미러 조명 메이크업 무드등 파우더룸 거울 뷰티라이트 거치형,11000,25000,11000,9900.0,https://image.ohou.se/image/central_crop/bucketplace-v2-development/uploads-productions-166322540937830479.png/640/640
322,간접조명,350413,유선 LED 라인 무드등 조명(리모컨형)_3sizes,11900,15900,11900,,https://image.ohou.se/image/central_crop/bucketplace-v2-development/uploads-productions-159116548241664897.jpg/640/640
322,간접조명,113379,유선 LED 터치탁 포스텝 조명 (밝기조절/터치등/네온색상출시),9900,17900,9900,,https://prs.ohou.se/apne2/any/uploads/productions/v1-343886828322816.jpg?w=640
322,간접조명,1724066,붙이는 자석 간접 조명 미니 LED 마카롱 무드등,3300,3300,3300,,https://image.ohou.se/image/central_crop/bucketplace-v2-development/uploads-productions-166987346294644893.jpg/640/640
322,간접조명,1089196,화장대 메이크업 뷰티라이트 파우더룸 LED 조명 무드등 (밝기조절/3가지 불빛선택),8040,12000,8040,,https://image.ohou.se/image/central_crop/bucketplace-v2-development/uploads-productions-163652706296865713.jpg/640/640
322,간접조명,2056099,T5 LED 고정형 등기구 300 -1200mm_5 sizes,5000,7000,5000,,https://image.ohou.se/image/central_crop/bucketplace-v2-development/uploads-productions-168308858165314662.jpg/640/640
322,간접조명,2436164,붙이는 화장대조명 테이블 침대 수유등 싱크대 수면등 led 터치 책상등 유선,11000,16000,11000,,https://image.ohou.se/image/central_crop/bucketplace-v2-development/uploads-productions-169898644577443627.JPG/640/640
322,간접조명,2802877,24V LED COB 라인바 10M 간접조명 7color 줄조명 스트립조명,29700,33000,29700,,https://prs.ohou.se/apne2/any/uploads/productions/v1-237683261673536.jpg?w=640
322,간접조명,618923,LED T5 간접조명 DC타입 신발장 화장실 주방간접등,3700,5100,3700,,https://image.ohou.se/image/central_crop/bucketplace-v2-development/uploads-openapi-2803886-1734315677467.jpg/640/640
322,간접조명,2290036,붙이는 부착식 우드 무드등 수면등 수유등 간접 조명,28900,29900,28900,,https://image.ohou.se/image/central_crop/bucketplace-v2-development/uploads-productions-169305384350499575.jpg/640/640
322,간접조명,4005128,나노리프 4D TV,169000,169000,169000,160550.0,https://image.ohou.se/image/central_crop/bucketplace-v2-development/uploads-openapi-12126394-1774324997981.jpg/640/640
322,간접조명,3213158,홀리데이 리본 조명 체크 패브릭 조명 당기는전구 캠핑조명 원룸조명,40000,40000,40000,,https://prs.ohou.se/apne2/any/uploads/productions/v1-311935444156544.jpg?w=640
322,간접조명,4005125,4D PC,69000,69000,69000,65550.0,https://image.ohou.se/image/central_crop/bucketplace-v2-development/uploads-openapi-12126394-1774324680625.jpg/640/640
322,간접조명,960297,벨로씨 화장대 메이크업 LED 조명(10구/14구/리모컨/USB형/선정리간편),21900,21900,21900,,https://image.ohou.se/image/central_crop/bucketplace-v2-development/uploads-openapi-14683531-1670306249230.jpg/640/640
322,간접조명,1499617,Tapo L930 5미터 스마트 Wi-Fi 라이트 스트립 LED 조명 멀티 컬러 전구,59800,59800,59800,,https://prs.ohouse.com/apne2/any/uploads/productions/v1-356987103035392.jpg?w=640
322,간접조명,3254170,듀얼60LED바 12V PCB BAR 국산삼성칩 50cm 거울조명 욕실 진열장 이노엘이디,3000,3000,3000,,https://image.ohou.se/image/central_crop/bucketplace-v2-development/uploads-openapi-8061529-1733469761366.jpg/640/640
322,간접조명,530643,스마트 라인 LED,44900,44900,44900,,https://prs.ohouse.com/apne2/any/uploads/productions/v1-425338045206592.jpg?w=640
322,간접조명,1965334,3컬러 무선 조명 센서 갤러리 라이트 무드등 충전식 인테리어 포인트 LED,15900,20000,15900,,https://image.ohou.se/image/central_crop/bucketplace-v2-development/uploads-productions-167945810820891441.jpg/640/640
322,간접조명,857301,T5 간접등 LED 간접조명 무드등 15W 18W 거실 우물천장 싱크대 옷장 진열장 조명,12800,16500,12800,,https://image.ohou.se/image/central_crop/bucketplace-v2-development/uploads-productions-162251370282522446.jpg/640/640
322,간접조명,3492963,ebys table lamp 에비스 테이블 램프 (4 colors),153000,170000,153000,,https://prs.ohouse.com/apne2/any/uploads/productions/v1-433693040934976.jpg?w=640
322,간접조명,2796351,슬림터치-온 LED 조명 밝기조절 주방 싱크대 독서실 학생 책상조명 벙커침대 간접등 디밍,24800,25000,24800,,https://prs.ohou.se/apne2/any/uploads/productions/v1-236646203564096.jpg?w=640
322,간접조명,610546,붙이는 LED 무드등 조명 무선 간접 줄조명 인테리어 무드등 3개입 2colors,4500,5500,4500,,https://image.ohou.se/image/central_crop/bucketplace-v2-development/uploads-productions-169441711891194081.jpg/640/640
322,간접조명,322571,"LED 침대 센서등 간접조명 , 어린이 화장실 전구 스마트 자동점등 센서조명 2types",23900,36500,23900,,https://image.ohou.se/image/central_crop/bucketplace-v2-development/uploads-productions-159013048725428045.jpg/640/640
322,간접조명,1464146,무선 각도조절 LED 부착등_2colors,14900,16900,14900,,https://image.ohou.se/image/central_crop/bucketplace-v2-development/uploads-productions-165769928994145649.jpg/640/640
322,간접조명,992832,DIY LED 조명 스트립 히든조명 인테리어 슬림바 무드등 거실 주방 침실(3M/5M),9900,9900,9900,,https://image.ohou.se/image/central_crop/bucketplace-v2-development/uploads-productions-163038345474775913.jpg/640/640
322,간접조명,675673,유선 LED RGB 컬러뮤직 라인 무드등 조명(리모컨형)_2sizes,13900,22900,13900,,https://image.ohou.se/image/central_crop/bucketplace-v2-development/uploads-productions-161188911819442096.jpg/640/640
322,간접조명,3912089,잘라쓰는 라인바 LED 프리컷팅 이지라인 스트립 줄조명 매입 간접조명 / 고연색성,6000,7000,6000,,https://image.ohou.se/image/central_crop/bucketplace-v2-development/uploads-openapi-21000947-1768190713879.jpg/640/640
322,간접조명,350246,유선 LED 라인 무드등 조명(스위치형)_3sizes,8900,12900,8900,,https://image.ohou.se/image/central_crop/bucketplace-v2-development/uploads-productions-159116317388661683.jpg/640/640
322,간접조명,3731330,데스크테리어 원목 테라리움 무드등 터치 조명 DIY,51200,69000,51200,,https://prs.ohouse.com/apne2/any/uploads/productions/v1-412477812256768.jpg?w=640
322,간접조명,833117,DIY 간접조명 RGB 풀컬러 LED 무드등 PC방 모니터 간접등 전구 붙이는 조명 5종,13700,23900,13700,,https://image.ohou.se/image/central_crop/bucketplace-v2-development/uploads-productions-162219292475200149.jpg/640/640
322,간접조명,1859125,LED T5 사각 간접조명 형광등 라인조명,3700,12000,3700,,https://image.ohou.se/image/central_crop/bucketplace-v2-development/uploads-productions-167569790224951285.jpg/640/640
322,간접조명,2281303,레몬마드라스 행잉조명 똑딱이 조명 카페무드등 감성캠핑조명,39000,39000,39000,,https://image.ohou.se/image/central_crop/bucketplace-v2-development/uploads-productions-169269138122321884.jpg/640/640
322,간접조명,290448,틴 LED 조명 무선 자석 무드등 수유등,16900,22000,16900,,https://image.ohou.se/image/central_crop/bucketplace-v2-development/uploads-productions-168119888208953339.jpg/640/640
322,간접조명,1560432,핸드 모션 LED 센서등 주방등 현관등 복도등 줄조명 (USB타입),9900,9900,9900,,https://image.ohou.se/image/central_crop/bucketplace-v2-development/uploads-openapi-14683531-1735806989120.jpg/640/640
322,간접조명,962308,모니터 TV LED 간접조명 인테리어 줄조명 무드등 4종(리모컨/USB타입/소리반응),13900,13900,13900,,https://image.ohou.se/image/central_crop/bucketplace-v2-development/uploads-openapi-14683531-1670306244137.jpg/640/640
323,센서무드등,3940268,[오늘의집 단독] 크롬출시! Metal Motion lamp 메탈 모션센서 갤러리 조명,36000,45000,36000,34200.0,https://prs.ohouse.com/apne2/any/uploads/productions/images/v1-463495243386944.jpg?w=640
323,센서무드등,3599908,스팟 무타공 충전 LED 센서 조명,22900,89000,22900,20610.0,https://prs.ohouse.com/apne2/any/uploads/productions/v1-400810518286400.jpg?w=640
323,센서무드등,3840514,각도조절 배터리 대용량 센서등 무타공 천장형 LED 자석 거울 부착형 현관,28900,48900,28900,26010.0,https://prs.ohouse.com/apne2/any/uploads/productions/v1-506637248127104.jpg?w=640
323,센서무드등,1287689,충전식 무선 LED 직부등 붙이는 조명 베란다 현관 화장실 간접 센서등 8종,2200,4000,2200,1980.0,https://image.ohou.se/image/central_crop/bucketplace-v2-development/uploads-productions-166841065961205112.jpg/640/640
323,센서무드등,977324,"[오늘의집 단독] 우드 모션센서 부착형 조명 10cm (자석, 꼭꼬핀)",35000,39000,35000,33250.0,https://image.ohou.se/image/central_crop/bucketplace-v2-development/uploads-productions-162937202664246558.jpg/640/640
323,센서무드등,3891708,루밍 무타공 현관 스팟 인테리어 무선 LED 센서등 (지속조명가능),12900,25000,12900,12255.0,https://prs.ohouse.com/apne2/any/uploads/productions/v1-450011255566464.jpg?w=640
323,센서무드등,3601079,엣지 무타공 충전 LED 센서 조명,23900,49000,23900,,https://prs.ohouse.com/apne2/any/uploads/productions/v1-400812794003520.jpg?w=640
323,센서무드등,188075,붙이는 조명 LED 무드등 3개 세트 (리모콘/자석부착판 포함),13500,19900,13500,,https://image.ohou.se/image/central_crop/bucketplace-v2-development/uploads-productions-157077962598710435.jpg/640/640
323,센서무드등,3321945,블럭 모션감지 무선 자석 붙이는 센서등 조명 간접등 (현관/화장실),14900,20000,14900,13410.0,https://prs.ohouse.com/apne2/any/uploads/productions/v1-358284651958272.jpg?w=640
323,센서무드등,309786,무선 LED 멀티탁 센서등 무드등 조명(건전지),10900,15900,10900,,https://image.ohou.se/image/central_crop/bucketplace-v2-development/uploads-productions-158976826251381577.jpg/640/640
323,센서무드등,2488445,업그레이드된! 2세대 루밍 LED 센서등 무선 원형 충전식 색상조정가능,5500,7000,5500,5225.0,https://image.ohou.se/image/central_crop/bucketplace-v2-development/uploads-productions-170176264586985112.jpg/640/640
323,센서무드등,3599674,플리츠 무타공 무선 센서등 배터리형 현관 화장실 계단 건전지센서등,18900,89000,18900,17010.0,https://prs.ohouse.com/apne2/any/uploads/productions/v1-388440613404800.jpg?w=640
323,센서무드등,1233398,무선 모션감지 LED 우드 스마트 센서 무드등,23900,31000,23900,,https://image.ohou.se/image/central_crop/bucketplace-v2-development/uploads-productions-164671114553889560.jpg/640/640
323,센서무드등,2588932,인테리어까지 한번에! 루밍 붙이는 인테리어 LED 간접조명 센서등 무드등 무선,9800,20000,9800,9310.0,https://prs.ohou.se/apne2/any/uploads/productions/v1-205867581300864.jpg?w=640
323,센서무드등,3439968,인체 감지 직부등 강아지 센서 무드등 수면등 독서등 침실 수유등 조명 (3단 밝기조절),16900,25000,16900,15210.0,https://prs.ohouse.com/apne2/any/uploads/productions/v1-373176471212160.jpg?w=640
323,센서무드등,3641705,인테리어 무선 조명 80cm 붙이는 주방 욕실 현관 센서등 간접 LED 충전식 3size,13800,25000,13800,,https://prs.ohouse.com/apne2/any/uploads/productions/v1-435443364380800.jpg?w=640
323,센서무드등,3608628,충전식 마그네틱 센서 LED 무드등 현관 화장실 직부등 무타공 부착식 조명 2colors,15400,23000,15400,13860.0,https://prs.ohouse.com/apne2/any/uploads/productions/v1-390606680633408.jpg?w=640
323,센서무드등,638955,LED 무선 충전식 센서등 자석부착식 센서바 2colors *5sizes* C타입 리뉴얼,8500,13500,8500,,https://prs.ohou.se/apne2/any/uploads/productions/v1-247524225650752.jpg?w=640
323,센서무드등,2873096,뫼르크레드 센서등 LED 조명 무드등 콘센트형 2개입,9900,12900,9900,9405.0,https://prs.ohou.se/apne2/any/uploads/productions/v1-247543550824576.jpg?w=640
323,센서무드등,1287732,우드 충전식 붙이는 간접 조명 무선 LED 직부등 현관 화장실 터치 센서 무타공 침실등,16900,39900,16900,15210.0,https://prs.ohouse.com/apne2/any/uploads/productions/v1-400829228646528.png?w=640
323,센서무드등,2582819,충전식 3색 밝기조절 센서등 LED 스포트라이트 무선 무드등 조명 6sizes,7900,13000,7900,7110.0,https://prs.ohou.se/apne2/any/uploads/productions/v1-227090213138496.png?w=640
323,센서무드등,2569209,잘라쓰는 LED 라인 모션 센서등/동작감지/간접조명,7500,12000,7500,7425.0,https://prs.ohou.se/apne2/any/uploads/productions/v1-202952339451904.jpg?w=640
323,센서무드등,3214103,자석부착 충전식 무선 모션감지 LED 스마트 센서등,17000,20000,17000,16830.0,https://prs.ohouse.com/apne2/any/uploads/productions/v1-398026033475584.jpg?w=640
323,센서무드등,2525104,충전식 자석부착형 무선 LED 모션 센서등 라이트 DCL01,17800,23500,17800,,https://prs.ohou.se/apne2/any/uploads/productions/v1-195569372880896.jpg?w=640
323,센서무드등,3624348,사각형 대용량 무타공 천장형 LED 자석 센서등,39900,149000,39900,35910.0,https://prs.ohouse.com/apne2/any/uploads/productions/v1-393736853065728.jpg?w=640
323,센서무드등,3599839,원통형 무선 잔여배터리표시 센서등 LED 현관 화장실 계단,20900,89000,20900,18810.0,https://prs.ohouse.com/apne2/any/uploads/productions/v1-388451167993856.jpg?w=640
323,센서무드등,851079,LED 무선 모션감지 충전식 자석 붙이는 센서등 현관 무드등 조명 2color/5size,2800,3500,2800,,https://prs.ohou.se/apne2/any/uploads/productions/v1-341323017298048.jpg?w=640
323,센서무드등,3559025,고급형 충전식 은은한 확산형 LED 직부등 무타공 부착식 화장실 현관 센서등 3sizes,7900,13000,7900,7110.0,https://prs.ohouse.com/apne2/any/uploads/productions/v1-385617116319744.png?w=640
323,센서무드등,287265,핸드모션 손동작 감지 LED 싱크대조명_4sizes 디밍기능(밝기조절가능),24800,25800,24800,,https://image.ohou.se/image/central_crop/bucketplace-v2-development/uploads-productions-158770801663717228.jpg/640/640
323,센서무드등,1761478,무선 LED 자동 동작감지 센서등 자석 부착 현관 계단 베란다 화장실(건전지 포함),10900,20000,10900,,https://prs.ohouse.com/apne2/any/uploads/productions/v1-487551558156416.png?w=640
323,센서무드등,4121317,듀얼플리츠 대용량 무타공 LED 센서등,29900,39900,29900,26910.0,https://prs.ohouse.com/apne2/any/uploads/productions/v1-512695068725312.jpg?w=640
323,센서무드등,1758972,"1+1 LED무선 충전식 바형 센서등 무드등, 5sizes C타입 리뉴얼",15000,17000,15000,13950.0,https://prs.ohou.se/apne2/any/uploads/productions/v1-233023897276544.jpg?w=640
323,센서무드등,3601354,원형 대용량 무타공 천장형 LED 자석 센서등,39900,149000,39900,35910.0,https://prs.ohouse.com/apne2/any/uploads/productions/v1-388773710291008.jpg?w=640
323,센서무드등,2566353,LED 무선 센서등 옷장 계단 충전식 붙이는 조명,8900,11900,8900,,https://image.ohou.se/image/central_crop/bucketplace-v2-development/uploads-openapi-8958713-1706059459475.jpg/640/640
323,센서무드등,2681622,블럭형으로 무드있게! 루밍 고급형 LED 센서등 무선 충전식 라운드형,12900,25000,12900,12255.0,https://prs.ohou.se/apne2/any/uploads/productions/v1-221789538726016.jpg?w=640
323,센서무드등,2900224,건전지형 업그레이드! 루밍 라이트플러스 LED 센서등 무선 원형 2colors 건전지 증정,4500,7000,4500,4275.0,https://prs.ohou.se/apne2/any/uploads/productions/v1-252566680662144.jpg?w=640
323,센서무드등,1038283,몰간 센서등 현관 복도 무선,10100,11100,10100,9595.0,https://image.ohou.se/image/central_crop/bucketplace-v2-development/uploads-productions-163351860013115983.jpg/640/640
323,센서무드등,2928278,삼성LED 국산 무선센서등 현관 화장실 신발장 간접 붙이는 조명 충전식 복도 베란다 싱크대,17900,36900,17900,,https://prs.ohou.se/apne2/any/uploads/productions/v1-257103241265280.jpg?w=640
323,센서무드등,1407898,넬리LED 무선 자석 센서등 18 28cm 조명현관 계단 복도 거실 화장실 모션감지 충전식,9900,19900,9900,,https://image.ohou.se/image/central_crop/bucketplace-v2-development/uploads-productions-165456677885554400.jpg/640/640
323,센서무드등,198561,무선 LED 라인 센서등 무드등 조명(충전식)_2sizes,16900,19900,16900,,https://image.ohou.se/image/central_crop/bucketplace-v2-development/uploads-productions-157836993731017593.jpg/640/640
323,센서무드등,775464,동작감지 무선 LED 센서등 (황색/백색 조절가능) /붙이는 무선 조명,19900,31900,19900,,https://image.ohou.se/image/central_crop/bucketplace-v2-development/uploads-productions-161784436454545600.jpg/640/640
323,센서무드등,3714050,우드바 센서등 원목 디자인 충전식 무선 LED 부착형 현관 및 화장실 벽,18590,19500,18590,,https://prs.ohouse.com/apne2/any/uploads/productions/v1-409977278578752.png?w=640
323,센서무드등,2596114,3색변환 부착식 LED 무선 센서바 확산형 실버바디 센서등 충전식 간접조명 4Size,13000,15500,13000,,https://prs.ohou.se/apne2/any/uploads/productions/v1-207581863571456.jpg?w=640
323,센서무드등,309991,무선 LED 멀티탁 센서등 무드등 조명(충전식)_3sizes,11900,11900,11900,,https://image.ohou.se/image/central_crop/bucketplace-v2-development/uploads-productions-161891616806287678.jpg/640/640
323,센서무드등,1265210,MORKRADD 뫼르크레드 LED야간센서등 2개,13300,22000,13300,12635.0,https://image.ohou.se/image/central_crop/bucketplace-v2-development/uploads-productions-164819378329323807.PNG/640/640
323,센서무드등,2134768,무선 센서등 충전식 조명 무드등 붙이는조명 간접등,13000,18000,13000,,https://image.ohou.se/image/central_crop/bucketplace-v2-development/uploads-productions-168682124241273586.png/640/640
323,센서무드등,2010705,무선 충전식 LED 센서등 부착형 현관 베란다 조명 4size,14900,30000,14900,,https://image.ohou.se/image/central_crop/bucketplace-v2-development/uploads-openapi-5912500-1747097070664.jpg/640/640
323,센서무드등,908426,NEW LED바 센서등 충전식 밝기조절 무선 (공식수입정품),15500,16900,15500,,https://image.ohou.se/image/central_crop/bucketplace-v2-development/uploads-productions-162546261731514792.png/640/640
323,센서무드등,846184,벽에 붙이는 충전식 무선 LED 독서등 침대 무드등 밝기조절 수면등 수유등,14900,19900,14900,,https://image.ohou.se/image/central_crop/bucketplace-v2-development/uploads-productions-162191697423854193.jpg/640/640
323,센서무드등,1798426,충전식 무선 센서등 + 무드등 겸용 LED 조명 베란다 현관 센서등 20cm/30cm,9900,15900,9900,,https://image.ohou.se/image/central_crop/bucketplace-v2-development/uploads-productions-167325019231607989.jpg/640/640
331,LED거실등,711291,LED 거실등 거실조명 150W(직하형 엣지 렌즈타입 플리커프리),84000,117000,84000,82320.0,https://image.ohou.se/image/central_crop/bucketplace-v2-development/uploads-productions-161423193317118358.jpg/640/640
331,LED거실등,109523,밀레 삼성칩 LED 거실등 120W (SP22)LR,69000,149800,69000,68310.0,https://image.ohou.se/image/central_crop/bucketplace-v2-development/uploads-productions-168359463648577199.jpg/640/640
331,LED거실등,789620,시스템 리모컨 거실등 LED120W (PRSPT4)LRT,84900,179800,84900,84051.0,https://image.ohou.se/image/central_crop/bucketplace-v2-development/uploads-productions-161846593378914942.jpg/640/640
331,LED거실등,109519,밀레 삼성칩 LED 거실등 180W (SP222)LR,95900,219800,95900,94941.0,https://image.ohou.se/image/central_crop/bucketplace-v2-development/uploads-productions-168359561739081751.jpg/640/640
331,LED거실등,326016,LED 미러 거실2등 60W 삼성칩,19900,24880,19900,18109.0,https://image.ohou.se/image/central_crop/bucketplace-v2-development/uploads-productions-159038687556199207.jpg/640/640
331,LED거실등,109524,밀레 삼성칩 LED 거실등 2등 60W (SP2)LR,28900,37000,28900,28611.0,https://image.ohou.se/image/central_crop/bucketplace-v2-development/uploads-productions-168136736044783811.jpg/640/640
331,LED거실등,793876,2가지 혼합불빛 디자인 거실조명 LED 100W 라비냐,334000,344000,334000,317300.0,https://image.ohou.se/image/central_crop/bucketplace-v2-development/uploads-productions-167841802701750100.jpg/640/640
331,LED거실등,1353291,LED 모더닝 거실등 100W 천장조명 인테리어조명,199000,273630,199000,,https://prs.ohouse.com/apne2/any/uploads/productions/v1-460277553852416.jpg?w=640
331,LED거실등,877810,삼성칩 LED 커브드 시스템 거실등 180W 밀착형_2colors,144900,181200,144900,,https://image.ohou.se/image/central_crop/bucketplace-v2-development/uploads-productions-166737449425516919.jpg/640/640
331,LED거실등,1671726,LED 초슬림 무타공 엣지 고급형 주방등 평판조명 국산 삼성칩 (직사각) 5size,29000,38000,29000,27550.0,https://image.ohou.se/image/central_crop/bucketplace-v2-development/uploads-productions-166873789291013345.png/640/640
331,LED거실등,1135200,Elements 7Pack,289000,299000,289000,274550.0,https://image.ohou.se/image/central_crop/bucketplace-v2-development/uploads-productions-163963511421823132.jpg/640/640
331,LED거실등,1240559,플로라 실링팬 52인치 리모컨,458000,458000,458000,453420.0,https://image.ohou.se/image/central_crop/bucketplace-v2-development/uploads-productions-164723561814491673.jpg/640/640
331,LED거실등,880182,LED 직하형 엣지 평판조명 거실등 200W,118800,148500,118800,,https://image.ohou.se/image/central_crop/bucketplace-v2-development/uploads-productions-162374564088730960.jpg/640/640
331,LED거실등,682467,LED 거실등 천장등 180W 삼성칩 플리커프리,79900,203800,79900,68714.0,https://prs.ohou.se/apne2/any/uploads/productions/v1-257145434935296.jpg?w=640
331,LED거실등,967152,LED 인테리어 거실등 모모나 직사각 골드 100W 주광색 전구색 혼합,289900,289900,289900,287001.0,https://image.ohou.se/image/central_crop/bucketplace-v2-development/uploads-productions-162867265344914782.jpg/640/640
331,LED거실등,674940,LED 포르테 거실등 100W,202400,253000,202400,,https://prs.ohou.se/apne2/any/uploads/productions/v1-244712551632896.jpg?w=640
331,LED거실등,880444,삼성칩 LED 커브드 시스템 거실등 120W 2P 밀착형_2colors,74800,102850,74800,,https://image.ohou.se/image/central_crop/bucketplace-v2-development/uploads-productions-166735543093073748.jpg/640/640
331,LED거실등,880196,LED 직하형 엣지 평판조명 거실등 150W A타입,86400,108000,86400,,https://image.ohou.se/image/central_crop/bucketplace-v2-development/uploads-productions-162374595123288539.jpg/640/640
331,LED거실등,1655816,LED 심플 라인 거실등 200W,384500,480700,384500,,https://prs.ohouse.com/apne2/any/uploads/productions/v1-454991485771776.jpg?w=640
331,LED거실등,3574910,디에바 LED 라인등 (300~1200mm),14000,17000,14000,,https://prs.ohouse.com/apne2/any/uploads/productions/v1-383479125426304.jpg?w=640
331,LED거실등,682461,LED 삼성칩 시스템 거실등 120W 일체형,69900,73500,69900,,https://image.ohou.se/image/central_crop/bucketplace-v2-development/uploads-productions-161429941023239800.jpg/640/640
331,LED거실등,3527720,LED등 거실등 천장 조명 베이직 120W 거실조명 천장등 천장조명,58500,73130,58500,,https://prs.ohouse.com/apne2/any/uploads/productions/v1-373245072715776.jpg?w=640
331,LED거실등,259410,브랜디 아트솔 LED 조명 거실등 100W/200W,205000,230000,205000,,https://prs.ohouse.com/apne2/any/uploads/productions/v1-516824952713280.jpg?w=640
331,LED거실등,109520,밀레 삼성칩 거실등 LED120W (SP121)LR,89400,193800,89400,,https://image.ohou.se/image/central_crop/bucketplace-v2-development/uploads-productions-161053564454209044.jpg/640/640
331,LED거실등,2138354,LED 라이튼 거실등 150W,373000,466300,373000,,https://image.ohou.se/image/central_crop/bucketplace-v2-development/uploads-openapi-4376444-1687141589947.jpg/640/640
331,LED거실등,3670563,우드 무드등 열매 포터블 램프 무선 LED 조명 수유등 취침등,17900,39000,17900,,https://prs.ohouse.com/apne2/any/uploads/productions/v1-454951587065984.png?w=640
331,LED거실등,880195,LED 직하형 엣지 평판조명 거실등 150W B타입,113400,141800,113400,,https://image.ohou.se/image/central_crop/bucketplace-v2-development/uploads-productions-162374582982738490.jpg/640/640
331,LED거실등,3732247,LED 하이엔드 슬림 거실등 180W,198000,247500,198000,178200.0,https://image.ohou.se/image/central_crop/bucketplace-v2-development/uploads-openapi-16113136-1757315110542.jpg/640/640
331,LED거실등,3527742,LED등 거실등 천장 조명 베이직 180W 거실조명 천장등 천장조명,79000,98750,79000,,https://prs.ohouse.com/apne2/any/uploads/productions/v1-373246091976704.jpg?w=640
331,LED거실등,1497294,A9슬림 거실등 LED120W(ARMT4),95000,150000,95000,,https://image.ohou.se/image/central_crop/bucketplace-v2-development/uploads-productions-165931473072105446.jpg/640/640
331,LED거실등,217067,삼성칩 LED 커브드 시스템 거실등 120W 일체형,96600,120800,96600,,https://image.ohou.se/image/central_crop/bucketplace-v2-development/uploads-productions-157612962921547476.jpg/640/640
331,LED거실등,1016514,LED 슬림시스템 거실6등 150W (삼성칩),94700,159000,94700,,https://image.ohou.se/image/central_crop/bucketplace-v2-development/uploads-productions-163169023781017941.jpg/640/640
331,LED거실등,2834965,LED 포미 리모컨 디밍 일체형 거실등 150W 국산 LED칩 삼색변환 조광 거실조명,160000,178000,160000,,https://prs.ohou.se/apne2/any/uploads/productions/v1-244002783834176.jpg?w=640
331,LED거실등,665595,LED 포비나 거실등 150W,455000,568800,455000,,https://prs.ohouse.com/apne2/any/uploads/productions/v1-460286349185088.jpg?w=640
331,LED거실등,491755,LED 시니언 거실등 90W,176000,330000,176000,,https://prs.ohouse.com/apne2/any/uploads/productions/v1-460231477244032.jpg?w=640
331,LED거실등,608514,비츠 스탠다드 LED 거실등 120W(A타입),56100,99000,56100,54417.0,https://image.ohou.se/image/central_crop/bucketplace-v2-development/uploads-productions-162752308873531713.jpg/640/640
331,LED거실등,1559328,LED LG칩 슬림 엣지 평판등 모음전 천장등 거실등 주방등 부엌등 센서등 25w 50w,7700,9710,7700,,https://image.ohou.se/image/central_crop/bucketplace-v2-development/uploads-productions-166182375834419431.png/640/640
331,LED거실등,109525,밀레 삼성칩 거실등 통4등 LED 120W (SPT4)LRT,56900,119800,56900,,https://image.ohou.se/image/central_crop/bucketplace-v2-development/uploads-productions-161053559912291165.jpg/640/640
331,LED거실등,1494586,라운디 LED 거실등 100W 거실 천장 조명 삼성칩 LED등,64900,109900,64900,,https://image.ohou.se/image/central_crop/bucketplace-v2-development/uploads-openapi-8958713-1659070391370.jpg/640/640
331,LED거실등,3118623,[해외] 레트로 천장 조명 구찌니 LED 안방 거실 옐로우,126000,140000,126000,,https://prs.ohou.se/apne2/any/uploads/productions/v1-296457159516288.jpg?w=640
331,LED거실등,1130618,시즈닝 LED 거실등 130W 조명 (리모컨 타입),365000,420000,365000,328500.0,https://image.ohou.se/image/central_crop/bucketplace-v2-development/uploads-productions-168171592722087521.jpg/640/640
331,LED거실등,3014538,오스람 에버 사각 LED 거실등 180W,120150,240300,120150,,https://prs.ohou.se/apne2/any/uploads/productions/v1-273761043509312.jpg?w=640
331,LED거실등,315446,LED 미러 거실4등 120W 삼성칩,64300,80375,64300,,https://image.ohou.se/image/central_crop/bucketplace-v2-development/uploads-productions-159038679479283741.jpg/640/640
331,LED거실등,2141622,삼성정품칩 스퀘어 거실등 LED180W (SQ222)LR 국산KC획득,124900,249800,124900,,https://image.ohou.se/image/central_crop/bucketplace-v2-development/uploads-productions-168722342247116332.jpg/640/640
331,LED거실등,3732347,LED 하이엔드 슬림 거실등(원판) 120W,130000,162500,130000,117000.0,https://image.ohou.se/image/central_crop/bucketplace-v2-development/uploads-openapi-16113136-1757316044647.jpg/640/640
331,LED거실등,536238,시스템 리모컨 거실등 LED180W (PRSP222)LR,142300,299800,142300,,https://image.ohou.se/image/central_crop/bucketplace-v2-development/uploads-productions-169744058246184283.jpg/640/640
331,LED거실등,217810,울트라 LED 거실등 엣지평판 150W L x3,145800,182300,145800,,https://image.ohou.se/image/central_crop/bucketplace-v2-development/uploads-productions-157621689083932095.jpg/640/640
331,LED거실등,3846770,LED 굿아이뱅뱅 리모컨 직사각 거실등 150W 국산 삼색변환 디밍 인테리어 조명,207000,230000,207000,,https://prs.ohouse.com/apne2/any/uploads/productions/v1-440815363362816.jpg?w=640
331,LED거실등,681921,LED 거실등 천장등 120W 삼성칩 플리커프리,59900,148000,59900,50915.0,https://prs.ohou.se/apne2/any/uploads/productions/v1-257143548223552.jpg?w=640
331,LED거실등,609056,LED 뉴플랜 면조명 거실등 150W 조명,255000,255000,255000,,https://image.ohou.se/image/central_crop/bucketplace-v2-development/uploads-productions-160764894878411828.jpg/640/640
332,LED방등,3749629,[오늘의집 단독] LED 일루온 방등 60W 안방 거실 천장조명,49500,61900,49500,44550.0,https://prs.ohouse.com/apne2/any/uploads/productions/v1-516572740919360.jpg?w=640
332,LED방등,1862619,[오늘의집 단독] LED 시스템 알로 삼색변환/밝기조절 리모컨 방등 80W,37500,46900,37500,,https://prs.ohouse.com/apne2/any/uploads/productions/v1-516560071094272.jpg?w=640
332,LED방등,4128663,[오늘의집 단독] LED 일루온 클리어샌드 방등 60W,59500,74400,59500,53550.0,https://prs.ohouse.com/apne2/any/uploads/productions/v1-521427390800000.jpg?w=640
332,LED방등,109517,밀레 삼성칩 LED 방등 60W (SP60)R,21990,23210,21990,,https://image.ohou.se/image/central_crop/bucketplace-v2-development/uploads-productions-168500466496612071.jpg/640/640
332,LED방등,299028,삼성칩 고급형 시스템 리모컨 방등 LED60W (PRSP60)PRR,29800,79800,29800,27416.0,https://image.ohou.se/image/central_crop/bucketplace-v2-development/uploads-productions-166934103263593399.jpg/640/640
332,LED방등,553610,무타공(직하) 엣지 조명 LED50W (500X500),23000,47800,23000,22770.0,https://image.ohou.se/image/central_crop/bucketplace-v2-development/uploads-productions-160455494902431335.jpg/640/640
332,LED방등,310209,LED 직하형 엣지 평판조명 방등 50W 2size,28800,36000,28800,,https://image.ohou.se/image/central_crop/bucketplace-v2-development/uploads-productions-158977653696459916.jpg/640/640
332,LED방등,2459223,[해외] 미드센츄리 마카롱 원형 방등 천장등 조명(3가지 빛색상변경),37900,45900,37900,36005.0,https://image.ohou.se/image/central_crop/bucketplace-v2-development/uploads-openapi-15827269-1700113247064.jpg/640/640
332,LED방등,2943209,LED등 국산 슬림 방등 조명 거실등 60W 방전등,20000,30000,20000,19800.0,https://prs.ohou.se/apne2/any/uploads/productions/v1-307329907331200.jpg?w=640
332,LED방등,649861,어린이 LED방등 구름 키즈 조명 아이방 버블 도넛 60W,118000,154000,118000,109740.0,https://image.ohou.se/image/central_crop/bucketplace-v2-development/uploads-productions-165585885246957759.jpg/640/640
332,LED방등,976086,아라 리모컨 사각 LED 방등 55W 밝기조절 안방 조명 (3색변환/삼성칩/국내산),47980,59900,47980,,https://image.ohou.se/image/central_crop/bucketplace-v2-development/uploads-productions-167895554177591026.jpg/640/640
332,LED방등,2119224,코스타 LED 조명 방등 60W,158000,205400,158000,142200.0,https://prs.ohouse.com/apne2/any/uploads/productions/v1-510177156317312.jpg?w=640
332,LED방등,1758098,LED 리모컨 원형 방등 60W 안방 천장 조명 등 타이머&밝기조절&색변환,48900,68900,48900,,https://image.ohou.se/image/central_crop/bucketplace-v2-development/uploads-productions-167152371795191896.jpg/640/640
332,LED방등,3088695,LED 멜로 직부등 2color,95000,118800,95000,,https://image.ohou.se/image/central_crop/bucketplace-v2-development/uploads-openapi-4376444-1727319476365.jpg/640/640
332,LED방등,1671619,LED 초슬림 무타공 엣지 방등/거실등 고급형 평판조명 국산 삼성칩 (정사각) 4size,11500,15000,11500,10925.0,https://image.ohou.se/image/central_crop/bucketplace-v2-development/uploads-productions-166860439806917028.png/640/640
332,LED방등,3088690,LED 넬라 직부등 2color,95000,118750,95000,,https://prs.ohouse.com/apne2/any/uploads/productions/v1-407581571342464.jpg?w=640
332,LED방등,967807,LED 인테리어 구름 방등 60W 주광색 전구색 아이방 안방 조명,164900,164900,164900,,https://image.ohou.se/image/central_crop/bucketplace-v2-development/uploads-productions-161665157851151485.jpg/640/640
332,LED방등,3624170,친환경 유럽산 정품 바리솔 라비 미드솔 엣지 정사각 방등 거실등,134000,134000,134000,127300.0,https://prs.ohouse.com/apne2/any/uploads/productions/v1-477296344928320.jpg?w=640
332,LED방등,3601411,LED 루벤 원형 방등 60W,39900,49900,39900,,https://prs.ohouse.com/apne2/any/uploads/productions/v1-408283778707456.jpg?w=640
332,LED방등,504393,LED 모더닝 방등 50W,89000,123750,89000,,https://image.ohou.se/image/central_crop/bucketplace-v2-development/uploads-productions-168264867110524735.jpg/640/640
332,LED방등,3759034,LED 루벤 원형 방등 60W 안방등 천장등,39000,49000,39000,35100.0,https://image.ohou.se/image/central_crop/bucketplace-v2-development/uploads-openapi-16113136-1758509462732.jpg/640/640
332,LED방등,1586638,LED 코디 슬림 50W 방등 거실등 (정사각) 2size,48000,62400,48000,,https://image.ohou.se/image/central_crop/bucketplace-v2-development/uploads-productions-166331351217196996.jpg/640/640
332,LED방등,2327984,비르모 LED 천장등 거실 침실 조명,60900,69900,60900,57855.0,https://image.ohou.se/image/central_crop/bucketplace-v2-development/uploads-productions-169468763215197723.jpg/640/640
332,LED방등,3723316,LED 아리벨 직부등 30W,83600,104500,83600,,https://prs.ohouse.com/apne2/any/uploads/productions/v1-413560323866624.jpg?w=640
332,LED방등,2574611,[해외] 버터링 LED 3색변환 방등 천장등,41900,53000,41900,39805.0,https://image.ohou.se/image/central_crop/bucketplace-v2-development/uploads-openapi-4541212-1706259818679.jpg/640/640
332,LED방등,1494722,티르 리모컨 원형 LED방등 50W 안방 조명 삼성 LED칩 플리커프리,37900,41900,37900,,https://prs.ohou.se/apne2/any/uploads/productions/v1-281600470347904.jpg?w=640
332,LED방등,109515,밀레 삼성칩 리모콘 방등 LED60W (RSP60)RR,28400,77800,28400,27264.0,https://image.ohou.se/image/central_crop/bucketplace-v2-development/uploads-productions-160396445156564293.jpg/640/640
332,LED방등,548003,LED 데이온 리모컨 직하형 원형 방등 40W,96300,120380,96300,,https://image.ohou.se/image/central_crop/bucketplace-v2-development/uploads-productions-166805645693333719.jpg/640/640
332,LED방등,806177,LED 루나링 아이방조명 60W,102600,134750,102600,,https://image.ohou.se/image/central_crop/bucketplace-v2-development/uploads-productions-161950133822500392.jpg/640/640
332,LED방등,972352,플리커프리 삼성칩 리모컨 LED 시스템 방등 60W,24900,34500,24900,,https://prs.ohou.se/apne2/any/uploads/productions/v1-235501325422592.jpg?w=640
332,LED방등,880520,삼성칩 LED 커브드 시스템 방등 60W 밀착형_2colors,30000,41250,30000,,https://prs.ohou.se/apne2/any/uploads/productions/v1-241907787452416.jpg?w=640
332,LED방등,3669629,LED 에코즈 슬림 직하 엣지 평판조명 6type 방등 거실등 주방등 천장등 천장조명,19500,24200,19500,,https://image.ohou.se/image/central_crop/bucketplace-v2-development/uploads-openapi-16113136-1754875022181.jpg/640/640
332,LED방등,965561,다빈 리모컨 원형 LED 방등 60W 삼성LED칩 플리커프리 리모콘 led 조명 led등,39800,41900,39800,,https://image.ohou.se/image/central_crop/bucketplace-v2-development/uploads-productions-167348786206912115.jpg/640/640
332,LED방등,964804,LED 방등 조명 안방등 전등 교체 플리커프리 60W,15900,35000,15900,,https://prs.ohou.se/apne2/any/uploads/productions/v1-257139448958976.jpg?w=640
332,LED방등,3566681,[해외] 3중 레이어 브라운 원형 천장조명 주방 현관등 안방등,115000,150000,115000,,https://prs.ohouse.com/apne2/any/uploads/productions/v1-382100685774848.jpg?w=640
332,LED방등,3632091,LED 에코즈 슬림 직하 엣지 평판조명 540X540 50W 방등 거실등 천장등,19500,24400,19500,,https://image.ohou.se/image/central_crop/bucketplace-v2-development/uploads-openapi-16113136-1753170448381.jpg/640/640
332,LED방등,3785554,LED 플래차 방등 60W,69000,86300,69000,,https://prs.ohouse.com/apne2/any/uploads/productions/v1-435819065290752.jpg?w=640
332,LED방등,1067131,LED 삼성칩 토끼 품은 달 리모컨 아이방등 75W,119000,155000,119000,,https://image.ohou.se/image/central_crop/bucketplace-v2-development/uploads-productions-166743772800602720.jpg/640/640
332,LED방등,3564432,[해외]미드센츄리 안방등 사각 조명 실버 크롬 45cm 24cm,119000,139000,119000,,https://prs.ohouse.com/apne2/any/uploads/productions/v1-381483956678720.jpg?w=640
332,LED방등,2141915,몽실몽실 도넛 방등 LED60W,79900,139000,79900,,https://image.ohou.se/image/central_crop/bucketplace-v2-development/uploads-productions-162072356376331950.jpg/640/640
332,LED방등,2119247,슬로디 LED 방등 60W 조명,34000,47600,34000,,https://image.ohou.se/image/central_crop/bucketplace-v2-development/uploads-productions-168619009571888944.jpg/640/640
332,LED방등,2152601,티르 리모컨 LED 방등 75W 밝기조절 색상변환 실버 안방 조명 등,54900,90000,54900,,https://image.ohou.se/image/central_crop/bucketplace-v2-development/uploads-productions-168809963399838235.jpg/640/640
332,LED방등,666945,4000K 리모컨 주백색방등 LED60W (4KPRSP60)4KPRR,29100,58200,29100,,https://image.ohou.se/image/central_crop/bucketplace-v2-development/uploads-productions-168500455537377983.jpg/640/640
332,LED방등,1494723,티르 리모컨 사각 LED방등 50W 안방 천장 조명 삼성LED칩 플리커프리,39900,41900,39900,,https://prs.ohou.se/apne2/any/uploads/productions/v1-281600544112768.jpg?w=640
332,LED방등,3610539,[해외]미드센츄리 라운드 원형 조명 천장등 안방등 아이방 현관문 베란다 거실등,115000,140000,115000,,https://prs.ohouse.com/apne2/any/uploads/productions/v1-390943858925568.jpg?w=640
332,LED방등,3523119,[해외] 버블 안방등 LED 방등 교체 거실 천장등 아이방 조명 교체,129000,155000,129000,,https://prs.ohouse.com/apne2/any/uploads/productions/v1-372004150411392.jpg?w=640
332,LED방등,3542015,LED등 LED방등 천장 조명 베이직 60W 방조명 천장등 천장조명 거실등 거실조명,18500,23130,18500,,https://prs.ohouse.com/apne2/any/uploads/productions/v1-375761970278400.jpg?w=640
332,LED방등,788156,LED 슬림시스템방등 50W (삼성칩),15900,40000,15900,,https://image.ohou.se/image/central_crop/bucketplace-v2-development/uploads-productions-161838080771809776.jpg/640/640
332,LED방등,2212393,행크 LED 3색변환 리모컨 방등 플리커프리 75W,35000,52000,35000,,https://prs.ohouse.com/apne2/any/uploads/productions/v1-512598764212288.jpg?w=640
332,LED방등,1076136,LED 아비온 비행기 아이방등 70W 키즈조명,155000,203500,155000,,https://image.ohou.se/image/central_crop/bucketplace-v2-development/uploads-productions-163583130368114860.jpg/640/640
333,LED주방등,1416974,타우너 라인 LED _3size,25000,25000,25000,,https://image.ohou.se/image/central_crop/bucketplace-v2-development/uploads-productions-168171734413006328.jpg/640/640
333,LED주방등,109531,밀레 삼성칩 LED 주방등 60W (SP552)KBK,32400,63000,32400,,https://image.ohou.se/image/central_crop/bucketplace-v2-development/uploads-productions-166668548412676527.jpg/640/640
333,LED주방등,309590,LED 직하형 엣지 평판조명 주방등 50W (1285x180),30600,38300,30600,,https://image.ohou.se/image/central_crop/bucketplace-v2-development/uploads-openapi-4376444-1731375637666.jpg/640/640
333,LED주방등,1494510,삼성칩ㅣ국내생산ㅣA/S보장 티르 사각 LED주방등 60W 주방 천장 조명 led등,39900,78900,39900,,https://image.ohou.se/image/central_crop/bucketplace-v2-development/uploads-openapi-8958713-1659069287419.jpg/640/640
333,LED주방등,3527835,LED등 주방등 전등교체 베이직 60W 주방조명 천장조명 천장등 식탁등,24000,30000,24000,,https://prs.ohouse.com/apne2/any/uploads/productions/v1-373250484899904.jpg?w=640
333,LED주방등,1095877,LED 직하형 엣지 평판조명 주방등 25W (640x180),23500,29400,23500,,https://image.ohou.se/image/central_crop/bucketplace-v2-development/uploads-openapi-4376444-1636965529833.jpg/640/640
333,LED주방등,3632119,LED 에코즈 슬림 직하 엣지 평판조명 1290X230 50W 주방등 거실등 천장등,24500,30700,24500,,https://image.ohou.se/image/central_crop/bucketplace-v2-development/uploads-openapi-16113136-1753170746906.jpg/640/640
333,LED주방등,109530,밀레 삼성칩 LED 주방등 30W (SP362)KBK,24200,59800,24200,,https://image.ohou.se/image/central_crop/bucketplace-v2-development/uploads-productions-161075274818256451.jpg/640/640
333,LED주방등,200279,삼성칩 LED 폰토스 슬림 주방등 60W_2colors,69000,86300,69000,,https://image.ohou.se/image/central_crop/bucketplace-v2-development/uploads-productions-157319247015340288.jpg/640/640
333,LED주방등,3632020,LED 에코즈 슬림 직하 엣지 평판조명 1285X320 50W 주방등 거실등 천장등,22500,28200,22500,,https://image.ohou.se/image/central_crop/bucketplace-v2-development/uploads-openapi-16113136-1753169586159.jpg/640/640
333,LED주방등,3014526,오스람 에버 사각 LED 주방등 60W,36600,73200,36600,,https://prs.ohou.se/apne2/any/uploads/productions/v1-273759541923904.jpg?w=640
333,LED주방등,764541,LED 아크릴 주방등 포트 25w,38000,38000,38000,,https://image.ohou.se/image/central_crop/bucketplace-v2-development/uploads-productions-1617091472_109512_1.jpg/640/640
333,LED주방등,225911,울트라 LED 엣지 평판조명 주방등 1285x180 50W,44100,58440,44100,,https://image.ohou.se/image/central_crop/bucketplace-v2-development/uploads-productions-157794134275535471.jpg/640/640
333,LED주방등,1052795,LED 직하형 엣지 평판조명 주방등 50W (1285x320),28800,36000,28800,,https://image.ohou.se/image/central_crop/bucketplace-v2-development/uploads-productions-163461136780139539.jpg/640/640
333,LED주방등,1635682,LED 코디 슬림 25W/50W 주방등 평판조명 2size,34000,45000,34000,,https://image.ohou.se/image/central_crop/bucketplace-v2-development/uploads-productions-166562683299377552.jpg/640/640
333,LED주방등,608531,LED 뉴플랜 주방등 주방조명 50W(면조명 엣지등 평판조명),85000,105000,85000,82450.0,https://image.ohou.se/image/central_crop/bucketplace-v2-development/uploads-productions-160759056711440341.jpg/640/640
333,LED주방등,611376,A9슬림 주방등 LED60W,39900,89800,39900,,https://image.ohou.se/image/central_crop/bucketplace-v2-development/uploads-productions-160792185682039195.jpg/640/640
333,LED주방등,682690,LED 주방등 전등 교체 60W 삼성칩 플리커프리 화이트,24900,64900,24900,,https://prs.ohou.se/apne2/any/uploads/productions/v1-257141773156352.jpg?w=640
333,LED주방등,1905367,라인 펜던트 LED 식탁조명,68500,138000,68500,,https://image.ohou.se/image/central_crop/bucketplace-v2-development/uploads-productions-167721906521232586.jpg/640/640
333,LED주방등,1248264,밀레 LED 주방등 25W/50W_4types,22000,27400,22000,,https://prs.ohouse.com/apne2/any/uploads/productions/v1-512597297995904.jpg?w=640
333,LED주방등,1703202,삼성칩 LED 커브드 시스템 주방등 60W_2colors,41400,75000,41400,,https://image.ohou.se/image/central_crop/bucketplace-v2-development/uploads-openapi-4376444-1668662489245.jpg/640/640
333,LED주방등,3527819,LED등 주방등 전등교체 베이직 30W 주방조명 천장조명 천장등 식탁등,19000,23750,19000,,https://prs.ohouse.com/apne2/any/uploads/productions/v1-373249476698112.jpg?w=640
333,LED주방등,1978826,T라인 LED 직부등 15W,24000,30000,24000,,https://image.ohou.se/image/central_crop/bucketplace-v2-development/uploads-openapi-4376444-1679884857174.jpg/640/640
333,LED주방등,1204076,큐패드 시스템 LED 주방등 60W 주방 천장 조명 등,37900,49000,37900,,https://image.ohou.se/image/central_crop/bucketplace-v2-development/uploads-productions-167348486093403808.jpg/640/640
333,LED주방등,3632044,LED 에코즈 슬림 직하 엣지 평판조명 640X320 30W 주방등 천장등 방등,19500,24400,19500,,https://image.ohou.se/image/central_crop/bucketplace-v2-development/uploads-openapi-16113136-1753170016065.jpg/640/640
333,LED주방등,2926347,국산 LED 주방등 전등 교체 60W 삼성칩 플리커프리 AS 2년 보장,24200,34900,24200,,https://prs.ohou.se/apne2/any/uploads/productions/v1-256827225550976.jpg?w=640
333,LED주방등,990869,(삼성칩/국내생산) 시스템 플러스 LED 주방등 60W 주방조명 등 (A/S 2년보장),34500,49000,34500,29325.0,https://image.ohou.se/image/central_crop/bucketplace-v2-development/uploads-productions-167348520855463835.jpg/640/640
333,LED주방등,315064,LED 데이온 슬림 직하 엣지 평판조명 50W (1285 x 320),23500,29400,23500,,https://image.ohou.se/image/central_crop/bucketplace-v2-development/uploads-productions-158993771410123458.jpg/640/640
333,LED주방등,711180,LED 주방등 주방조명 50W(직하형 평판조명 엣지 면조명),23900,35000,23900,,https://image.ohou.se/image/central_crop/bucketplace-v2-development/uploads-productions-161422784185122616.jpg/640/640
333,LED주방등,2050341,MITTLED 미틀레드 LED 주방 조리대 라인조명 밝기조절 화이트 80cm,18390,33000,18390,17471.0,https://image.ohou.se/image/central_crop/bucketplace-v2-development/uploads-openapi-4605028-1682664677382.jpg/640/640
333,LED주방등,3553108,슬로디 LED 주방등 30W / 60W,32000,52000,32000,,https://prs.ohouse.com/apne2/any/uploads/productions/v1-378565025534080.jpg?w=640
333,LED주방등,3632144,LED 에코즈 슬림 직하 엣지 평판조명 640X230 25W 주방등 천장등 방등 천장조명,18500,23200,18500,,https://image.ohou.se/image/central_crop/bucketplace-v2-development/uploads-openapi-16113136-1753171053951.jpg/640/640
333,LED주방등,616483,LED 뉴플랜 면조명 주방등 50W+25W 조명,160000,199000,160000,,https://image.ohou.se/image/central_crop/bucketplace-v2-development/uploads-productions-160817818018274634.jpg/640/640
333,LED주방등,1494507,티르 LED주방등 25W 주방 보조등 확장등,26900,30900,26900,,https://image.ohou.se/image/central_crop/bucketplace-v2-development/uploads-openapi-8958713-1659069276966.jpg/640/640
333,LED주방등,1463547,[해외] 사각 식탁등 LED 주방등 식탁조명 인테리어 펜던트,67300,81000,67300,,https://image.ohou.se/image/central_crop/bucketplace-v2-development/uploads-productions-165769038416721385.jpg/640/640
333,LED주방등,170025,LED 주방등 주방조명_8types,19900,24880,19900,,https://image.ohou.se/image/central_crop/bucketplace-v2-development/uploads-productions-168231954603975028.jpg/640/640
333,LED주방등,1485113,삼성칩/국내생산 새론 플러스 LED 주방등 60W 부엌 조명 등 (A/S 2년 보장),42900,65900,42900,,https://image.ohou.se/image/central_crop/bucketplace-v2-development/uploads-productions-167348404728452276.jpg/640/640
333,LED주방등,1978891,T라인 LED 직부등 20W,25500,31900,25500,,https://image.ohou.se/image/central_crop/bucketplace-v2-development/uploads-openapi-4376444-1679885808562.jpg/640/640
333,LED주방등,742117,삼성칩 LED일자등 30W (DY1),8900,17800,8900,,https://image.ohou.se/image/central_crop/bucketplace-v2-development/uploads-productions-161544705214618828.jpg/640/640
333,LED주방등,3832725,LED 포미르 주방 2등 60W,56000,70000,56000,50400.0,https://image.ohou.se/image/central_crop/bucketplace-v2-development/uploads-openapi-16113136-1763445924020.jpg/640/640
333,LED주방등,991457,무타공(직하) 엣지 조명 LED40W (1280X180),29900,59800,29900,,https://image.ohou.se/image/central_crop/bucketplace-v2-development/uploads-productions-163030946921220321.jpg/640/640
333,LED주방등,607244,LED 주방등 주방조명 60W 삼성칩 플리커프리,44000,66000,44000,,https://image.ohou.se/image/central_crop/bucketplace-v2-development/uploads-productions-162752242273535802.jpg/640/640
333,LED주방등,645199,울트라 LED 엣지 평판조명 주방등 40W 900X180,50600,63250,50600,,https://image.ohou.se/image/central_crop/bucketplace-v2-development/uploads-productions-161033983405422918.jpg/640/640
333,LED주방등,2133119,오스람 LED 주방등 60W (EV552)KBK,39900,79800,39900,,https://image.ohou.se/image/central_crop/bucketplace-v2-development/uploads-productions-166668548412676527.jpg/640/640
333,LED주방등,1849329,LED 레이온 직하 엣지 60W (1280x320),33700,42130,33700,,https://image.ohou.se/image/central_crop/bucketplace-v2-development/uploads-openapi-4376444-1675388352983.jpg/640/640
333,LED주방등,2171813,토스카 주방등 30w/70w 조명,140000,180000,140000,,https://image.ohou.se/image/central_crop/bucketplace-v2-development/uploads-productions-168836403026807161.jpg/640/640
333,LED주방등,2926237,국산 LED 욕실등 주방등 전등 교체 30W 삼성칩 플리커프리 AS 2년 보장,17900,21500,17900,,https://prs.ohou.se/apne2/any/uploads/productions/v1-256826970107968.jpg?w=640
333,LED주방등,1016572,LED슬림등 주방 독서실 선반조명 ICLE-UC72D,29800,34000,29800,,https://image.ohou.se/image/central_crop/bucketplace-v2-development/uploads-productions-163176894019722555.jpg/640/640
333,LED주방등,1416465,베인 LED 직하면조명 주방등 25W / 40W / 50W,30000,48000,30000,,https://prs.ohou.se/apne2/any/uploads/productions/v1-227786053648384.jpg?w=640
333,LED주방등,2141655,삼성정품칩 스퀘어 주방등 LED60W (SQ552)KBK 국산KC획득,36000,72000,36000,,https://image.ohou.se/image/central_crop/bucketplace-v2-development/uploads-productions-168722395741505458.jpg/640/640
411,스탠드행거,3033801,무볼트 드레스룸 조립식 싱글 2단 행거,28900,39900,28900,27455.0,https://prs.ohouse.com/apne2/any/uploads/productions/v1-425632419762176.jpg?w=640
411,스탠드행거,517819,[오늘의집 단독] 멀티 시스템행거 드레스룸행거 스탠드행거 이동식행거,35900,89000,35900,,https://prs.ohouse.com/apne2/any/uploads/productions/v1-523953609277440.jpg?w=640
411,스탠드행거,311514,인테리어 다용도행거 Vine 키낮은 3colors,24900,42900,24900,23500.0,https://prs.ohouse.com/apne2/any/uploads/productions/v1-500291853357120.jpg?w=640
411,스탠드행거,336645,무볼트 드레스룸 조립식 싱글행거,26900,34000,26900,25555.0,https://prs.ohouse.com/apne2/any/uploads/productions/v1-470531456704512.jpg?w=640
411,스탠드행거,301073,무볼트 드레스룸 조립식 멀티행거,44900,61900,44900,42655.0,https://prs.ohouse.com/apne2/any/uploads/productions/v1-414978523295872.png?w=640
411,스탠드행거,324597,[오늘의집 단독] 이든 철제 행거형 시스템 드레스룸 옷장 (전문시공) 4colors,59900,129000,59900,50915.0,https://prs.ohouse.com/apne2/any/uploads/productions/v1-482159322206208.jpg?w=640
411,스탠드행거,3110146,바인 가방 소품걸이 스탠드 행거 2colors,23900,38900,23900,20900.0,https://prs.ohouse.com/apne2/any/uploads/productions/v1-475504148471872.jpg?w=640
411,스탠드행거,3210228,쓰러지지않는! 라운드마감 아티후크 스탠드 옷걸이 행거 후크형,49900,65000,49900,47405.0,https://prs.ohouse.com/apne2/any/uploads/productions/v1-388224218832960.jpg?w=640
411,스탠드행거,1121295,무볼트 드레스룸 조립식 싱글 바지걸이 행거,45900,71900,45900,43605.0,https://prs.ohouse.com/apne2/any/uploads/productions/v1-509042784686144.jpg?w=640
411,스탠드행거,737934,무볼트 드레스룸 조립식 코너행거,24900,33900,24900,23655.0,https://prs.ohouse.com/apne2/any/uploads/productions/v1-408196229120000.jpg?w=640
411,스탠드행거,3210152,쓰러지지않는! 라운드마감 아티후크 스탠드 옷걸이 행거 가지형,49900,65000,49900,47405.0,https://prs.ohouse.com/apne2/any/uploads/productions/v1-387647583891584.jpg?w=640
411,스탠드행거,3011162,무베즈 올인원 수납형 이동식 멀티 행거 6size,39900,90000,39900,37905.0,https://prs.ohouse.com/apne2/any/uploads/productions/v1-371831761211392.jpg?w=640
411,스탠드행거,3128729,무볼트 드레스룸 트윈 시스템 멀티 행거,79900,129000,79900,71910.0,https://prs.ohou.se/apne2/any/uploads/productions/v1-297534791057536.jpg?w=640
411,스탠드행거,3107063,로그 1단 낮은 스탠드 이동식 옷걸이 행거 3colors,21900,48000,21900,,https://image.ohou.se/image/central_crop/bucketplace-v2-development/uploads-openapi-13187111-1728361817962.jpg/640/640
411,스탠드행거,312937,모던 스타일 수납 선반 행거 조립식행거 이동식행거 스탠드행거,32900,52900,32900,,https://image.ohou.se/image/central_crop/bucketplace-v2-development/uploads-productions-167022463214833991.jpg/640/640
411,스탠드행거,3376465,철제 스탠드옷걸이 행거 L자 T자 2종,29900,29900,29900,26910.0,https://prs.ohouse.com/apne2/any/uploads/productions/v1-433727877197952.png?w=640
411,스탠드행거,3013089,무베즈 올인원 수납 확장형 이동식 멀티행거,82900,100000,82900,78755.0,https://prs.ohouse.com/apne2/any/uploads/productions/v1-371831477309568.jpg?w=640
411,스탠드행거,3021734,E0등급 올리브 우드 스탠드 행거 600,43900,48900,43900,42583.0,https://prs.ohou.se/apne2/any/uploads/productions/v1-311303369420864.jpg?w=640
411,스탠드행거,301087,무볼트 드레스룸 조립식 트리플행거,45900,57000,45900,43605.0,https://prs.ohou.se/apne2/any/uploads/productions/v1-262746256760832.jpg?w=640
411,스탠드행거,2928108,실버볼 모던 스탠드행거 옷안늘어나는 옷걸이 행거 2colors,39900,50000,39900,37905.0,https://prs.ohou.se/apne2/any/uploads/productions/v1-257101870743616.jpg?w=640
411,스탠드행거,528372,스네일 철제 스탠드 행거 3colors,29900,50000,29900,29003.0,https://image.ohou.se/image/central_crop/bucketplace-v2-development/uploads-productions-168726011839494761.png/640/640
411,스탠드행거,3128722,무볼트 드레스룸 트윈 시스템 2단 행거,59900,99000,59900,53910.0,https://prs.ohou.se/apne2/any/uploads/productions/v1-297533593067584.jpg?w=640
411,스탠드행거,604661,무볼트 드레스룸 조립식 철제 시스템행거 2colors,28400,56520,28400,24992.0,https://prs.ohouse.com/apne2/any/uploads/productions/v1-520399182958720.jpg?w=640
411,스탠드행거,3576884,강화유리 드레스룸 행거 옷장 스탠드옷걸이 2단 선반 철제수납 행거,85000,119000,85000,76500.0,https://prs.ohouse.com/apne2/any/uploads/productions/v1-496675569135680.jpg?w=640
411,스탠드행거,153841,MULIG 옷걸이 행거 2colors,16900,24900,16900,16055.0,https://prs.ohouse.com/apne2/any/uploads/productions/v1-493136962170944.jpg?w=640
411,스탠드행거,702864,우디 선반 행거 400,55900,97900,55900,54223.0,https://prs.ohouse.com/apne2/any/uploads/productions/v1-391571718369408.jpg?w=640
411,스탠드행거,4049441,메종아르제 프리미엄 실버 스텐 스탠드 옷걸이 행거 (블랙/화이트),56900,70000,56900,54055.0,https://prs.ohouse.com/apne2/any/uploads/productions/v1-500546458525824.jpg?w=640
411,스탠드행거,3913138,드레스존만들기! 링그리드 슬림핏 틈새 스탠드 행거 옷걸이,39800,60000,39800,37810.0,https://prs.ohouse.com/apne2/any/uploads/productions/v1-519297148522496.jpg?w=640
411,스탠드행거,759545,블랙 출시!노르딕 코너 행거 드레스룸 미니 틈새 옷걸이 가방걸이 시스템 행거 3colors,14900,29900,14900,14155.0,https://prs.ohouse.com/apne2/any/uploads/productions/v1-440076965675136.jpg?w=640
411,스탠드행거,615593,[무료배송] 원목 원형 스탠드 옷걸이 5colors,26900,45900,26900,,https://prs.ohou.se/apne2/any/uploads/productions/v1-281599604625408.jpg?w=640
411,스탠드행거,305150,라운드 스탠드 옷걸이 수납 행거 선반형 2colors,63400,99900,63400,60230.0,https://prs.ohouse.com/apne2/any/uploads/productions/v1-361844412289024.jpg?w=640
411,스탠드행거,328635,윈도우 커버옷장 드레스룸 옷장 행거 2단 트리플,61900,82900,61900,58805.0,https://prs.ohouse.com/apne2/any/uploads/productions/v1-452475644190784.png?w=640
411,스탠드행거,3030728,무볼트 드레스룸 조립식 미니멀 미니행거,21900,31900,21900,19710.0,https://prs.ohouse.com/apne2/any/uploads/productions/v1-415638977007744.png?w=640
411,스탠드행거,340305,노르딕 스탠드 행거 드레스룸 거실 철제 틈새 옷걸이 행거 2colors,19900,34900,19900,18905.0,https://prs.ohouse.com/apne2/any/uploads/productions/v1-512227417456768.jpg?w=640
411,스탠드행거,3033805,무볼트 드레스룸 조립식 더블 2단 행거,35900,49900,35900,34105.0,https://prs.ohouse.com/apne2/any/uploads/productions/v1-415646921449472.png?w=640
411,스탠드행거,28453,스토르 화이트 전신거울 미니멀 행거 옷걸이,75900,129000,75900,72105.0,https://image.ohou.se/image/central_crop/bucketplace-v2-development/uploads-productions-160669955540676288.jpg/640/640
411,스탠드행거,3557440,[오늘의집 단독] Pole Stand Hanger - Chrome,129000,129000,129000,,https://prs.ohouse.com/apne2/any/uploads/productions/v1-380349597188096.jpg?w=640
411,스탠드행거,2538966,의류매장 옷가게 스테인리스 스텐 이동식 행거 인테리어 스틸 실버 진열장 진열대,107000,145000,107000,96300.0,https://prs.ohou.se/apne2/any/uploads/productions/v1-198109846548544.jpg?w=640
411,스탠드행거,3013025,튼튼한 스탠드행거 베이직 2colors,25000,25000,25000,23750.0,https://prs.ohou.se/apne2/any/uploads/productions/v1-272750536614016.jpg?w=640
411,스탠드행거,2286151,조립식 시스템행거 철제행거 스탠드 옷걸이 드레스룸 옷장 스탠드옷걸이 커튼,41600,56500,41600,37440.0,https://prs.ohouse.com/apne2/any/uploads/productions/v1-520108684238912.png?w=640
411,스탠드행거,3164487,[10% 쿠폰] 프리미엄 드레스룸 행거 2type 2단 옷걸이 행거 옷장 옷걸이,75000,109000,75000,67500.0,https://prs.ohouse.com/apne2/any/uploads/productions/v1-501997901660160.jpg?w=640
411,스탠드행거,3455814,이동식 스탠드 미드센츄리 트롤리 수납 행거 1단 400,19900,44900,19900,,https://prs.ohouse.com/apne2/any/uploads/productions/v1-485788172820544.jpg?w=640
411,스탠드행거,3693943,평생쓰는! 무베즈 올인원 서랍형 듀얼바 이동식 행거 (스탠다드/와이드),69900,100000,69900,66405.0,https://prs.ohouse.com/apne2/any/uploads/productions/v1-406522727972992.jpg?w=640
411,스탠드행거,1046589,우디 아치 400 이동식 행거 2types,53900,77900,53900,52283.0,https://prs.ohouse.com/apne2/any/uploads/productions/v1-391653746552896.jpg?w=640
411,스탠드행거,1858674,시스템행거 철제 조립식 스탠드 드레스룸 옷장 옷걸이 랙 튼튼한 선반,64400,92000,64400,60536.0,https://image.ohou.se/image/central_crop/bucketplace-v2-development/uploads-productions-167566934847983512.jpg/640/640
411,스탠드행거,126501,미드센츄리 정리선반형 스틸/옷방 드레스룸 철제 스탠드 데일리행거(폭길이 65/95cm),38900,60000,38900,36177.0,https://prs.ohouse.com/apne2/any/uploads/productions/v1-516905702424704.jpg?w=640
411,스탠드행거,2011042,철제 옷방 옷가게 행거 이동식 스탠드 매장용 무볼트 튼튼한 파이프 행거,25500,30000,25500,22950.0,https://image.ohou.se/image/central_crop/bucketplace-v2-development/uploads-productions-168119941034557189.jpg/640/640
411,스탠드행거,2801636,전용상품 올인원 스마트행거 바지걸이,4900,6000,4900,4655.0,https://prs.ohou.se/apne2/any/uploads/productions/v1-326202680733696.jpg?w=640
411,스탠드행거,1046585,우디 아치 600 이동식 행거 2types,56900,82900,56900,55193.0,https://prs.ohouse.com/apne2/any/uploads/productions/v1-391653850943488.jpg?w=640
411,스탠드행거,4097859,아르코 행거 옷걸이행거 스탠드옷걸이 미드센츄리 행거,39900,54000,39900,35910.0,https://prs.ohouse.com/apne2/any/uploads/productions/v1-521510683046016.jpg?w=640
412,이동식행거,3432011,픽스 스탠드 이동식 가방걸이 옷걸이 행거 2colors,19900,44000,19900,,https://image.ohou.se/image/central_crop/bucketplace-v2-development/uploads-openapi-13187111-1742808004096.jpg/640/640
412,이동식행거,2240001,정리끝판왕 올인원 스마트 행거 3colors,68900,113600,68900,65455.0,https://image.ohou.se/image/central_crop/bucketplace-v2-development/uploads-productions-169076380424475877.jpg/640/640
412,이동식행거,744871,카트형 이동식 바지걸이 행거 2단 30P,39900,52900,39900,37905.0,https://prs.ohouse.com/apne2/any/uploads/productions/v1-467651669270656.jpg?w=640
412,이동식행거,3052315,무볼트 아기행거 유아행거 아기옷걸이 다걸어 3단 행거,31900,49900,31900,29900.0,https://prs.ohouse.com/apne2/any/uploads/productions/v1-482944830361664.jpg?w=640
412,이동식행거,3878142,미드센츄리 행거 이동식 2단 스탠드 고정식 미니 트롤리 옷걸이 600 800 1000,58900,114000,58900,,https://prs.ohouse.com/apne2/any/uploads/productions/v1-512330950836352.png?w=640
412,이동식행거,1612618,미드센추리 트롤리 이동식 철제행거 3size,89900,159000,89900,85405.0,https://prs.ohou.se/apne2/any/uploads/productions/v1-275145116876928.jpg?w=640
412,이동식행거,313505,프라임 와이드 2단 행거,75000,120000,75000,67500.0,https://image.ohou.se/image/central_crop/bucketplace-v2-development/uploads-productions-158986827600330790.jpg/640/640
412,이동식행거,1121351,카트형 이동식 멀티 바지걸이 행거,39900,59900,39900,37905.0,https://prs.ohouse.com/apne2/any/uploads/productions/v1-467651739033664.jpg?w=640
412,이동식행거,3634459,아르제룸 듀얼라인 상하의 2단 튼튼한 철제 이동식 행거 3size,69900,80000,69900,66405.0,https://prs.ohouse.com/apne2/any/uploads/productions/v1-494248220307456.jpg?w=640
412,이동식행거,3057569,블링 미드센츄리 바구니형 수납 철제 이동식 옷걸이 행거 2colors,69000,130000,69000,65550.0,https://prs.ohou.se/apne2/any/uploads/productions/v1-282282970280000.jpg?w=640
412,이동식행거,701212,카트형 바지걸이 화이트 12P/20P,28600,46000,28600,,https://image.ohou.se/image/central_crop/bucketplace-v2-development/uploads-productions-1613710937_114321_1.jpg/640/640
412,이동식행거,313358,프라임 2단 행거,65000,100000,65000,58500.0,https://image.ohou.se/image/central_crop/bucketplace-v2-development/uploads-productions-158986690051088921.jpg/640/640
412,이동식행거,3271382,미르 수납 행거 이동식 스탠드 옷걸이 5종,28900,48000,28900,,https://prs.ohou.se/apne2/any/uploads/productions/v1-317329093816320.jpg?w=640
412,이동식행거,2436083,이동식 수납 트롤리 행거 2단 400,21900,35900,21900,20805.0,https://image.ohou.se/image/central_crop/bucketplace-v2-development/uploads-productions-169940467569092248.jpg/640/640
412,이동식행거,313425,프라임 수납 행거,85000,119000,85000,76500.0,https://image.ohou.se/image/central_crop/bucketplace-v2-development/uploads-productions-158986762719095876.jpg/640/640
412,이동식행거,153836,RIGGA 리가 옷걸이 이동식행거 2colors,28900,44700,28900,27455.0,https://prs.ohouse.com/apne2/any/uploads/productions/v1-486821991743616.jpg?w=640
412,이동식행거,2211641,이동식 수납 트롤리 행거 2단 600,29400,59900,29400,27930.0,https://image.ohou.se/image/central_crop/bucketplace-v2-development/uploads-productions-168958327630763191.jpg/640/640
412,이동식행거,309656,이동식 드레스룸 수납 행거 와이드 일반형 2colors,54400,79900,54400,51680.0,https://prs.ohouse.com/apne2/any/uploads/productions/v1-361846266499200.jpg?w=640
412,이동식행거,1102184,카트형 이동식 바지걸이 행거 3단,59900,87900,59900,56905.0,https://prs.ohouse.com/apne2/any/uploads/productions/v1-467651543609344.jpg?w=640
412,이동식행거,313591,[10% 쿠폰] 프라임 와이드 수납 행거,109000,180000,109000,99000.0,https://image.ohou.se/image/central_crop/bucketplace-v2-development/uploads-productions-158986921606595523.jpg/640/640
412,이동식행거,266832,선반형 이동식 행거,29800,29800,29800,,https://prs.ohouse.com/apne2/any/uploads/productions/v1-389183168184448.jpg?w=640
412,이동식행거,3917728,SUS 스테인레스 파이프 행거 수납 드레스룸 의류매장 이동식 행거 1000~1500사이즈,89000,189000,89000,84550.0,https://prs.ohouse.com/apne2/any/uploads/productions/v1-459849836027968.jpg?w=640
412,이동식행거,4057656,데일리 컬러플 접이식 트롤리행거 500 4colors,59900,90000,59900,56905.0,https://prs.ohouse.com/apne2/any/uploads/productions/v1-504857704951936.jpg?w=640
412,이동식행거,3102454,무볼트 아기행거 유아행거 아기옷걸이 다걸어 멀티 행거,49900,69900,49900,47405.0,https://prs.ohouse.com/apne2/any/uploads/productions/v1-482944912629888.jpg?w=640
412,이동식행거,1893489,멀티 2단 시스템행거 드레스룸행거 스탠드행거 이동식행거 2colors (단품/1+1세트),33900,89000,33900,,https://prs.ohouse.com/apne2/any/uploads/productions/v1-512219869986944.jpg?w=640
412,이동식행거,3423849,정리끝판왕 2단 확장형 올인원 스마트 이동식 행거 2colors,99800,150000,99800,94810.0,https://prs.ohouse.com/apne2/any/uploads/productions/v1-371809799553024.jpg?w=640
412,이동식행거,2436085,이동식 수납 트롤리 행거 2단 800,32400,49900,32400,30780.0,https://image.ohou.se/image/central_crop/bucketplace-v2-development/uploads-productions-169940524471313306.jpg/640/640
412,이동식행거,147508,이동식 드레스룸 수납 행거 선반형 2colors,64400,89900,64400,61180.0,https://prs.ohouse.com/apne2/any/uploads/productions/v1-371753492541568.jpg?w=640
412,이동식행거,2977183,바인 미드센츄리 키높이조절 이동식 철제 스탠드 행거 - 크롬,49900,79900,49900,45900.0,https://prs.ohouse.com/apne2/any/uploads/productions/v1-513034347188352.jpg?w=640
412,이동식행거,2050057,두껍고 튼튼한 철제 옷걸이행거 싱글바 이동식 옷가게행거 2colors,28900,55000,28900,27455.0,https://image.ohou.se/image/central_crop/bucketplace-v2-development/uploads-productions-168266186269095401.jpg/640/640
412,이동식행거,247433,이동식 원목행거 3size,17900,17900,17900,17721.0,https://image.ohou.se/image/central_crop/bucketplace-v2-development/uploads-productions-1582266040_110791_12.jpg/640/640
412,이동식행거,313566,프라임 와이드 서랍 행거,95000,150000,95000,85500.0,https://image.ohou.se/image/central_crop/bucketplace-v2-development/uploads-productions-158986899337468180.jpg/640/640
412,이동식행거,1067605,[단독][빠른배송] 이동식 2단 드레스룸 행거 1+1,89900,150000,89900,79900.0,https://image.ohou.se/image/central_crop/bucketplace-v2-development/uploads-productions-163532401357833671.jpg/640/640
412,이동식행거,744864,카트형 이동식 바지걸이 행거 트롤리 철제행거 880/1450/2020,28900,39900,28900,27455.0,https://prs.ohouse.com/apne2/any/uploads/productions/v1-493230245777536.png?w=640
412,이동식행거,4101303,플로우 드레스룸 스탠드 행거,39900,60000,39900,35910.0,https://prs.ohouse.com/apne2/any/uploads/productions/v1-507768970469504.jpg?w=640
412,이동식행거,2511044,튼튼한 드레스룸 시스템 선반 미니 행거 WES-2MR 옷장 옷걸이 스탠드 2단 행거,95600,147020,95600,90820.0,https://prs.ohou.se/apne2/any/uploads/productions/v1-322251770359936.jpg?w=640
412,이동식행거,3338374,[오늘의집 단독] 스테인레스 이동식 행거 MIG-H1,225000,225000,225000,202500.0,https://prs.ohou.se/apne2/any/uploads/productions/v1-331511718420608.jpg?w=640
412,이동식행거,3794751,아다만트 2단 컬러 믹스 파이프 행거 이동식 팝업 행사 자취,270000,298000,270000,267300.0,https://prs.ohouse.com/apne2/any/uploads/productions/v1-428725587050496.png?w=640
412,이동식행거,3510489,매장용 옷가게 이동식 행거 인테리어 철제 수납 진열대 미드센추리 이동식 헹거,99000,139000,99000,96030.0,https://prs.ohouse.com/apne2/any/uploads/productions/v1-371439301210240.jpg?w=640
412,이동식행거,3205850,미드센츄리 트롤리 수납 이동식 카트형 스텐 철제 쇠테리어 옷걸이바구니 드레스룸 행거 M/L,110000,129000,110000,102300.0,https://prs.ohouse.com/apne2/any/uploads/productions/v1-485815711903872.jpg?w=640
412,이동식행거,4003407,H자 이동식 360도 회전행거 옷장 옷걸이,62900,80000,62900,59755.0,https://image.ohou.se/image/central_crop/bucketplace-v2-development/uploads-openapi-8251659-1774234772908.jpg/640/640
412,이동식행거,2211627,이동식 수납 트롤리 행거 1단 600,24400,26800,24400,23180.0,https://image.ohou.se/image/central_crop/bucketplace-v2-development/uploads-productions-168958331031598757.jpg/640/640
412,이동식행거,4007402,HICKIES 이동식 옷걸이 2단 수납 바구니 드레스룸 밸런스핏 철제 행거,26900,38900,26900,25555.0,https://image.ohou.se/image/central_crop/bucketplace-v2-development/uploads-openapi-1333911-1774404040204.jpg/640/640
412,이동식행거,1240400,아기 행거 샘키즈 멍뭉이 옷정리 선반 행거 국내생산 키즈 반려견 다용도,25700,27700,25700,19789.0,https://prs.ohouse.com/apne2/any/uploads/productions/v1-497368693526528.jpg?w=640
412,이동식행거,1896009,트롤리행거 미드센츄리모던 빈티지 뉴트로 스테인리스 수납 이동식 바스켓 카트 옷걸이,69900,89900,69900,,https://image.ohou.se/image/central_crop/bucketplace-v2-development/uploads-productions-167700149316143682.jpg/640/640
412,이동식행거,1396590,트롤리 수납 이동 행거 (1단/2단) 2colors,36900,50000,36900,35055.0,https://image.ohou.se/image/central_crop/bucketplace-v2-development/uploads-productions-165358393799133967.jpg/640/640
412,이동식행거,126962,스틸 행거 기본형,52900,99000,52900,47610.0,https://image.ohou.se/image/central_crop/bucketplace-v2-development/uploads-productions-1558594264852_E0h.jpg/640/640
412,이동식행거,2064250,아이방 옷정리 이동식 원목 아기옷 키즈 행거 2단 우드 190cm,105000,130000,105000,,https://image.ohou.se/image/central_crop/bucketplace-v2-development/uploads-productions-168361438330901522.jpg/640/640
412,이동식행거,3008245,이동식 바지걸이 행거 2단 800,40400,69900,40400,38380.0,https://prs.ohou.se/apne2/any/uploads/productions/v1-272040536744064.jpg?w=640
412,이동식행거,126184,이동식 수납 행거 대형 2color,59900,109000,59900,50915.0,https://image.ohou.se/image/central_crop/bucketplace-v2-development/uploads-productions-1558489711440_gPXGgR4str.jpg/640/640
413,고정식행거,318814,튼튼한 무타공 2단~7단 행거 드레스룸 고정 설치 선반 옷걸이 커튼 시스템,66800,91480,66800,62124.0,https://prs.ohouse.com/apne2/any/uploads/productions/v1-503144343519360.jpg?w=640
413,고정식행거,306333,왕자 네오스페이스 (베이직2단),40900,53900,40900,,https://image.ohou.se/image/central_crop/bucketplace-v2-development/uploads-openapi-532304-1785138959285.png/640/640
413,고정식행거,301686,특허받은 고정식 튼튼한행거 3단 M 3colors,56900,65000,56900,52917.0,https://image.ohou.se/image/central_crop/bucketplace-v2-development/uploads-productions-161277665898233087.jpg/640/640
413,고정식행거,1325358,튼튼한 5단 무타공 드레스룸 커튼 시스템 행거 EF-S415,176000,220000,176000,166000.0,https://prs.ohouse.com/apne2/any/uploads/productions/v1-492119851421824.jpg?w=640
413,고정식행거,1320358,튼튼한 드레스룸 시스템 선반 행거 EF-406 6단 옷장 옷걸이 행거 2colors,109600,136970,109600,101928.0,https://image.ohou.se/image/central_crop/bucketplace-v2-development/uploads-productions-169812312821447508.jpg/640/640
413,고정식행거,2356746,아다만트 빈티지실버 2m 철제 2단 파이프 옷가게 드레스룸 옷방 튼튼한 행거,186000,550000,186000,184140.0,https://prs.ohouse.com/apne2/any/uploads/productions/v1-500606721925248.png?w=640
413,고정식행거,301627,왕자 네오스페이스(어바웃 드레스룸 2P 밀폐기본형) 플레인,89000,105900,89000,,https://image.ohou.se/image/central_crop/bucketplace-v2-development/uploads-productions-1589243284_111521_1.jpg/640/640
413,고정식행거,302091,특허받은 고정식 튼튼한행거 4단 M 3colors,61900,75000,61900,57567.0,https://image.ohou.se/image/central_crop/bucketplace-v2-development/uploads-productions-161277672580019335.jpg/640/640
413,고정식행거,306327,왕자 네오스페이스 (베이직코너4단),56500,75900,56500,,https://image.ohou.se/image/central_crop/bucketplace-v2-development/uploads-openapi-532304-1785203989469.png/640/640
413,고정식행거,347959,특허받은 고정식 튼튼한행거 2단 M 3colors,38900,45000,38900,36177.0,https://image.ohou.se/image/central_crop/bucketplace-v2-development/uploads-productions-161277679921464251.jpg/640/640
413,고정식행거,301630,왕자 네오스페이스(어바웃 드레스룸 3P 밀폐선반형) 플레인,135000,188900,135000,130950.0,https://image.ohou.se/image/central_crop/bucketplace-v2-development/uploads-openapi-532304-1679899596710.jpg/640/640
413,고정식행거,1347641,심플 베란다/다용도실 & 실내용 천장 행거 (22mm 파이프),34500,34500,34500,,https://image.ohou.se/image/central_crop/bucketplace-v2-development/uploads-productions-165243409381272790.jpg/640/640
413,고정식행거,326388,튼튼한 무타공 5단 드레스룸 커튼 코너 행거 EO-S515C,175000,250000,175000,166250.0,https://prs.ohouse.com/apne2/any/uploads/productions/v1-492127302426688.jpg?w=640
413,고정식행거,1517859,무타공 옷걸이 6구 코트랙 빈티지 벽걸이행거 벽거치대 잠옷 모자 외투 가방걸이 앞치마,27800,39800,27800,,https://image.ohou.se/image/central_crop/bucketplace-v2-development/uploads-productions-168739726667649535.png/640/640
413,고정식행거,3466425,왕자 네오스페이스 베이직 3단 행거,50900,71900,50900,,https://prs.ohouse.com/apne2/any/uploads/productions/v1-365725733281920.jpg?w=640
413,고정식행거,326483,튼튼한 3단 무타공 고정 드레스룸 커튼 행거 EO-S313,160000,200000,160000,150000.0,https://prs.ohouse.com/apne2/any/uploads/productions/v1-489660523601984.jpg?w=640
413,고정식행거,1000001,스미스 3단 행거 3colors,52400,52400,52400,49780.0,https://image.ohou.se/image/central_crop/bucketplace-v2-development/uploads-productions-168786083398278096.png/640/640
413,고정식행거,2868299,잔꽃패브릭 빈티지코트랙 유럽풍 지브리감성 벽행거 4size,32000,40000,32000,,https://prs.ohouse.com/apne2/any/uploads/productions/v1-375333039665216.jpg?w=640
413,고정식행거,301629,왕자 네오스페이스(어바웃 드레스룸 3P 밀폐기본형) 플레인,111900,126900,111900,108543.0,https://image.ohou.se/image/central_crop/bucketplace-v2-development/uploads-productions-1589243290_111517_1.jpg/640/640
413,고정식행거,305130,커튼형 4단 행거,107900,137800,107900,102505.0,https://image.ohou.se/image/central_crop/bucketplace-v2-development/uploads-productions-167988523406720974.jpg/640/640
413,고정식행거,325929,튼튼한 무타공 7단 선반 행거 EOB-407M 드레스룸 시스템 수납,185000,246730,185000,175000.0,https://image.ohou.se/image/central_crop/bucketplace-v2-development/uploads-productions-159065039516927417.jpg/640/640
413,고정식행거,302107,특허받은 고정식 튼튼한행거 5단 M 3colors,79900,85000,79900,74307.0,https://image.ohou.se/image/central_crop/bucketplace-v2-development/uploads-productions-161277674874923002.jpg/640/640
413,고정식행거,818405,튼튼한 무타공 6단 고정식 코너 행거 EO-406C 드레스룸 인테리어,132700,179140,132700,126065.0,https://image.ohou.se/image/central_crop/bucketplace-v2-development/uploads-productions-15650448019869_juo7i.jpg/640/640
413,고정식행거,513513,조절행거 3단 38mm 2colors,45900,50000,45900,42687.0,https://prs.ohou.se/apne2/any/uploads/productions/v1-318357580161152.jpg?w=640
413,고정식행거,551165,와이드 2단 행거 2colors,42800,42800,42800,,https://image.ohou.se/image/central_crop/bucketplace-v2-development/uploads-productions-168983421925807303.png/640/640
413,고정식행거,993962,스미스 4단 행거 3colors,58700,58700,58700,55765.0,https://image.ohou.se/image/central_crop/bucketplace-v2-development/uploads-productions-168786124403916034.png/640/640
413,고정식행거,306330,왕자 네오스페이스 (베이직4단),52500,71900,52500,,https://prs.ohou.se/apne2/any/uploads/productions/v1-284322999992384.jpg?w=640
413,고정식행거,2822247,고정식 철제 벽행거 베란다 천장 틈새 행거 국내제작 3color 30size,13900,34000,13900,,https://prs.ohou.se/apne2/any/uploads/productions/v1-241687209021568.webp?w=640
413,고정식행거,326393,튼튼한 무타공 2단 원룸 자취방 커튼 행거 EO-S212A,126750,195000,126750,117878.0,https://prs.ohouse.com/apne2/any/uploads/productions/v1-473371198951424.jpg?w=640
413,고정식행거,4060969,콰이어트 그레인 03. 래더 랙 사다리행거,38900,49900,38900,35010.0,https://prs.ohouse.com/apne2/any/uploads/productions/v1-496009065005184.jpg?w=640
413,고정식행거,326476,튼튼한 4단 커튼 행거 EO-S314M 드레스룸 인테리어 고정 설치 선반,179200,236820,179200,170240.0,https://prs.ohouse.com/apne2/any/uploads/productions/v1-388361744752768.jpg?w=640
413,고정식행거,988604,스미스 6단 행거 2colors,78800,88100,78800,74860.0,https://image.ohou.se/image/central_crop/bucketplace-v2-development/uploads-productions-168786089804753384.png/640/640
413,고정식행거,1232628,한샘pick 왕자 3단 드레스룸 행거 바지걸이형 옷걸이 5P,11800,16900,11800,,https://image.ohou.se/image/central_crop/bucketplace-v2-development/uploads-productions-164664615326264650.jpg/640/640
413,고정식행거,1536441,집게봉 증정! 튼튼한 드레스룸 옷걸이행거 38mm 화이트 4단 행거,64800,71000,64800,61560.0,https://image.ohou.se/image/central_crop/bucketplace-v2-development/uploads-productions-166077857315019508.jpg/640/640
413,고정식행거,302217,왕자 180벌선반행거(C형),79900,99000,79900,,https://image.ohou.se/image/central_crop/bucketplace-v2-development/uploads-openapi-532304-1727826208509.jpg/640/640
413,고정식행거,610092,왕자 뉴드레스룸 코너형 3폴(밀폐 타공선반형) 행거(시스루커튼),181000,221900,181000,,https://image.ohou.se/image/central_crop/bucketplace-v2-development/uploads-productions-1607669313_114117_1.jpg/640/640
413,고정식행거,984790,스미스 폴행거 3colors,22890,22890,22890,21746.0,https://image.ohou.se/image/central_crop/bucketplace-v2-development/uploads-productions-169663891570377495.png/640/640
413,고정식행거,1347650,"심플 베란다 빨래 건조대(천장 고정형, 25mm 고장력)",37800,37800,37800,36666.0,https://image.ohou.se/image/central_crop/bucketplace-v2-development/uploads-productions-165243728675373603.jpg/640/640
413,고정식행거,384797,왕자 네오스페이스 (점보 3단 조절행거) 2colors,109900,138900,109900,,https://image.ohou.se/image/central_crop/bucketplace-v2-development/uploads-productions-1593057485_113454_1.jpg/640/640
413,고정식행거,1746722,5단 바구니 수납 행거 3LB4502A1,52900,59240,52900,52371.0,https://image.ohou.se/image/central_crop/bucketplace-v2-development/uploads-productions-167091346961600896.jpg/640/640
413,고정식행거,298208,튼튼한 무타공 드레스룸 시스템행거 멀티 원목 선반 고정식 옷걸이행거 EO-407MG,208300,260340,208300,198300.0,https://image.ohou.se/image/central_crop/bucketplace-v2-development/uploads-productions-15650448057850_ABGZS.jpg/640/640
413,고정식행거,2681095,특허받은 고정식 튼튼한행거 2단 M 올화이트,40900,47900,40900,38037.0,https://prs.ohou.se/apne2/any/uploads/productions/v1-221771739594752.jpg?w=640
413,고정식행거,1001954,스미스 2단 행거 3colors,39790,39790,39790,37801.0,https://image.ohou.se/image/central_crop/bucketplace-v2-development/uploads-productions-169663884313386351.png/640/640
413,고정식행거,3864012,모던 감성 인테리어 웨이브 도어행거 문걸이행거 모자 거치대 5color 3size,13900,18000,13900,12510.0,https://image.ohou.se/image/central_crop/bucketplace-v2-development/uploads-openapi-4541212-1764923674170.jpg/640/640
413,고정식행거,300979,왕자 네오스페이스(어바웃 드레스룸 3P 밀폐기본형) 체크시스루,97900,123100,97900,,https://image.ohou.se/image/central_crop/bucketplace-v2-development/uploads-productions-158986362283662774.jpg/640/640
413,고정식행거,1059294,5단 바구니+트리플심플커튼 행거 3LB4502STCG,89100,106900,89100,88209.0,https://image.ohou.se/image/central_crop/bucketplace-v2-development/uploads-productions-163487122692128556.jpg/640/640
413,고정식행거,325970,튼튼한 시스템 드레스룸 행거 EO-406 옷걸이 옷장 고정식 대형 붙박이장 행거,143320,179140,143320,136154.0,https://image.ohou.se/image/central_crop/bucketplace-v2-development/uploads-productions-159065073207638810.jpg/640/640
413,고정식행거,306504,왕자 G폴행거(트윈),34900,41900,34900,,https://image.ohou.se/image/central_crop/bucketplace-v2-development/uploads-productions-1589440109_103357_1.jpg/640/640
413,고정식행거,836997,[3%쿠폰] 한샘 PICK! 왕자 2단 드레스룸 행거 화이트우드 옷장 옷걸이 시스템 행거,48900,62000,48900,45477.0,https://image.ohou.se/image/central_crop/bucketplace-v2-development/uploads-productions-164966197391928344.jpg/640/640
413,고정식행거,3267737,드레스룸 옷걸이행거 베이직 2단 3color,36600,36600,36600,,https://prs.ohou.se/apne2/any/uploads/productions/v1-316918600007744.jpg?w=640
421,벽선반,1297048,못없이 붙이는 무타공 벽선반 3size 3colors,4400,6000,4400,4180.0,https://image.ohou.se/image/central_crop/bucketplace-v2-development/uploads-productions-165059163489267959.webp/640/640
421,벽선반,1263648,티티 원목 벽선반 무타공 무지주 우드 벽걸이 꼭꼬핀 2size 3color,17500,25900,17500,15750.0,https://prs.ohou.se/apne2/any/uploads/productions/v1-223239331344384.png?w=640
421,벽선반,1781446,매직히든박스 셋탑박스숨기기 벽콘센트가리개 벽걸이 티비선정리 거치대 선반 무타공,38500,39870,38500,,https://image.ohou.se/image/central_crop/bucketplace-v2-development/uploads-productions-169347009054064237.png/640/640
421,벽선반,1865339,매직히든선반 48cm 벽걸이 티비선정리 콘센트가리개 브라켓 셋탑박스 선반 거치대 무타공,22000,22000,22000,,https://image.ohou.se/image/central_crop/bucketplace-v2-development/uploads-productions-167591866047066654.png/640/640
421,벽선반,1308776,원목 벽선반 무지주 무타공 꼭꼬핀 우드 3size 2color,17500,25000,17500,15750.0,https://image.ohou.se/image/central_crop/bucketplace-v2-development/uploads-productions-165042430368095682.JPG/640/640
421,벽선반,3563374,자체제작 삼둥이 하트 벽선반 조명 홈캠 거치대 아기방 벽꾸미기인테리어소품 (5colors),26000,36000,26000,23660.0,https://prs.ohouse.com/apne2/any/uploads/productions/v1-516625265500288.jpg?w=640
421,벽선반,1727765,무타공 선반 벽선반 벽걸이 무지주선반 3size 3colors,4200,8000,4200,,https://image.ohou.se/image/central_crop/bucketplace-v2-development/uploads-productions-167118875597027441.jpg/640/640
421,벽선반,1748771,인테리어 벽선반 원목 벽걸이 무지주선반 4size 4colors,8900,20000,8900,,https://prs.ohouse.com/apne2/any/uploads/productions/v1-447963928760384.jpg?w=640
421,벽선반,3620043,스텐 실버 프레임 벽선반 인테리어 진열대 쇠테리어,35900,40000,35900,34105.0,https://image.ohou.se/image/central_crop/bucketplace-v2-development/uploads-openapi-8251659-1752564294116.jpg/640/640
421,벽선반,1448244,밀러 벽선반 k타입 2단 나무선반,37900,47900,37900,,https://image.ohou.se/image/central_crop/bucketplace-v2-development/uploads-productions-165677316364212538.jpg/640/640
421,벽선반,1716016,무타공 미드센츄리 아크릴 벽 선반 매거진랙 인테리어 잡지 3size,19900,22900,19900,17512.0,https://image.ohou.se/image/central_crop/bucketplace-v2-development/uploads-productions-170252870295090214.png/640/640
421,벽선반,3263585,"하트 코너 벽선반, 홈캠 거치대, 자작나무 선반 벽꾸미기",24900,24900,24900,,https://prs.ohou.se/apne2/any/uploads/productions/v1-316246847103040.jpg?w=640
421,벽선반,3398953,아클리오 미드센츄리 무타공 아크릴 벽선반 매거진랙 4size 4colors,14900,20000,14900,14155.0,https://prs.ohouse.com/apne2/any/uploads/productions/v1-519431358373888.jpg?w=640
421,벽선반,2837114,무타공 아크릴 벽선반 LP꽂이 앨범 책꽂이 벽걸이 벽부착 CD장 잡지 거치대 매거진랙,9800,17900,9800,,https://prs.ohouse.com/apne2/any/uploads/productions/v1-523113609171008.png?w=640
421,벽선반,1266681,홀리 원목 벽선반 우드 무지주 무타공 꼭꼬핀 벽걸이 2colors,28800,39460,28800,25920.0,https://image.ohou.se/image/central_crop/bucketplace-v2-development/uploads-productions-165231594162258279.jpg/640/640
421,벽선반,1600365,빔프로젝터 우드 원목 벽선반 꼭꼬핀 무지주 무타공 벽걸이 선반 미니 수납 선반장,26900,32900,26900,,https://prs.ohou.se/apne2/any/uploads/productions/v1-261762083901504.jpg?w=640
421,벽선반,3718169,[오늘의집 단독] [Archive Sale] 핀 화이트 오크 벽선반 3sizes,39000,120000,39000,37050.0,https://prs.ohouse.com/apne2/any/uploads/productions/v1-434836134252672.jpg?w=640
421,벽선반,1431202,[오늘의집 단독] 시스템000 디스플레이 쉘빙 04,692700,815000,692700,658065.0,https://prs.ohouse.com/apne2/any/uploads/productions/v1-525432944099456.jpg?w=640
421,벽선반,1433626,[오늘의집 단독] 시스템000 크리에이티브 스토리지 02,1258000,1480000,1258000,1195100.0,https://prs.ohouse.com/apne2/any/uploads/productions/v1-512695758557312.jpg?w=640
421,벽선반,1428174,[오늘의집 단독] 시스템000 스탠다드 쉘빙 01,272000,320000,272000,258400.0,https://prs.ohouse.com/apne2/any/uploads/productions/v1-524350071820352.jpg?w=640
421,벽선반,3721577,매직히든선반 벽걸이 티비선정리 벽 콘센트가리개 셋탑박스 우드선반 거치대 무타공,28500,33980,28500,,https://prs.ohouse.com/apne2/any/uploads/productions/v1-412826600337536.jpg?w=640
421,벽선반,2251675,매직히든박스 30cm 벽걸이티비 선정리 가리개 셋탑박스 멀티탭 콘센트 덮개 거치대,28900,30000,28900,,https://image.ohou.se/image/central_crop/bucketplace-v2-development/uploads-productions-169112870592117661.jpg/640/640
421,벽선반,1429839,[오늘의집 단독] 시스템000 스탠다드 쉘빙 02,488700,575000,488700,464265.0,https://prs.ohouse.com/apne2/any/uploads/productions/v1-521850410438784.jpg?w=640
421,벽선반,4062221,창틀선반 무타공 창문 베란다 다용도 세탁실 싱크대 화분걸이 브라켓,12500,20900,12500,11250.0,https://prs.ohouse.com/apne2/any/uploads/productions/v1-492261177618560.jpg?w=640
421,벽선반,1431301,[오늘의집 단독] 시스템000 디스플레이 쉘빙 10,1109200,1305000,1109200,1053740.0,https://prs.ohouse.com/apne2/any/uploads/productions/v1-525432330633216.jpg?w=640
421,벽선반,2693931,고리 벽선반 원목 무타공 무지주 우드 벽걸이 후크선반 2size 3color,16800,29800,16800,,https://prs.ohou.se/apne2/any/uploads/productions/v1-226084162170880.png?w=640
421,벽선반,1433604,[오늘의집 단독] 시스템000 컴팩트 데스크 04,1428000,1680000,1428000,1356600.0,https://prs.ohouse.com/apne2/any/uploads/productions/v1-521849936863360.jpg?w=640
421,벽선반,3759400,무타공 설치 심플 스텐 벽선반 다용도 벽걸이 선반,25900,30000,25900,25641.0,https://image.ohou.se/image/central_crop/bucketplace-v2-development/uploads-openapi-8251659-1758521513497.jpg/640/640
421,벽선반,2360252,매직히든박스48cm 셋탑숨기기 벽콘센트가리개 벽걸이티비 선정리 거치대 선반 무타공 정리함,38500,39870,38500,,https://image.ohou.se/image/central_crop/bucketplace-v2-development/uploads-productions-169579765188999066.jpg/640/640
421,벽선반,3581601,빈티지 엔틱 감성 헤르만 원목 우드 코너 벽선반 무타공 무지주 벽걸이 꼭꼬핀,38800,64000,38800,36800.0,https://prs.ohouse.com/apne2/any/uploads/productions/v1-443215058808832.jpg?w=640
421,벽선반,3980037,"하트 코너 벽선반 (Spring Edition), 홈캠 거치대, 자작나무 선반 벽꾸미기",30900,30900,30900,,https://prs.ohouse.com/apne2/any/uploads/productions/v1-474914367586304.jpg?w=640
421,벽선반,1433596,[오늘의집 단독] 시스템000 컴팩트 데스크 01,697000,820000,697000,662150.0,https://prs.ohouse.com/apne2/any/uploads/productions/v1-521849850925120.jpg?w=640
421,벽선반,1843855,세느 라운드 벽걸이 소품 미니 선반,26000,39000,26000,,https://image.ohou.se/image/central_crop/bucketplace-v2-development/uploads-productions-167520916141934789.jpg/640/640
421,벽선반,1865466,매직히든사각선반 48cm 셋탑박스숨기기 티비선정리 벽콘센트가리개 무타공,24000,24000,24000,,https://image.ohou.se/image/central_crop/bucketplace-v2-development/uploads-productions-167591975819834683.png/640/640
421,벽선반,1760129,땡처리! 철제선반 4단 무볼트 간단조립 메탈랙 앵글 베란다 창고 세탁실 수납 (바퀴포함),26900,129000,26900,,https://prs.ohouse.com/apne2/any/uploads/productions/v1-445793256951872.jpg?w=640
421,벽선반,2229418,무타공 인테리어 아크릴 벽선반 못없이 벽걸이선반 4size 3colors,9900,26000,9900,9405.0,https://image.ohou.se/image/central_crop/bucketplace-v2-development/uploads-productions-169027027306513216.jpg/640/640
421,벽선반,1431227,[오늘의집 단독] 시스템000 디스플레이 쉘빙 06,1105000,1300000,1105000,1049750.0,https://prs.ohouse.com/apne2/any/uploads/productions/v1-520200925003904.jpg?w=640
421,벽선반,4045163,사이드 스토리지 - 침대 철제 선반 협탁 수납 테이블 안방 침실 보조 수납,20000,20000,20000,19800.0,https://prs.ohouse.com/apne2/any/uploads/productions/v1-491697512734848.png?w=640
421,벽선반,3277306,MUTA 무타공 스위치/콘센트 커버 선반 X,65000,65000,65000,48750.0,https://prs.ohou.se/apne2/any/uploads/productions/v1-318785890951296.jpg?w=640
421,벽선반,1430112,[오늘의집 단독] 시스템000 스탠다드 쉘빙 04,361200,425000,361200,343140.0,https://prs.ohouse.com/apne2/any/uploads/productions/v1-521850294755328.jpg?w=640
421,벽선반,1334934,무타공 벽걸이 양념통 주방 수납 선반 벽선반2colors 5size,12900,24000,12900,12255.0,https://image.ohou.se/image/central_crop/bucketplace-v2-development/uploads-productions-165173628936725825.jpg/640/640
421,벽선반,3369501,MFW 003 (12 colors),580000,580000,580000,493000.0,https://prs.ohou.se/apne2/any/uploads/productions/v1-339278080159744.jpg?w=640
421,벽선반,2176617,무타공 인테리어 원목 벽선반 못없이 접착제포함 3size,10900,28000,10900,10355.0,https://image.ohou.se/image/central_crop/bucketplace-v2-development/uploads-productions-168853379265897117.jpg/640/640
421,벽선반,1433617,[오늘의집 단독] 시스템000 베이직 스토리지 04,2341700,2755000,2341700,2224615.0,https://prs.ohouse.com/apne2/any/uploads/productions/v1-525432655564800.jpg?w=640
421,벽선반,1430128,[오늘의집 단독] 시스템000 스탠다드 쉘빙 05,688500,810000,688500,654075.0,https://prs.ohouse.com/apne2/any/uploads/productions/v1-521850021814272.jpg?w=640
421,벽선반,3421929,무타공 코너 모서리 홈캠 거치대 벽선반 아기방 벽 꾸미기,24700,31000,24700,,https://prs.ohou.se/apne2/any/uploads/productions/v1-351944676896832.jpg?w=640
421,벽선반,4139376,무타공 라탄 우드 벽선반 미니수납장 못없이 붙이는 벽걸이 선반,17800,25500,17800,16910.0,https://prs.ohouse.com/apne2/any/uploads/productions/v1-517613650948096.jpg?w=640
421,벽선반,1428388,DIY 브라우니 타원형 캡슐형 원목 벽선반,35000,70000,35000,,https://prs.ohouse.com/apne2/any/uploads/productions/v1-494257198338048.jpg?w=640
421,벽선반,3617197,매직히든선반 60cm 벽걸이 티비선정리 콘센트가리개 브라켓 셋탑박스 선반 거치대 무타공,26000,26000,26000,,https://prs.ohouse.com/apne2/any/uploads/productions/v1-392680972603520.jpg?w=640
421,벽선반,597750,국산 우드 웨이브 인테리어 벽걸이선반 500,34900,34900,34900,,https://image.ohou.se/image/central_crop/bucketplace-v2-development/uploads-productions-1607042256_101237_1.jpg/640/640
422,스탠드선반,2829190,알렉사 레귤러 디스플레이 철제 선반 진열장 3단/4단/5단,69900,109900,69900,67803.0,https://prs.ohou.se/apne2/any/uploads/productions/v1-251423267340416.jpg?w=640
422,스탠드선반,3897464,[오늘의집 단독] 피노 스테인리스 스틸 철제 수납 주방 다용도 선반 3단/4단/5단,35700,69900,35700,33915.0,https://prs.ohouse.com/apne2/any/uploads/productions/v1-452132207132736.jpg?w=640
422,스탠드선반,2048530,[오늘의집 단독] 발트 라운드 수납 선반 다용도 주방 거실장 800/1000 2-4단,39900,79900,39900,35112.0,https://prs.ohouse.com/apne2/any/uploads/productions/v1-429880842772608.jpg?w=640
422,스탠드선반,937494,베스토 조립식 선반 렌지대 주방 수납 다용도 거실 수납장 600/800 2단 3단 4단,18900,31900,18900,,https://image.ohou.se/image/central_crop/bucketplace-v2-development/uploads-productions-162699887765279169.jpg/640/640
422,스탠드선반,3299514,[오늘의집 단독] 플러쉬 모듈 코너 원목 선반 2~6단 코너장,55900,120000,55900,53105.0,https://prs.ohou.se/apne2/any/uploads/productions/v1-335783069474944.jpg?w=640
422,스탠드선반,408422,[브랜드위크10%] 감성 우드 틈새 수납장 홈카페장 틈새 선반 책장 식물 선반,20900,29900,20900,,https://prs.ohou.se/apne2/any/uploads/productions/v1-291040694075392.jpg?w=640
422,스탠드선반,2331178,고트 미드센츄리 모던 수납 3단 라운드 선반 사이드테이블 협탁 (화이트),47800,71900,47800,43020.0,https://image.ohou.se/image/central_crop/bucketplace-v2-development/uploads-productions-169476380178653631.jpg/640/640
422,스탠드선반,3301033,"이지 케어 엣지 플루라 선반 진열장 3단 800/1000/1200, 2단 600",34900,50000,34900,31410.0,https://prs.ohouse.com/apne2/any/uploads/productions/v1-418807095824448.png?w=640
422,스탠드선반,3504497,[오늘의집 단독] 발트 사각 수납 선반 다용도 주방 거실 수납장 800/1000 4컬러,39900,79900,39900,35112.0,https://prs.ohouse.com/apne2/any/uploads/productions/v1-440076608167936.jpg?w=640
422,스탠드선반,1731722,KINSLEY 페그보드 트롤리 웨건 4colors,56500,65000,56500,53675.0,https://prs.ohouse.com/apne2/any/uploads/productions/v1-502457889820672.jpg?w=640
422,스탠드선반,2448196,E0자재 홈오피스 작은방꾸미기 팬트리선반 수납선반장 서재 책장 책꽂이 장식장 8size,45000,73000,45000,42750.0,https://prs.ohou.se/apne2/any/uploads/productions/v1-202675342643200.jpg?w=640
422,스탠드선반,2660175,[오늘의집 단독] DIY 304 스텐 아크릴 반달 사이드 선반(국내생산),127600,156000,127600,121220.0,https://prs.ohouse.com/apne2/any/uploads/productions/v1-515236960702592.jpg?w=640
422,스탠드선반,3392746,오프 3단 라운드 사이드 선반 수납 협탁 테이블 2colors,44900,89000,44900,42655.0,https://prs.ohou.se/apne2/any/uploads/productions/v1-344169410920512.jpg?w=640
422,스탠드선반,2148141,모듈선반 모듈협탁 수납장 미드센츄리 선반 투명 유리 3단 책장 진열장,67800,150000,67800,63054.0,https://prs.ohouse.com/apne2/any/uploads/productions/v1-434853736488960.jpg?w=640
422,스탠드선반,4054684,스테인리스 선반 전자레인지 선반장 주방 거실 다용도실 스텐 600 3단 4단 5단,34900,49000,34900,,https://prs.ohouse.com/apne2/any/uploads/productions/v1-509039976996928.png?w=640
422,스탠드선반,159083,3단 라운드 코너 모서리 책장 현관 수납장 틈새 선반 수납장,29900,34000,29900,,https://image.ohou.se/image/central_crop/bucketplace-v2-development/uploads-productions-169819851136749506.jpg/640/640
422,스탠드선반,3606735,[오늘의집 단독] 발트 크롬 수납장 선반 책장 LP장 미드센츄리 협탁 정리함 3컬러,79000,129000,79000,67150.0,https://prs.ohouse.com/apne2/any/uploads/productions/v1-454989198475328.jpg?w=640
422,스탠드선반,2331186,고트 미드센츄리 모던 수납 2단 라운드 선반 사이드테이블 협탁 (화이트),31800,51900,31800,28620.0,https://image.ohou.se/image/central_crop/bucketplace-v2-development/uploads-productions-169476326883647065.jpg/640/640
422,스탠드선반,1593506,304 스테인리스 모던 키친렉 S +와인렉 세트,131000,209000,131000,124450.0,https://prs.ohou.se/apne2/any/uploads/productions/v1-279842419163136.jpg?w=640
422,스탠드선반,3929212,모듈 미드센츄리 선반 수납장 협탁 강화유리 가구,34900,77900,34900,,https://prs.ohouse.com/apne2/any/uploads/productions/v1-514912809984128.png?w=640
422,스탠드선반,2829164,[오늘의집 단독] 알렉사 레귤러 디스플레이 철제 선반 진열장 3단,69900,109900,69900,67803.0,https://prs.ohou.se/apne2/any/uploads/productions/v1-251421504082048.jpg?w=640
422,스탠드선반,2109505,[오늘의집 단독] 클라 미드센추리모던 디스플레이 스틸 선반장 3단,99900,139000,99900,94900.0,https://prs.ohouse.com/apne2/any/uploads/productions/v1-401211984003072.jpg?w=640
422,스탠드선반,1784609,무볼트 진열장 철제 수납선반 4단 렌지대 다용도수납장,29900,49900,29900,28405.0,https://prs.ohouse.com/apne2/any/uploads/productions/v1-488243412893696.jpg?w=640
422,스탠드선반,2516204,비비드커브 자작나무 2단선반 (3colors),174000,200000,174000,165300.0,https://prs.ohouse.com/apne2/any/uploads/productions/v1-511961580220480.jpg?w=640
422,스탠드선반,3335450,보프 선반 포인트 인테리어 디자인 3단 라운드 사이드테이블 메탈 소품 협탁 2colors,43000,80000,43000,40420.0,https://prs.ohouse.com/apne2/any/uploads/productions/v1-462324434419776.jpg?w=640
422,스탠드선반,1784451,무볼트 진열장 철제 수납선반 3단 렌지대 다용도수납장,21900,39900,21900,20805.0,https://prs.ohouse.com/apne2/any/uploads/productions/v1-488236222906432.png?w=640
422,스탠드선반,4000605,3단 선반 진열장 철제 책장 미드센츄리 모듈선반 와이드 책장,45800,100000,45800,,https://prs.ohouse.com/apne2/any/uploads/productions/v1-480484837969920.jpg?w=640
422,스탠드선반,3826994,[오늘의집 단독] 이지 사각 수납 선반 공간 분리 모던 인테리어 주방 튼튼한 거실장 4종,42900,65000,42900,40755.0,https://prs.ohouse.com/apne2/any/uploads/productions/v1-470543984721920.jpg?w=640
422,스탠드선반,2829207,[오늘의집 단독] 알렉사 레귤러 디스플레이 철제 선반 진열장 4단,89900,125900,89900,87203.0,https://prs.ohou.se/apne2/any/uploads/productions/v1-251422579175552.jpg?w=640
422,스탠드선반,1603570,[브랜드위크5%] SUS 유닛 선반 세트 (6 sizes / 3 colors),249000,249000,249000,236550.0,https://prs.ohouse.com/apne2/any/uploads/productions/v1-408571651649536.jpg?w=640
422,스탠드선반,3629739,어반크롬 3단 선반 미드센추리 거실장 진열장 낮은 거실선반 콘솔 화분 1200 2400,59900,110000,59900,49717.0,https://prs.ohouse.com/apne2/any/uploads/productions/v1-406405581205504.jpg?w=640
422,스탠드선반,3787772,어반크롬 양면 반달선반 3단 협탁 사이드테이블 콘솔테이블 다용도선반 800 화이트 월넛,43900,78000,43900,36437.0,https://image.ohou.se/image/central_crop/bucketplace-v2-development/uploads-openapi-597731-1760941200619.jpg/640/640
422,스탠드선반,3787482,어반크롬 양면 선반 5종 거실선반 코너선반 현관콘솔 콘솔테이블 협탁 2단 3단 화이트 월넛,31900,58000,31900,26477.0,https://prs.ohouse.com/apne2/any/uploads/productions/v1-437614700097600.jpg?w=640
422,스탠드선반,545843,도노 2단 라운드 주방 선반,19800,69900,19800,18810.0,https://image.ohou.se/image/central_crop/bucketplace-v2-development/uploads-productions-166442206474699267.jpg/640/640
422,스탠드선반,1784632,무볼트 진열장 철제 수납선반 5단 렌지대 다용도수납장,37900,59900,37900,36005.0,https://prs.ohouse.com/apne2/any/uploads/productions/v1-488240063512640.jpg?w=640
422,스탠드선반,617722,매거진랙 3단 라운드 북선반 2colors,39800,129000,39800,37810.0,https://image.ohou.se/image/central_crop/bucketplace-v2-development/uploads-productions-166130751035149979.jpg/640/640
422,스탠드선반,2331176,고트 미드센츄리 모던 수납 라운드 2단 3단 선반 사이드테이블 협탁 (블랙),31800,59000,31800,28620.0,https://prs.ohouse.com/apne2/any/uploads/productions/v1-385190984896640.jpg?w=640
422,스탠드선반,3976402,3단 선반 진열장 미드센츄리 모듈선반 철제 스테인리스 전자레인지대 책장,28900,59800,28900,,https://prs.ohouse.com/apne2/any/uploads/productions/v1-502792850837568.jpg?w=640
422,스탠드선반,3009415,KINSLEY 오버사이즈 페그보드 트롤리 대형타입 3단카트,77900,89000,77900,74005.0,https://prs.ohouse.com/apne2/any/uploads/productions/v1-513062774935680.jpg?w=640
422,스탠드선반,3787781,어반크롬 양면 코너선반 3단 코너장 협탁 모서리선반 사이드테이블 350 화이트 월넛,35900,62000,35900,29797.0,https://image.ohou.se/image/central_crop/bucketplace-v2-development/uploads-openapi-597731-1760941213353.jpg/640/640
422,스탠드선반,3058062,NEW 컬러! 블링 미드센츄리 미니 2단 수납 선반 2types,35000,60000,35000,33250.0,https://prs.ohouse.com/apne2/any/uploads/productions/v1-463443806466176.jpg?w=640
422,스탠드선반,1420045,국내유일 304스텐 철제 슬림 미드센츄리 모던 트롤리 선반(3/4단),34900,40900,34900,33155.0,https://image.ohou.se/image/central_crop/bucketplace-v2-development/uploads-productions-169285415427570295.png/640/640
422,스탠드선반,3075795,바우하우스 디스플레이 진열장 600/800/1200 3단/4단 선반장,99000,158000,99000,96030.0,https://prs.ohouse.com/apne2/any/uploads/productions/v1-445356082511936.jpg?w=640
422,스탠드선반,4111830,루프 3단 슬림 선반 사이드테이블 E0등급 협탁 콘솔 블랙,49900,90000,49900,48902.0,https://prs.ohouse.com/apne2/any/uploads/productions/v1-510229665124480.jpg?w=640
422,스탠드선반,3581303,고트 블랙 미드센츄리 모던 수납 라운드 사각 선반 사이드 테이블 협탁 2단 3단 2type,31800,54900,31800,28620.0,https://prs.ohouse.com/apne2/any/uploads/productions/v1-385603839725632.jpg?w=640
422,스탠드선반,2331185,고트 미드센츄리 모던 수납 3단 사각 선반 사이드 테이블 협탁 (블랙) 800 1200,48800,78900,48800,43920.0,https://prs.ohouse.com/apne2/any/uploads/productions/v1-385193951383552.jpg?w=640
422,스탠드선반,885655,아르테 3단 대형 수납 모듈 선반 80cm,139800,195900,139800,132810.0,https://prs.ohou.se/apne2/any/uploads/productions/v1-280197674135552.jpg?w=640
422,스탠드선반,4106203,스테인리스 선반 주방 팬트리 베란다 욕실 수납 벽 철제 선반 렌지대,35900,64000,35900,32310.0,https://prs.ohouse.com/apne2/any/uploads/productions/v1-511524455350400.jpg?w=640
422,스탠드선반,3793827,쉘즈 미드센츄리 모듈 협탁 철제 선반 진열 거실장 키높은형 400/600/800/1200,45900,90000,45900,43605.0,https://prs.ohouse.com/apne2/any/uploads/productions/v1-445764646612992.jpg?w=640
422,스탠드선반,3426662,[오늘의집 단독] 발트 스텐 미드센츄리 디자인 선반 수납장 800/1000 2colors,58900,99000,58900,53010.0,https://prs.ohouse.com/apne2/any/uploads/productions/v1-440076365586560.jpg?w=640
423,세탁기선반,78902,몬스터랙 사이즈 맞춤제작 철제선반 조립식 앵글선반 수납선반 베란다 팬트리,18500,60000,18500,15355.0,https://prs.ohouse.com/apne2/any/uploads/productions/v1-480030166249472.jpg?w=640
423,세탁기선반,1352934,몬스터랙플러스 사이즈 맞춤제작 철제선반 조립식 앵글선반 수납선반 팬트리,22700,68000,22700,18841.0,https://prs.ohouse.com/apne2/any/uploads/productions/v1-495307490476032.jpg?w=640
423,세탁기선반,395416,철제 선반 경량랙 펜트리 베란다 선반장 무볼트 조립식 앵글 본사직영,18400,22080,18400,16192.0,https://prs.ohouse.com/apne2/any/uploads/productions/v1-519063700951168.jpg?w=640
423,세탁기선반,2757516,그로잉 팬트리 선반 2colors 펜트리 수납선반 거실선반 다용도실 코너선반 코너장,38000,38000,38000,31540.0,https://prs.ohouse.com/apne2/any/uploads/productions/v1-504868562006144.jpg?w=640
423,세탁기선반,519975,홈던트하우스 철제 선반 조립식 팬트리 앵글,22300,26760,22300,19624.0,https://prs.ohouse.com/apne2/any/uploads/productions/v1-519063924351104.jpg?w=640
423,세탁기선반,3068052,무볼트 철제 조립식 팬트리 선반 이동식 수납장 앵글 시스템랙 화이트그레이 전사이즈,29900,49900,29900,28405.0,https://prs.ohouse.com/apne2/any/uploads/productions/v1-489602080854080.jpg?w=640
423,세탁기선반,452626,앵글 세탁기 수납선반 3단,76800,92160,76800,67584.0,https://prs.ohouse.com/apne2/any/uploads/productions/v1-519414660550784.jpg?w=640
423,세탁기선반,452635,틈새선반 앵글 팬트리 수납 철제선반,19400,23280,19400,17072.0,https://prs.ohouse.com/apne2/any/uploads/productions/v1-520029707243648.jpg?w=640
423,세탁기선반,450619,몬스터랙플러스 5단 W400~W1200 무볼트 캠핑용품수납 철제선반 창고선반 베란다선반,95300,148000,95300,79099.0,https://prs.ohouse.com/apne2/any/uploads/productions/v1-505599317454848.jpg?w=640
423,세탁기선반,2840239,철제선반 무볼트 조립식 베란다 창고 펜트리 다용도실 수납 경량랙 다용도 수납장,26100,37300,26100,,https://prs.ohou.se/apne2/any/uploads/productions/v1-256778880614400.jpg?w=640
423,세탁기선반,3280588,누들랙 실버 경량랙 팝업스토어 철제선반 조립식앵글 (연결/추가 가능),58100,58100,58100,,https://prs.ohouse.com/apne2/any/uploads/productions/v1-522552730013696.jpg?w=640
423,세탁기선반,3152510,세탁기선반 건조기 김치냉장고 다용도실 앵글 수납장,34900,49900,34900,,https://prs.ohou.se/apne2/any/uploads/productions/v1-301754895413248.jpg?w=640
423,세탁기선반,981370,몬스터랙 몬스터랙플러스 추가구매용 1단 선반,11000,17000,11000,10450.0,https://image.ohou.se/image/central_crop/bucketplace-v2-development/uploads-productions-162976791045993217.jpg/640/640
423,세탁기선반,2067560,수납선반 다용도 모듈 팬트리 랙 시스템 조립 선반 진열대 세탁실 철제선반,38900,48630,38900,36955.0,https://prs.ohouse.com/apne2/any/uploads/productions/v1-505592258834432.png?w=640
423,세탁기선반,3388033,철제 수납 선반 경량랙 펜트리 베란다 선반장 무볼트 조립식 앵글 전사이즈 모음,38700,75000,38700,34830.0,https://prs.ohouse.com/apne2/any/uploads/productions/v1-479350049767488.png?w=640
423,세탁기선반,1275884,철제 조립식 수납 앵글선반 5단+조립망치 증정,49900,59800,49900,,https://prs.ohouse.com/apne2/any/uploads/productions/v1-480418120339584.jpg?w=640
423,세탁기선반,452623,앵글 세탁기 수납선반 2단,59400,71280,59400,52272.0,https://prs.ohouse.com/apne2/any/uploads/productions/v1-519409403351040.jpg?w=640
423,세탁기선반,3961540,철제 수납 선반 경량랙 펜트리 베란다 선반장 무볼트 조립식 앵글 2단 (1칸),38700,75000,38700,34830.0,https://prs.ohouse.com/apne2/any/uploads/productions/v1-527105689137152.jpg?w=640
423,세탁기선반,3456206,튼튼 간단 조립식 앵글 철제선반 창고 베란다 선반렉 경량 랙,35900,45900,35900,,https://prs.ohouse.com/apne2/any/uploads/productions/v1-358018800472192.jpg?w=640
423,세탁기선반,2498801,철제선반 조립식앵글 펜트리 베란다 다용도 수납 선반,13900,99000,13900,13205.0,https://prs.ohou.se/apne2/any/uploads/productions/v1-232023665639424.jpg?w=640
423,세탁기선반,3757234,경량랙 철제선반 듀라랙 선반 시스템선반 고릴라랙 앵글 베란다선반 책장 중량랙 수납 팬트리,49900,69900,49900,44910.0,https://prs.ohouse.com/apne2/any/uploads/productions/v1-449710346723392.png?w=640
423,세탁기선반,2906456,철제선반 무타공 조립식 앵글 베란다 다용도실 창고 선반 수납장 2color,28800,41800,28800,,https://prs.ohou.se/apne2/any/uploads/productions/v1-253986399961088.jpg?w=640
423,세탁기선반,3807804,[오늘의집 단독] 모듈형 알루미늄 선반 MIG-U,134000,134000,134000,120600.0,https://prs.ohouse.com/apne2/any/uploads/productions/v1-432421766955072.jpg?w=640
423,세탁기선반,1917931,산업용 메탈선반 철제 진열대 조립식 앵글 고릴라랙 수납 선반,15500,21000,15500,,https://image.ohou.se/image/central_crop/bucketplace-v2-development/uploads-productions-167780821864768648.jpg/640/640
423,세탁기선반,2701698,미니 선반 수납 다용도실 무타공 앵글 철제 조립식 수납장 렉 가로 200mm~700mm,17940,27940,17940,17761.0,https://prs.ohou.se/apne2/any/uploads/productions/v1-225633858039872.jpg?w=640
423,세탁기선반,1987038,하단 오픈형 무볼트 조립식 앵글 철제 선반 2.5단,43200,51840,43200,38016.0,https://prs.ohouse.com/apne2/any/uploads/productions/v1-520396411666560.jpg?w=640
423,세탁기선반,3967299,철제 수납 선반 경량랙 펜트리 베란다 선반장 무볼트 조립식 앵글 3단 (2칸),48300,48300,48300,43470.0,https://prs.ohouse.com/apne2/any/uploads/productions/v1-527109960593536.jpg?w=640
423,세탁기선반,727185,펜트리 다용도실 조립식 수납 선반,46200,60060,46200,,https://prs.ohouse.com/apne2/any/uploads/productions/v1-506229190766592.jpg?w=640
423,세탁기선반,1990715,몬스터랙 / 모던하임 / 플랫홈 전용 커튼봉세트 행거가리개 행거커버 행거가림막,23500,28000,23500,22325.0,https://image.ohou.se/image/central_crop/bucketplace-v2-development/uploads-openapi-597731-1680249099486.jpg/640/640
423,세탁기선반,101303,메탈랙 선반장 900 5단 (2colors),52900,69000,52900,,https://image.ohou.se/image/central_crop/bucketplace-v2-development/uploads-productions-168966763528980360.jpg/640/640
423,세탁기선반,1926280,주방 베란다 펜트리 수납정리 앵글 조립식 메탈 철제선반,26290,26290,26290,,https://image.ohou.se/image/central_crop/bucketplace-v2-development/uploads-productions-167816655562058758.jpg/640/640
423,세탁기선반,2286062,무볼트 경량랙 철제선반 틈새 앵글 다용도실 베란다 펜트리 창고 사무실,32000,45800,32000,28800.0,https://prs.ohouse.com/apne2/any/uploads/productions/v1-520462049071104.jpg?w=640
423,세탁기선반,4109248,SUS 스테인리스 모듈 선반 멀티싱글 3단 4단 5단 인테리어선반,39800,70000,39800,35820.0,https://prs.ohouse.com/apne2/any/uploads/productions/v1-509759073124416.jpg?w=640
423,세탁기선반,1284375,철제 조립식 수납 앵글선반 4단+조립망치 증정,40900,49080,40900,,https://image.ohou.se/image/central_crop/bucketplace-v2-development/uploads-productions-164921728555347943.jpg/640/640
423,세탁기선반,3566919,[오늘의집 단독] ACRYL LINE (400/800),49000,59000,49000,,https://prs.ohouse.com/apne2/any/uploads/productions/v1-382465054941312.jpg?w=640
423,세탁기선반,1806816,레어로우랙 플랜트 랙,290700,342000,290700,276165.0,https://image.ohou.se/image/central_crop/bucketplace-v2-development/uploads-productions-167344192724791746.jpg/640/640
423,세탁기선반,1233415,조립식 세탁기 선반 건조기 김치냉장고 위 앵글선반,45000,56300,45000,,https://image.ohou.se/image/central_crop/bucketplace-v2-development/uploads-productions-164670725698321546.jpg/640/640
423,세탁기선반,2003177,세네카 시스템 선반 디자인 책장 벽선반,299000,599000,299000,,https://image.ohou.se/image/central_crop/bucketplace-v2-development/uploads-productions-168083079172470249.jpg/640/640
423,세탁기선반,3025499,홈던트하우스 미니 건조기 선반 다용도 세탁 조립식 수납장,90300,108360,90300,79464.0,https://prs.ohouse.com/apne2/any/uploads/productions/v1-520398069567552.jpg?w=640
423,세탁기선반,962300,폭조절 세탁실 베란다선반 3단,56800,66800,56800,,https://prs.ohou.se/apne2/any/uploads/productions/v1-276596466491392.jpg?w=640
423,세탁기선반,306324,왕자 네오스페이스 (포바작),90900,116900,90900,,https://image.ohou.se/image/central_crop/bucketplace-v2-development/uploads-openapi-532304-1706502672195.jpg/640/640
423,세탁기선반,3585514,[오늘의집 단독] 와유메 레일선반 테이블 800,130000,150000,130000,,https://prs.ohouse.com/apne2/any/uploads/productions/v1-385626079400064.jpg?w=640
423,세탁기선반,567390,조립식 앵글 베란다 정리 수납선반,39800,51700,39800,,https://image.ohou.se/image/central_crop/bucketplace-v2-development/uploads-productions-167590881041168393.jpg/640/640
423,세탁기선반,491623,조립식 철제 앵글 5단 수납 베란다선반,61040,79400,61040,60430.0,https://prs.ohouse.com/apne2/any/uploads/productions/v1-506582363779072.jpg?w=640
423,세탁기선반,3847304,304 헤어라인 스테인레스 DIY 쇠테리어 선반 2단테이블,165000,165000,165000,140250.0,https://prs.ohouse.com/apne2/any/uploads/productions/v1-440831601725440.jpg?w=640
423,세탁기선반,2845250,4단 철제선반 조립식 앵글 베란다 창고 펜트리 다용도실 수납 선반장,46100,65900,46100,,https://prs.ohou.se/apne2/any/uploads/productions/v1-245085313675392.jpg?w=640
423,세탁기선반,1806805,[오늘의집 단독] 레어로우랙 신발장,238000,280000,238000,226100.0,https://image.ohou.se/image/central_crop/bucketplace-v2-development/uploads-productions-167343967294177442.jpg/640/640
423,세탁기선반,4144390,[오늘의집 단독] 레어로우랙 커스터마이즈,33100,39000,33100,31445.0,https://prs.ohouse.com/apne2/any/uploads/productions/v1-519710481678336.jpg?w=640
423,세탁기선반,1918320,네모시스템 팬트리 선반 시스템 수납장(친환경 맞춤 제작) 선반 6종/프레임 3종,12500,20000,12500,,https://prs.ohou.se/apne2/any/uploads/productions/v1-195565416669248.jpg?w=640
423,세탁기선반,628237,몬스터랙 드럼 세탁기선반 H1200 1단 세탁기랙 건조기선반 철제선반 앵글 베란다선반,62500,120000,62500,59375.0,https://image.ohou.se/image/central_crop/bucketplace-v2-development/uploads-productions-1609144921_110020_12.jpg/640/640
431,신발장·정리대,3610236,투명 슬림 신발장 5단 틈새 아파트 현관 신발장 미니 수납장 신발정리대,39900,49000,39900,37107.0,https://prs.ohouse.com/apne2/any/uploads/productions/v1-390932009885824.jpg?w=640
431,신발장·정리대,2601222,길이조절 틈새 현관 신발정리대 신발장 걸이형 선반 슈즈렉 폭조절 아기신발정리대 거치대,18900,24900,18900,17010.0,https://prs.ohouse.com/apne2/any/uploads/productions/v1-392379701166144.jpg?w=640
431,신발장·정리대,1470732,하이델 문있는 인테리어 좁은 현관 슬림 신발장 600 800 도어형 아파트 3colors,114000,171000,114000,109000.0,https://image.ohou.se/image/central_crop/bucketplace-v2-development/uploads-productions-165812226681785277.jpg/640/640
431,신발장·정리대,4036943,[오늘의집 단독] 세트 구매시 후크 증정! 블랑 철제 슬림 틈새 신발장 수납장,99000,149000,99000,94050.0,https://prs.ohouse.com/apne2/any/uploads/productions/v1-512600382930944.jpg?w=640
431,신발장·정리대,2505353,조립없는! 1초설치! 견고한 접이식 현관 신발정리대 6단,49900,60000,49900,47405.0,https://image.ohou.se/image/central_crop/bucketplace-v2-development/uploads-productions-170286283049754934.jpg/640/640
431,신발장·정리대,3168043,이동식 미니멀 슬림 신발장 2단 3단 바퀴달린 기숙사 실내 신발장,12900,22000,12900,11997.0,https://prs.ohouse.com/apne2/any/uploads/productions/v1-376412391124992.jpg?w=640
431,신발장·정리대,1812849,간편설치 좁은 현관신발장 신발정리대 5단,14900,22000,14900,14155.0,https://image.ohou.se/image/central_crop/bucketplace-v2-development/uploads-productions-167359524101364079.jpg/640/640
431,신발장·정리대,446330,신발 정리 거치대,26900,34900,26900,24748.0,https://image.ohou.se/image/central_crop/bucketplace-v2-development/uploads-productions-1597188323_103144_1.jpg/640/640
431,신발장·정리대,309555,원목 화분 선반 받침대 신발정리대 2단,9900,25000,9900,,https://prs.ohou.se/apne2/any/uploads/productions/v1-202997437403264.jpg?w=640
431,신발장·정리대,3255375,키다리9단 현관 신발 수납 선반 신발장 정리함 정리대,19900,20900,19900,19701.0,https://image.ohou.se/image/central_crop/bucketplace-v2-development/uploads-openapi-5502242-1733618194934.jpg/640/640
431,신발장·정리대,1185509,4단 확장형 메탈 현관 슬리퍼 신발장 신발정리대 거치대,36900,46500,36900,35055.0,https://image.ohou.se/image/central_crop/bucketplace-v2-development/uploads-productions-164309787979362927.jpg/640/640
431,신발장·정리대,2651675,5단 스틸 신발정리대,24900,36800,24900,22410.0,https://prs.ohouse.com/apne2/any/uploads/productions/v1-375439147147264.jpg?w=640
431,신발장·정리대,2833014,현관 철제 방수 신발 슬리퍼 정리대 10단,19600,29250,19600,,https://image.ohou.se/image/central_crop/bucketplace-v2-development/uploads-openapi-18473594-1782864410995.jpg/640/640
431,신발장·정리대,1185516,3단 확장형 메탈 현관 슬리퍼 신발장 신발정리대 거치대,26900,34500,26900,25555.0,https://image.ohou.se/image/central_crop/bucketplace-v2-development/uploads-productions-164326258428837621.jpg/640/640
431,신발장·정리대,1419942,모던 신발장 현관 원룸 회사 신발장,38800,40000,38800,,https://prs.ohouse.com/apne2/any/uploads/productions/v1-454951312232448.jpg?w=640
431,신발장·정리대,309353,아파트 좁은현관 신발장 신발정리대 5단,12900,25000,12900,10320.0,https://image.ohou.se/image/central_crop/bucketplace-v2-development/uploads-productions-163593084418120146.jpg/640/640
431,신발장·정리대,3729445,현관 신발정리대 신발 정리 수납장,41900,46700,41900,33520.0,https://prs.ohouse.com/apne2/any/uploads/productions/v1-411606165495808.jpg?w=640
431,신발장·정리대,811085,현관 오픈형 조립식 신발장 신발정리대 실내화 정리대 프리미엄 고급형 10단,18900,21900,18900,18711.0,https://image.ohou.se/image/central_crop/bucketplace-v2-development/uploads-productions-161967785539377472.jpg/640/640
431,신발장·정리대,309546,원목 화분 선반 받침대 신발정리대 3단,18900,35000,18900,,https://prs.ohou.se/apne2/any/uploads/productions/v1-202998095859840.jpg?w=640
431,신발장·정리대,3355115,미드센츄리 스텐 원목 3단 신발정리대 현관 틈새 신발장 (폭20cm),49900,65000,49900,,https://prs.ohouse.com/apne2/any/uploads/productions/v1-519301574844480.jpg?w=640
431,신발장·정리대,3514557,스텐 길이조절 신발 정리 선반 신발장 정리대 슈즈렉 정리함,13100,15000,13100,12445.0,https://image.ohou.se/image/central_crop/bucketplace-v2-development/uploads-openapi-3169251-1747122245243.jpg/640/640
431,신발장·정리대,2210078,슬림 신발장 3단 일반형 슬림 아파트 현관 신발장 미니 틈새 철제 수납장 신발정리대,93800,119000,93800,91800.0,https://image.ohou.se/image/central_crop/bucketplace-v2-development/uploads-productions-168955816234601634.jpg/640/640
431,신발장·정리대,2298086,아파트 현관 오픈 신발장 틈새 소형 대형 36size/6color,39000,48000,39000,,https://prs.ohou.se/apne2/any/uploads/productions/v1-328962225750016.jpg?w=640
431,신발장·정리대,2260482,TLB 슈즈렉 신발수납장 정리대 다용도 선반 보관함 4단,15900,16000,15900,,https://image.ohou.se/image/central_crop/bucketplace-v2-development/uploads-productions-169162579719728293.jpg/640/640
431,신발장·정리대,3627817,[해외] 감성 모던 원형 신발정리대 현관 실내화 거치대 신발장 신발 거치대 3단,29000,49500,29000,,https://prs.ohouse.com/apne2/any/uploads/productions/v1-394852552290304.jpg?w=640
431,신발장·정리대,3430005,이동식5단 현관 수납 신발 정리함 선반 신발장 정리대,19900,20900,19900,19701.0,https://image.ohou.se/image/central_crop/bucketplace-v2-development/uploads-openapi-5502242-1742699489288.jpg/640/640
431,신발장·정리대,2748539,슈즈렉 현관 수납 신발장 선반 신발 정리대 정리함,9700,10900,9700,,https://image.ohou.se/image/central_crop/bucketplace-v2-development/uploads-openapi-5502242-1713096781419.jpg/640/640
431,신발장·정리대,3550139,아르보 3단계 각도조절 폴딩 슬림 수납장 신발장 900 3단,127700,190000,127700,,https://image.ohou.se/image/central_crop/bucketplace-v2-development/uploads-openapi-4609639-1748843992670.jpg/640/640
431,신발장·정리대,3638232,현관 신발장 슬림 틈새 신발 정리대 원룸 원목 슈즈렉 선반 수납장 간이 신발 정리함,75800,106800,75800,,https://prs.ohouse.com/apne2/any/uploads/productions/v1-529304520589376.jpg?w=640
431,신발장·정리대,173063,TRONES 신발장 (1개입),33400,37400,33400,,https://prs.ohou.se/apne2/any/uploads/productions/v1-242381589090432.jpg?w=640
431,신발장·정리대,1033319,브르노 오픈 신발장 좁은 아파트 현관 신발장 학원 유치원 문없는 신발정리대 600 800,79000,118500,79000,,https://image.ohou.se/image/central_crop/bucketplace-v2-development/uploads-productions-163306396040795243.jpg/640/640
431,신발장·정리대,147137,PIGO 선반 900 2단,25300,29900,25300,22770.0,https://prs.ohou.se/apne2/any/uploads/productions/v1-231577101643840.jpg?w=640
431,신발장·정리대,3937657,심플 실내화 거치대 거실 현관 욕실 사무실 슬리퍼 걸이 꽂이 정리대,27800,27800,27800,,https://image.ohou.se/image/central_crop/bucketplace-v2-development/uploads-openapi-19586323-1769657254476.jpg/640/640
431,신발장·정리대,636021,아파트 좁은현관 신발장 신발정리대 10단,22900,32900,22900,18320.0,https://image.ohou.se/image/central_crop/bucketplace-v2-development/uploads-productions-163593092051086011.jpg/640/640
431,신발장·정리대,3471498,공간활용 틈새 현관 신발 정리대 9단,29800,39800,29800,29502.0,https://prs.ohouse.com/apne2/any/uploads/productions/v1-432429087703040.png?w=640
431,신발장·정리대,3716140,유아 아기신발장 신발정리대 신발정리함 보관함 실내화 거치대 틈새 케이스 화장실 플라스틱,15800,25000,15800,,https://prs.ohouse.com/apne2/any/uploads/productions/v1-410118835605632.png?w=640
431,신발장·정리대,2826300,체커보드 폴딩 신발장 접이식으로 편리한 신발정리대 체커보드 디자인은 못참지,15900,21900,15900,14787.0,https://prs.ohou.se/apne2/any/uploads/productions/v1-241970742780032.jpg?w=640
431,신발장·정리대,601448,스마트 폴딩 500 3단 신발장 3colors,109900,112900,109900,98910.0,https://image.ohou.se/image/central_crop/bucketplace-v2-development/uploads-productions-160732663818258208.jpg/640/640
431,신발장·정리대,3471192,아파트 좁은현관 철제 모듈 신발정리대 신발장 5단,16900,16900,16900,15210.0,https://prs.ohouse.com/apne2/any/uploads/productions/v1-427733829500928.png?w=640
431,신발장·정리대,500393,카라 벤치형 신발장 원목 다용도 수납장 600 800 1000 2colors,37900,62900,37900,,https://image.ohou.se/image/central_crop/bucketplace-v2-development/uploads-productions-160186544172104271.jpg/640/640
431,신발장·정리대,2804670,미아 아파트 현관 신발장 슬림 틈새 오픈 신발 정리대 원룸 높은 철제 슈즈렉 선반 수납장,20800,35800,20800,,https://prs.ohouse.com/apne2/any/uploads/productions/v1-430558814031936.jpg?w=640
431,신발장·정리대,1292148,루바 템바보드 폴딩 신발장 2size (500/800),124900,160000,124900,118655.0,https://image.ohou.se/image/central_crop/bucketplace-v2-development/uploads-productions-165164245326206049.jpg/640/640
431,신발장·정리대,2305690,룩스 아파트 키큰 현관 수납장 신발장 선반 800,143550,210000,143550,133502.0,https://image.ohou.se/image/central_crop/bucketplace-v2-development/uploads-openapi-6308452-1693879595794.jpg/640/640
431,신발장·정리대,3825441,아기 신발정리대 어린이 키즈 신발장 4단 400,38900,38900,38900,,https://prs.ohouse.com/apne2/any/uploads/productions/v1-437202252238912.jpg?w=640
431,신발장·정리대,3343409,[해외] 미드센츄리 모던 철제 인테리어 신발정리대 3단 현관 신발장 수납장 3colors,60200,115000,60200,,https://prs.ohou.se/apne2/any/uploads/productions/v1-332493882961920.jpg?w=640
431,신발장·정리대,1419906,800 모던 신발장 원룸 현관 신발장,38800,40000,38800,,https://prs.ohouse.com/apne2/any/uploads/productions/v1-454952031670272.jpg?w=640
431,신발장·정리대,2514079,현관 신발정리대 실내화 거치대 간이 좁은 미니 신발정리대,7300,9900,7300,,https://prs.ohou.se/apne2/commerce/shop-images/21887371/v1-190917791363200.png?w=640
431,신발장·정리대,3672968,공간활용 신발장 선반 신발정리대 2size,4900,7900,4900,,https://prs.ohouse.com/apne2/any/uploads/productions/v1-402974979014656.jpg?w=640
431,신발장·정리대,1463471,트로네스 신발장 정리함 수납함 현관 벽 슬림 틈새,37300,41000,37300,,https://image.ohou.se/image/central_crop/bucketplace-v2-development/uploads-productions-166416688465068374.jpg/640/640
431,신발장·정리대,1721870,아파트 현관신발장 틈새 슬림 거울 신발장 수납장 신발정리대,51000,59900,51000,48450.0,https://image.ohou.se/image/central_crop/bucketplace-v2-development/uploads-productions-166985818553536602.jpg/640/640
432,우산꽂이,955374,스마트 자석 우산꽂이 8칸 거치대 홀더,21900,32000,21900,,https://prs.ohouse.com/apne2/any/uploads/productions/v1-500657909510144.jpg?w=640
432,우산꽂이,2501718,모던인테리어 방수마감 메탈 우산꽂이 장우산 단우산 모두호환,24900,30000,24900,23655.0,https://image.ohou.se/image/central_crop/bucketplace-v2-development/uploads-productions-170252101082394611.jpg/640/640
432,우산꽂이,2958145,카페 헤어샵 피부과 장마대비 메탈 우산꽂이 모피어스,28900,45700,28900,27455.0,https://image.ohou.se/image/central_crop/bucketplace-v2-development/uploads-openapi-1333911-1720658513059.jpg/640/640
432,우산꽂이,359203,현관 장우산/단우산 우산꽂이 자석형 3colors,7900,15900,7900,,https://image.ohou.se/image/central_crop/bucketplace-v2-development/uploads-productions-159290148340317612.jpg/640/640
432,우산꽂이,97960,모던 인테리어 우산꽂이,12900,15900,12900,12771.0,https://image.ohou.se/image/central_crop/bucketplace-v2-development/uploads-productions-1550811867768_6.jpg/640/640
432,우산꽂이,1407397,마그넷 현관문 우산 꽂이 정리 홀더,12900,15000,12900,12255.0,https://image.ohou.se/image/central_crop/bucketplace-v2-development/uploads-productions-165435428931898508.jpg/640/640
432,우산꽂이,3603235,현관 철제 자석 접이식 듀얼 선반 우산꽂이 정리대 전용홀더 포함 마그넷,11900,24000,11900,10710.0,https://image.ohou.se/image/central_crop/bucketplace-v2-development/uploads-openapi-5379261-1751593834964.jpg/640/640
432,우산꽂이,66259,오피스 홈 인테리어 장마철 필수품 자석형 우산꽂이,8000,13600,8000,7600.0,https://image.ohou.se/image/central_crop/bucketplace-v2-development/uploads-productions-1538380743_102673_1.jpg/640/640
432,우산꽂이,1025686,마이 우산 꽂이 정리 거치대 보관함 우산통 (장우산/단우산 가능),10000,15000,10000,,https://image.ohou.se/image/central_crop/bucketplace-v2-development/uploads-productions-163272144232292538.jpg/640/640
432,우산꽂이,1341191,심플 철제 사각 인테리어 우산꽂이_지그재그 디자인,23900,39000,23900,23661.0,https://image.ohou.se/image/central_crop/bucketplace-v2-development/uploads-productions-165223646236061849.jpg/640/640
432,우산꽂이,3881447,LG정품 원료 인증! 우산꽂이 다용도 수납 스탠드 인테리어 오브제 2colors,59900,139000,59900,56306.0,https://prs.ohouse.com/apne2/any/uploads/productions/v1-447529849200768.jpg?w=640
432,우산꽂이,359204,우산꽂이 스탠드형 3colors,18900,25000,18900,,https://image.ohou.se/image/central_crop/bucketplace-v2-development/uploads-productions-1591682025_100051_1.jpg/640/640
432,우산꽂이,3603237,현관 철제 자석 우산꽂이 2단 정리대 전용홀더 포함 마그넷 길이조절,12900,28000,12900,11610.0,https://image.ohou.se/image/central_crop/bucketplace-v2-development/uploads-openapi-5379261-1751593845882.jpg/640/640
432,우산꽂이,2553354,가든 빈티지 철제 원형 우산 꽂이 통 북유럽 인테리어 카페 예쁜 현관,29900,29900,29900,,https://prs.ohou.se/apne2/any/uploads/productions/v1-200566987087872.jpg?w=640
432,우산꽂이,310110,철제 사각 규조토 우산꽂이 사각 *2 size*,33000,37900,33000,29700.0,https://prs.ohouse.com/apne2/any/uploads/productions/v1-400121905168384.jpg?w=640
432,우산꽂이,1390099,국내생산 초강력 자석 접이식 우산꽂이 공간활용 현관 8개 수납 가능,9900,15900,9900,,https://prs.ohou.se/apne2/any/uploads/productions/v1-298927081492608.jpg?w=640
432,우산꽂이,3449910,[오늘의집 단독] Grazia 우산꽂이,210000,210000,210000,,https://prs.ohouse.com/apne2/any/uploads/productions/v1-378975013191808.png?w=640
432,우산꽂이,357374,이지스탠드 우산꽂이 2colors,12900,19900,12900,12255.0,https://prs.ohou.se/apne2/any/uploads/productions/v1-289726282362880.jpg?w=640
432,우산꽂이,1518618,우산꽂이 자석형,7130,9500,7130,6417.0,https://image.ohou.se/image/central_crop/bucketplace-v2-development/uploads-productions-166010619827237981.jpg/640/640
432,우산꽂이,1833921,우산꽃이 정리함 보관함 우산통 정리 메쉬 모던우산꽂이,5940,5940,5940,,https://image.ohou.se/image/central_crop/bucketplace-v2-development/uploads-productions-167471088251615647.jpg/640/640
432,우산꽂이,4138009,현관 슬림 스탠드 철제 인테리어 우산꽂이 물받침 (장/단호환),28900,40000,28900,,https://prs.ohouse.com/apne2/any/uploads/productions/v1-517271713394752.jpg?w=640
432,우산꽂이,1180926,미니 모던 빈티지 철제 접이식 카페 인테리어 우산꽂이 3컬러,36000,36000,36000,,https://prs.ohou.se/apne2/any/uploads/productions/v1-301413177933952.jpg?w=640
432,우산꽂이,1282059,우산꽂이 우산통 집안정리정돈,15990,15990,15990,15191.0,https://prs.ohouse.com/apne2/any/uploads/productions/v1-415736983035968.jpg?w=640
432,우산꽂이,1836643,업소용 대용량 인테리어 우산 정리 보관함 철제 사각 우산꽂이,25900,25900,25900,23310.0,https://image.ohou.se/image/central_crop/bucketplace-v2-development/uploads-productions-167479789161466811.jpg/640/640
432,우산꽂이,1342047,개업선물 대용량 심플 철제 사각 우산꽂이_특대 엄블렐라 디자인,37900,45000,37900,37521.0,https://image.ohou.se/image/central_crop/bucketplace-v2-development/uploads-productions-165225101093327947.jpg/640/640
432,우산꽂이,4056488,티엘로 미니멀 물받침 인테리어 스탠드 우산꽂이,29900,40000,29900,,https://prs.ohouse.com/apne2/any/uploads/productions/v1-494640429408384.jpg?w=640
432,우산꽂이,2927648,호텔 카페 인테리어 홈 장마대비 사각 우드 우산꽂이,28800,41100,28800,27360.0,https://image.ohou.se/image/central_crop/bucketplace-v2-development/uploads-openapi-1333911-1719366708038.jpg/640/640
432,우산꽂이,502959,디몬 철제 인테리어 원형 우산꽂이 4colors,45800,78000,45800,,https://image.ohou.se/image/central_crop/bucketplace-v2-development/uploads-productions-160164283752526993.jpg/640/640
432,우산꽂이,3081751,스텐 사각 우산꽂이 물받이 분리형 녹방지 현관 우산통 고리 포함,20800,40000,20800,19552.0,https://image.ohou.se/image/central_crop/bucketplace-v2-development/uploads-openapi-23707574-1774940771849.jpg/640/640
432,우산꽂이,3185392,공간활용 현관문 도어 마그네틱 철제 장우산 접이식 우산 꽂이 홀더 자석 우산거치대,18900,28900,18900,,https://prs.ohou.se/apne2/any/uploads/productions/v1-307413419446400.jpg?w=640
432,우산꽂이,3558811,다모아 우산꽂이 15구 NA 업소용 카페 우산통 보관함 정리함,24000,24000,24000,23760.0,https://prs.ohouse.com/apne2/any/uploads/productions/v1-380671930494976.jpg?w=640
432,우산꽂이,2647009,사각 우산꽂이 우산 보관 정리함,16900,21900,16900,16731.0,https://image.ohou.se/image/central_crop/bucketplace-v2-development/uploads-openapi-2343721-1709528547627.jpg/640/640
432,우산꽂이,3333458,철제 우산 꽂이 보관함 정리함 현관 고양이 인테리어 대용량 신발장 사무실 업소용 가정용,25000,45000,25000,23750.0,https://prs.ohouse.com/apne2/any/uploads/productions/v1-522347664056320.jpg?w=640
432,우산꽂이,2182337,벨크로 현관 신발장 사무실 우산 걸이 꽂이 정리 보관함 통 거치대,7900,12000,7900,,https://image.ohou.se/image/central_crop/bucketplace-v2-development/uploads-openapi-20217533-1688714588265.jpg/640/640
432,우산꽂이,3615758,[해외] 자석 우산꽂이 트레이 홀더,27200,39100,27200,,https://prs.ohouse.com/apne2/any/uploads/productions/v1-392344253546624.jpg?w=640
432,우산꽂이,3351234,올인원 분리수납 우산꽂이 (장우산/단우산 겸용),31500,39800,31500,31185.0,https://prs.ohou.se/apne2/any/uploads/productions/v1-336108827861056.jpg?w=640
432,우산꽂이,4131838,대용량 철제 우산꽂이 업소용 카페 현관 호텔 매장 장우산 우산통,29860,37800,29860,26874.0,https://prs.ohouse.com/apne2/any/uploads/productions/v1-515467638452288.png?w=640
432,우산꽂이,3892128,대용량 우산꽂이 장우산 단우산 보관함 병원 카페 학원 현관 우산 정리대 걸이,28900,30900,28900,,https://prs.ohouse.com/apne2/any/uploads/productions/v1-450043372281856.jpg?w=640
432,우산꽂이,3128614,선물용 우산꽂이 커스텀 로고 주문제작 우산꽃이 4color 대형 개업선물,93800,100000,93800,,https://image.ohou.se/image/central_crop/bucketplace-v2-development/uploads-openapi-17812849-1729239510050.jpg/640/640
432,우산꽂이,2962653,심플스퀘어 메쉬 우산꽂이 M/L 2종,11900,19900,11900,10710.0,https://prs.ohou.se/apne2/any/uploads/productions/v1-262811104981056.jpg?w=640
432,우산꽂이,1781033,철제 모던 디자인 인테리어 우산꽂이 컴팩트타입,39900,45000,39900,36309.0,https://prs.ohouse.com/apne2/any/uploads/productions/v1-505566313889856.png?w=640
432,우산꽂이,4146727,대용량 철재 장우산 단우산 꽂이 업소용 카페 현관 매장 우산통,29900,37800,29900,29003.0,https://prs.ohouse.com/apne2/any/uploads/productions/v1-520066348535936.png?w=640
432,우산꽂이,2644668,개업선물 인테리어 우산꽂이 화환세트 빗방울 화이트,31200,55000,31200,,https://image.ohou.se/image/central_crop/bucketplace-v2-development/uploads-openapi-17812849-1709192200572.jpg/640/640
432,우산꽂이,2756160,도트 우산꽂이 12구 모듈형 수납 미니우산 가능,16900,25900,16900,,https://prs.ohouse.com/apne2/any/uploads/productions/v1-400803217207424.jpg?w=640
432,우산꽂이,290019,엠보 우산 빗물 제거기 제수기 물기 털이개,319000,319000,319000,296670.0,https://image.ohou.se/image/central_crop/bucketplace-v2-development/uploads-openapi-2643905-1689642651157.jpg/640/640
432,우산꽂이,2644678,개업선물 인테리어 우산꽂이 화환세트 특대 엄블렐라 화이트,42900,70000,42900,,https://image.ohou.se/image/central_crop/bucketplace-v2-development/uploads-openapi-17812849-1709192224270.jpg/640/640
432,우산꽂이,38348,다용도 자석 수납함 우산꽂이 3colors,9900,12900,9900,,https://image.ohou.se/image/central_crop/bucketplace-v2-development/uploads-productions-169743094853280229.jpg/640/640
432,우산꽂이,4101587,무타공 접착식 간편설치 물받침 우산꽂이 (장/단 우산 호환),8900,12000,8900,8455.0,https://prs.ohouse.com/apne2/any/uploads/productions/v1-507992218116096.jpg?w=640
432,우산꽂이,313215,베이직 인테리어 우산꽂이,9900,15000,9900,8910.0,https://image.ohou.se/image/central_crop/bucketplace-v2-development/uploads-productions-160265714505429897.jpg/640/640
432,우산꽂이,1304689,모던 철제 원형 우산꽂이 현관문 카페 업소용 인테리어,22900,40000,22900,,https://prs.ohou.se/apne2/any/uploads/productions/v1-218229587640320.jpg?w=640
433,실내화거치대,1926259,스티커로 붙이는 슬리퍼거치대 실내화 거치대 욕실화 걸이,4900,8000,4900,4655.0,https://prs.ohouse.com/apne2/any/uploads/productions/v1-381403248558144.jpg?w=640
433,실내화거치대,1866510,실내화 거치대 슬리퍼 욕실화 거실화 걸이 욕실 화장실 정리대,2900,4300,2900,,https://prs.ohouse.com/apne2/any/uploads/productions/v1-484732587839552.jpg?w=640
433,실내화거치대,1270464,6구 실내화 거치대 현관 욕실 슬리퍼 정리대 걸이 꽂이,22800,29900,22800,,https://image.ohou.se/image/central_crop/bucketplace-v2-development/uploads-productions-164853107186489897.jpg/640/640
433,실내화거치대,1962654,접이식 스틸 실내화 걸이 4단 2colors,9900,19900,9900,,https://prs.ohou.se/apne2/any/uploads/productions/v1-348115561725952.jpg?w=640
433,실내화거치대,2804108,원목 실내화거치대 슬리퍼거치대 거실 실내화 걸이 꽂이,21900,38000,21900,,https://prs.ohou.se/apne2/any/uploads/productions/v1-237794767945792.jpg?w=640
433,실내화거치대,42537,내츄럴 슬리퍼거치대 신발꽂이 다용도 책꽂이 보관,15900,17900,15900,,https://prs.ohou.se/apne2/any/uploads/productions/v1-290100793139264.jpg?w=640
433,실내화거치대,4040016,유니크한 형상의! 철제 실내화 슬리퍼 거치대 (2colors),14900,22900,14900,14155.0,https://prs.ohouse.com/apne2/any/uploads/productions/v1-489944762568832.jpg?w=640
433,실내화거치대,3143863,초강력 자석 현관문 실내화 걸이 신발 정리대 2size,9900,14000,9900,,https://prs.ohou.se/apne2/any/uploads/productions/v1-299964146003968.jpg?w=640
433,실내화거치대,312929,스틸 접이식 실내화걸이 3단/4단,7900,13000,7900,7110.0,https://prs.ohouse.com/apne2/any/uploads/productions/v1-500551990296704.jpg?w=640
433,실내화거치대,2675278,원목 슬리퍼거치대 빈티지 고급 라왕원목 실내화거치대 2단/3단 3size,32500,50000,32500,,https://prs.ohouse.com/apne2/any/uploads/productions/v1-388026222235776.jpg?w=640
433,실내화거치대,2898489,무타공 모던 슬리퍼 거치대 실내화 욕실화 걸이,6500,7500,6500,5720.0,https://image.ohou.se/image/central_crop/bucketplace-v2-development/uploads-openapi-10894808-1718184982486.jpg/640/640
433,실내화거치대,2568353,올모 원목 넓은 슬리퍼거치대/슬리퍼꽂이/실내화걸이/실내화정리대 2단 2color,18900,21900,18900,,https://prs.ohou.se/apne2/any/uploads/productions/v1-202683509055552.jpg?w=640
433,실내화거치대,3175915,1+1 실내화 욕실화거치대 욕실 슬리퍼 걸이 거치대 정리대 슈즈랙 24.5cm,3600,4100,3600,,https://prs.ohou.se/apne2/any/uploads/productions/v1-305968503353472.jpg?w=640
433,실내화거치대,1410828,실내화거치대 슬리퍼거치대 실내화 걸이 원목 꽂이,19000,19000,19000,,https://image.ohou.se/image/central_crop/bucketplace-v2-development/uploads-productions-165466930107101078.jpg/640/640
433,실내화거치대,2659714,철제 실내화거치대 무타공 슬리퍼 걸이 스탠드 2types 2colors,29000,50000,29000,,https://prs.ohou.se/apne2/any/uploads/productions/v1-218608623058944.png?w=640
433,실내화거치대,3882482,[28%쿠폰] E0등급 자작나무 원목 철제 실내화 슬리퍼 거치대 걸이 2단/3단,49900,80000,49900,47405.0,https://prs.ohouse.com/apne2/any/uploads/productions/v1-515500051562497.jpg?w=640
433,실내화거치대,3319732,자작나무 실내화 거치대 현관 슬리퍼 거실화 거치대 걸이 꽂이 정리대,43500,43500,43500,41325.0,https://prs.ohou.se/apne2/any/uploads/productions/v1-328344928956480.jpg?w=640
433,실내화거치대,95852,무타공 엔틱 슬리퍼거치대,4500,5900,4500,4455.0,https://image.ohou.se/image/central_crop/bucketplace-v2-development/uploads-productions-1550107371676_7noqL8Es.jpg/640/640
433,실내화거치대,3084553,무타공 슬리퍼 거치대 욕실 신발 슬리퍼 걸이 실내화 정리대,6500,12000,6500,6175.0,https://image.ohou.se/image/central_crop/bucketplace-v2-development/uploads-openapi-3169251-1727164985747.jpg/640/640
433,실내화거치대,1973048,원목 실내화거치대 선반형,45800,47800,45800,,https://image.ohou.se/image/central_crop/bucketplace-v2-development/uploads-productions-167965015781116651.jpg/640/640
433,실내화거치대,3427943,물결 거실 실내화 거치대 무타공 접착식 욕실 슬리퍼 거치대 욕실화 걸이 정리대 신발,9980,18800,9980,,https://prs.ohouse.com/apne2/any/uploads/productions/v1-493189442699328.jpg?w=640
433,실내화거치대,844741,접착식 삼각 슬리퍼 거치대,3500,4300,3500,,https://image.ohou.se/image/central_crop/bucketplace-v2-development/uploads-productions-158985559044593785.jpg/640/640
433,실내화거치대,469417,디몬 철제 선반 실내화 슬리퍼 거치대 (4color 4켤레 수납),55800,82000,55800,,https://image.ohou.se/image/central_crop/bucketplace-v2-development/uploads-productions-159903561978181871.jpg/640/640
433,실내화거치대,3078130,원목 슬리퍼걸이 슬리퍼거치대,19900,22900,19900,,https://prs.ohouse.com/apne2/any/uploads/productions/v1-446497344209024.jpg?w=640
433,실내화거치대,844750,무타공 화이트 슬리퍼 걸이,6500,7500,6500,,https://image.ohou.se/image/central_crop/bucketplace-v2-development/uploads-productions-161225219686668256.jpg/640/640
433,실내화거치대,183365,렛이지 2단 슬리퍼 정리 홀더 걸이 LS2,5900,8900,5900,,https://image.ohou.se/image/central_crop/bucketplace-v2-development/uploads-productions-156984195604194960.jpg/640/640
433,실내화거치대,314733,디몬 철제 실내화 슬리퍼 거치대 4colors,39800,78000,39800,,https://image.ohou.se/image/central_crop/bucketplace-v2-development/uploads-productions-158988521502652115.png/640/640
433,실내화거치대,2568342,올모 원목 넓은 슬리퍼거치대/슬리퍼꽂이/실내화걸이/실내화정리대 1단 2color,13900,15900,13900,,https://prs.ohou.se/apne2/any/uploads/productions/v1-202682214223872.jpg?w=640
433,실내화거치대,3982726,걸이형+접착식! 무타공 공간활용 걸어 쓰는 실내화 거치대 걸이 현관 신발정리대,19800,30000,19800,,https://prs.ohouse.com/apne2/any/uploads/productions/v1-494249158627328.png?w=640
433,실내화거치대,443126,디몬 2단 와이드 철제 실내화 슬리퍼 거치대 (4color 8켤레 수납),47800,78000,47800,,https://image.ohou.se/image/central_crop/bucketplace-v2-development/uploads-productions-159697272808807831.jpg/640/640
433,실내화거치대,438711,디몬 자석 마그네틱 실내화 슬리퍼 거치대 (5color),23800,35000,23800,,https://image.ohou.se/image/central_crop/bucketplace-v2-development/uploads-productions-159654034262362073.jpg/640/640
433,실내화거치대,2585061,"탈부착, 모던 디자인! 무타공 304 올스텐 슬리퍼 걸이 3size",9180,13700,9180,,https://image.ohou.se/image/central_crop/bucketplace-v2-development/uploads-openapi-18473594-1784012397311.jpg/640/640
433,실내화거치대,31148,도요스 2단 거실화홀더,8900,16900,8900,,https://image.ohou.se/image/central_crop/bucketplace-v2-development/uploads-productions-1499225738388_7JJgZVJu.jpg/640/640
433,실내화거치대,131442,원목 실내화걸이 거치대 신발정리대,25900,50000,25900,,https://image.ohou.se/image/central_crop/bucketplace-v2-development/uploads-productions-163902601530755924.jpg/640/640
433,실내화거치대,453586,디몬 하트 철제 실내화 슬리퍼 거치대 (4color 3켤레 수납),36800,58000,36800,,https://image.ohou.se/image/central_crop/bucketplace-v2-development/uploads-productions-159783298967380310.jpg/640/640
433,실내화거치대,1510650,거실 실내화 욕실화걸이 (ALL 화이트),5500,6900,5500,,https://image.ohou.se/image/central_crop/bucketplace-v2-development/uploads-productions-165967874962033087.JPG/640/640
433,실내화거치대,1343491,욕실화 걸이 슬리퍼 실내화 거치대 홀더 3colors,1450,3500,1450,1305.0,https://image.ohou.se/image/central_crop/bucketplace-v2-development/uploads-productions-165232528694856584.jpg/640/640
433,실내화거치대,3075510,원목 실내화거치대 선반형 거실 슬리퍼거치대 실내화 정리대 걸이 꽂이,32800,36900,32800,,https://prs.ohou.se/apne2/any/uploads/productions/v1-287200374579200.jpg?w=640
433,실내화거치대,543175,디몬 1단 틈새 철제 실내화 슬리퍼 걸이 거치대 꽂이 4colors,22800,38000,22800,,https://image.ohou.se/image/central_crop/bucketplace-v2-development/uploads-productions-160399038870674008.jpg/640/640
433,실내화거치대,3216961,3단 / 4단 실내화 슬리퍼 거치대 걸이 접이식,5690,9900,5690,,https://prs.ohou.se/apne2/any/uploads/productions/v1-312422459007040.png?w=640
433,실내화거치대,3182509,올스텐 304 무타공 욕실화 슬리퍼 걸이 2size,4900,6500,4900,,https://prs.ohou.se/apne2/any/uploads/productions/v1-308483353124864.jpg?w=640
433,실내화거치대,302056,모던 슬리퍼걸이 정리대 4단 2colors,14900,19900,14900,,https://image.ohou.se/image/central_crop/bucketplace-v2-development/uploads-productions-158925398037151176.jpg/640/640
433,실내화거치대,2885760,선반 실내화 거치대 황동 원목 슬리퍼 꽂이 거치대,65000,130000,65000,,https://image.ohou.se/image/central_crop/bucketplace-v2-development/uploads-openapi-4078469-1717572217287.jpg/640/640
433,실내화거치대,1306244,실내화 슬리퍼 욕실화 정리 거치대 걸이 정리대,4200,6600,4200,,https://prs.ohou.se/apne2/any/uploads/productions/v1-266978733703232.jpg?w=640
433,실내화거치대,3916613,2026 끝장할인 깔금 실내화 거치대 슬리퍼 정리대 거실 현관 거실화 걸이 실내화꽂이,16600,40000,16600,,https://prs.ohouse.com/apne2/any/uploads/productions/v1-458091319255104.jpg?w=640
433,실내화거치대,333949,미야우 슬리퍼꽂이 아이보리,19100,19900,19100,16235.0,https://image.ohou.se/image/central_crop/bucketplace-v2-development/uploads-productions-1590472478_100509_1.jpg/640/640
433,실내화거치대,3102250,벽걸이 실내화 수납 정리 거치대 욕실 수건걸이 주방 걸이 다용도 거치대,6500,9900,6500,5850.0,https://prs.ohou.se/apne2/any/uploads/productions/v1-292509322788864.jpg?w=640
433,실내화거치대,1472995,디몬 철제 선반 실내화 슬리퍼 거치대 (4color 2켤레 수납),34800,55000,34800,,https://image.ohou.se/image/central_crop/bucketplace-v2-development/uploads-productions-165820817906794141.jpg/640/640
433,실내화거치대,805300,거실 실내화 욕실화걸이,4900,5900,4900,,https://prs.ohou.se/apne2/any/uploads/productions/v1-355790830678016.jpg?w=640
433,실내화거치대,4008932,무타공 슬리퍼 거치대 욕실 신발 슬리퍼 걸이 실내화 정리대,7200,9000,7200,,https://image.ohou.se/image/central_crop/bucketplace-v2-development/uploads-openapi-11428378-1774428194991.jpg/640/640
